Nom du produit,Marque,Capacité,Référence,Type de disque,Prix,Site web,Catégorie
Seagate STKM1000400 disque dur externe 1000 Go Noir,Seagate,1 TB,STKM1000400,Disque dur de 2.5 pouces,57,bol.com,DISQUE DUR
Western Digital WD Elements Portable disque dur externe 1000 Go Noir,Western Digital,1 TB,WDBUZG0010BBK-EESN,Disque dur de 2.5 pouces,64,bol.com,DISQUE DUR
"DISQUE DUR EXTERNE - 320 GB - Unionsine® - (pour stocker photos, vidéos, documents, etc) - Garantie 2 ans",UnionSine,500 GB,8830-3,Disque dur de 2.5 pouces,32,bol.com,DISQUE DUR
"LaCie Rugged Mini disque dur externe 2000 Go Orange, Argent",LaCie,2 TB,LAC9000298,Disque dur de 2.5 pouces,133,bol.com,DISQUE DUR
"2 To, PS4/PS5, USB 3.0",Seagate,2 TB,STLV2000201,Disque dur de 3.5 pouces,109,bol.com,DISQUE DUR
Toshiba Canvio Basics 2 To (modèle 2022) Zwart,Toshiba,2 TB,HDTB520EK3AA,Disque dur de 2.5 pouces,77,bol.com,DISQUE DUR
Western Digital My Passport disque dur externe 2000 Go Noir,Western Digital,2 TB,WD my passport WDBYVG0020BBK-WESN,Disque dur de 2.5 pouces,79,bol.com,DISQUE DUR
"Seagate Game Drive STGD2000400 disque dur externe 2000 Go Noir, Bleu",Seagate,2 TB,STGD2000200,Disque dur de 3.5 pouces,99,bol.com,DISQUE DUR
Seagate Expansion Portable 500GB disque dur externe 500 Go Noir,Seagate,500 GB,STEA500400,Disque dur de 2.5 pouces,49,bol.com,DISQUE DUR
"Disque dur externe YAB® - 16 To - Externe - SSD - USB 3.1, haute vitesse, disque Solid haute vitesse pour ordinateur portable - PC",Merkloos / Sans marque,16 TB,E61,Disque dur de 2.5 pouces,179,bol.com,DISQUE DUR
"Intenso Memory Case 2.5"" USB 3.0 disque dur externe 500 Go Noir",Intenso,500 GB,6021530,Disque dur de 2.5 pouces,36,bol.com,DISQUE DUR
Western Digital WD Elements Desktop disque dur externe 4000 Go Noir,Western Digital,4 TB,WDBWLG0040HBK-EESN,Disque dur de 3.5 pouces,122,bol.com,DISQUE DUR
Toshiba Canvio Basics 1 To (modèle 2022) Zwart,Toshiba,1 TB,HDTB510EK3AA,Disque dur de 2.5 pouces,60,bol.com,DISQUE DUR
"DISQUE DUR EXTERNE - 500 GB - Unionsine ® - disque de stockage (pour stocker photos, vidéos, documents, etc) - win/mac/xbox/psx - hdd - Garantie 2 ans",UnionSine,500 GB,99735672828,Disque dur de 2.5 pouces,39,bol.com,DISQUE DUR
"Disque dur externe UNONSINE mini 160 GB (pour stocker photos, vidéos, documents, etc.) - boîtier noir",UnionSine,250 GB,nvt,Disque dur de 2.5 pouces,28,bol.com,DISQUE DUR
Seagate Expansion STEB6000403 disque dur externe 6000 Go Noir,Seagate,6 TB,STKP6000400,Disque dur de 3.5 pouces,132,bol.com,DISQUE DUR
"2 TB, 256MB cache,SATA III, 3.5"", 20.17x101.6x147 mm, 415 g",Seagate,2 TB,ST2000DM008,Disque dur de 3.5 pouces,74,bol.com,DISQUE DUR
Seagate Game Drive pour Xbox - Disque dur externe - 2 To,Seagate,2 TB,STKX2000400,Disque dur de 2.5 pouces,104,bol.com,DISQUE DUR
"4 To, 3.5"", SATA 6 Go/s, CMR",Western Digital,4 TB,WD40EFPX,Disque dur de 3.5 pouces,121,bol.com,DISQUE DUR
"Seagate IronWolf ST4000VN006, 3.5"", 4 To, 5400 tr/min",Seagate,4 TB,ST4000VN006,Disque dur de 3.5 pouces,114,bol.com,DISQUE DUR
Toshiba HDTB420EK3AA disque dur externe 2000 Go Noir,Toshiba,2 TB,HDTB320EK3CA,Disque dur de 2.5 pouces,79,bol.com,DISQUE DUR
"Disque dur externe YAB® - SSD externe - 8 To - USB 3.1, High Speed, Solid State Drive - Ordinateur portable - PC",Rood,8 TB,SSD-8T,Disque dur de 2.5 pouces,129,bol.com,DISQUE DUR
Western Digital My Passport disque dur externe 2000 Go Bleu,Western Digital,2 TB,WD my passport WDBYVG0020BBL-WESN,Disque dur de 2.5 pouces,79,bol.com,DISQUE DUR
"Intenso Memory Case 2.5"" USB 3.0, 1TB disque dur externe 1024 Go Noir",Intenso,1 TB,6021560,Disque dur de 2.5 pouces,64,bol.com,DISQUE DUR
"3.5"", 16TB, SATA III, 256Mo Cache, 7200 tr/min",Seagate,16 TB,ST16000NM001G,Disque dur de 3.5 pouces,325,bol.com,DISQUE DUR
Les Basics du Toshiba Canvio - 4 To,Toshiba,4 TB,HDTB540EK3CA,Disque dur de 2.5 pouces,111,bol.com,DISQUE DUR
VisiQuality Disque dur externe 500 Go - Disque dur portable USB3.1/ Type-C pour ordinateur portable et PC - Windows uniquement - Compact - Rouge,VisiQuality,1 TB,00,Disque dur de 2.5 pouces,49,bol.com,DISQUE DUR
VisiQuality Disque dur externe 500 Go - Disque dur portable USB3.1/ Type-C pour ordinateur portable et PC - Windows uniquement - Compact - Blauw,VisiQuality,1 TB,00,Disque dur de 2.5 pouces,49,bol.com,DISQUE DUR
Intenso Memory Center disque dur externe 3000 Go Noir,Intenso,3 TB,6031511,Disque dur de 3.5 pouces,82,bol.com,DISQUE DUR
VisiQuality Disque dur externe 500 Go - Disque dur portable USB3.1/ Type-C pour ordinateur portable et PC - Windows uniquement - Compact - Zwart,VisiQuality,1 TB,00,Disque dur de 2.5 pouces,49,bol.com,DISQUE DUR
Disque dur externe 500 GB - Disque dur externe,Cor.Speed,500 GB,-,Disque dur de 2.5 pouces,39,bol.com,DISQUE DUR
Seagate One Touch - Disque dur externe portable - Protection par mot de passe - 2 To - Rose,Seagate,2 TB,STKY2000405,Disque dur de 2.5 pouces,84,bol.com,DISQUE DUR
"Western Digital Purple WD43PURZ, 3.5"", 4 To, 5400 tr/min",Western Digital,4 TB,WD43PURZ,Disque dur de 3.5 pouces,103,bol.com,DISQUE DUR
Samsung Type-C 512 GB Flash Drive Clé flash SSD au détail 512 GB bleu MUF-512DA/APC USB-C®,Samsung,512 GB,MUF-512DA/APC,Disque dur de 2.5 pouces | Disque dur de 3.5 pouces,69,bol.com,DISQUE DUR
"Disque dur externe YAB® – SSD externe – 12 To – USB 3.1, haute vitesse, Solid – Drive portable – PC – Mac",Merkloos / Sans marque,12 TB,SSD-12T,Disque dur de 2.5 pouces,139,bol.com,DISQUE DUR
"Disque dur externe portable PS5 1 To - Disque dur externe fin adapté pour PS5/PS4/ PC - Stockage PS5 2,5 pouces Zwart",GUTEC,1 TB,8721022268033,Disque dur de 2.5 pouces,84,bol.com,DISQUE DUR
"MAXONE® Disque dur externe - Disque dur externe - Disque dur - Disque dur PS4 - SSD externe - Portable - 2,5 pouces - 500 Go - Compatible avec PC/ Ordinateur portable / PS4 / Xbox One - Plug And Play - USB 3.0 - USB 2.0",Merkloos / Sans marque,500 GB,Merkloos,Disque dur de 2.5 pouces,39,bol.com,DISQUE DUR
Seagate Expansion STEF1000401 disque dur externe 1000 Go Noir,Seagate,1 TB,STEA1000400,Disque dur de 2.5 pouces,69,bol.com,DISQUE DUR
Western Digital My Passport disque dur externe 4000 Go Rouge,,4 TB,WD my passport WDBPKJ0040BRD-WESN,Disque dur de 2.5 pouces,119,bol.com,DISQUE DUR
Voltano Blueendless - Disque dur externe compact 750 GB - Windows - Zwart - USB 3.0,Voltano,750 GB,8720153080293,Disque dur de 2.5 pouces,44,bol.com,DISQUE DUR
Intenso Memory Center disque dur externe 6000 Go Noir,Intenso,6 TB,6031514,Disque dur de 3.5 pouces,144,bol.com,DISQUE DUR
LaCie Mobile Drive (2022) disque dur externe 5000 Go Argent,LaCie,5 TB,STLP500040,Disque dur de 2.5 pouces,169,bol.com,DISQUE DUR
"Disque dur externe YAB® 2 To – Externe – SSD – USB 3.1, haute vitesse, disque Solid haute vitesse pour ordinateur portable – PC",Zwart,2 TB,E61,Disque dur de 2.5 pouces,89,bol.com,DISQUE DUR
"8To, 3.5"", SATA 6Gb/s",Seagate,8 TB,ST8000VN004,Disque dur de 3.5 pouces,207,bol.com,DISQUE DUR
Seagate Archive HDD Basic disque dur externe 1000 Go Argent,Seagate,1 TB,STJL1000400,Disque dur de 2.5 pouces,69,bol.com,DISQUE DUR
"Boîtier externe SSD 4smarts - Stockage 2 To - USB-C 3.2 Gen 2, 10 Gbps - Compatible avec MagSafe - Standard - Boîtier SSD pour MacBook, iPad Pro et Android, entre autres - Grijs",4Smarts,2 TB,541094,Disque dur de 2.5 pouces,39,bol.com,DISQUE DUR
"Seagate Barracuda ST8000DM004, 3.5"", 8 To, 5400 tr/min",Seagate,8 TB,ST8000DM004,Disque dur de 3.5 pouces,,bol.com,DISQUE DUR
Toshiba Canvio Ready disque dur externe 2000 Go Noir,Toshiba,2 TB,HDTP320EK3AA,Disque dur de 2.5 pouces,86,bol.com,DISQUE DUR
GRAUGEAR 4 To pour Playstation 4/5 - 3.2 Gen 2 (3.1 Gen 2) - USB-C,GrauGear,4 TB,G-3501-A-10G-4TB,Disque dur de 3.5 pouces,139,bol.com,DISQUE DUR
"Western Digital Red Plus WD20EFPX, 3.5"", 2 To, 5400 tr/min",Western Digital,2 TB,WD20EFPX,Disque dur de 3.5 pouces,95,bol.com,DISQUE DUR
Disque dur externe SSD portable Ultra Glance de Dutch Wanted - Vitesse d'écriture rapide de 550 Mo p/s - 500 Go de Solide SSD - Plug and play - Stockage portable - Stockage externe PC ou ordinateur portable - USB 3.2 - Extension de disque dur,Dutch Wanted,500 GB,2024-UG-500GB,Disque dur de 3.5 pouces,59,bol.com,DISQUE DUR
Western Digital My Book disque dur externe 6000 Go Noir,Western Digital,6 TB,WDBBGB0060HBK-EESN,Disque dur de 3.5 pouces,157,bol.com,DISQUE DUR
"2 TB, 2.5"", SATA 6 Gb/s, 5400 RPM, 140 MB/s, 128 MB, 7 mm",Seagate,2 TB,ST2000LM015,Disque dur de 2.5 pouces,83,bol.com,DISQUE DUR
"22 To, 3,5 pouces, 7 200 tr/min, SATA III, 512 Mo",Seagate,,ST22000NT001,Disque dur de 3.5 pouces,425,bol.com,DISQUE DUR
Western Digital WD5000LPLX - Disque dur interne - 500 Go,Western Digital,500 GB,WD5000LPLX,Disque dur de 2.5 pouces,20,bol.com,DISQUE DUR
Disque dur externe SSD portable haute performance Eaget M1 de Dutch Wanted - Vitesse 550 Mo p/s - 1 To de stockage SSD - Plug and play - Stockage portable - Stockage externe PC ou ordinateur portable - USB 3.2 - Extension de disque dur Ultra rapide,Dutch Wanted,1 TB,2024-M1-1000GB,Disque dur de 2.5 pouces,129,bol.com,DISQUE DUR
"Western Digital Purple WD23PURZ, 3.5"", 2 To",Western Digital,2 TB,WD23PURZ,Disque dur de 3.5 pouces,80,bol.com,DISQUE DUR
Seagate Game Drive Hub for Xbox disque dur externe 8000 Go Noir,Seagate,8 TB,STKW8000400,Disque dur de 3.5 pouces,224,bol.com,DISQUE DUR
"1 TB, 2.5"", SATA 6 Gb/s, 5400 RPM, 140 MB/s, 128 MB, 7 mm",Seagate,1 TB,ST1000LM048,Disque dur de 2.5 pouces,65,bol.com,DISQUE DUR
Disque dur externe PS5 [4 To] – Disque dur externe avec écran LED adapté pour PS5/PS4/ PC – Stockage PS5 avec USB 3.0,GUTEC,4 TB,8721022263137,Disque dur de 3.5 pouces,174,bol.com,DISQUE DUR
"8 To, USB 3.0, 41,9 x 125 x 178. 75 , Zwart",Seagate,8 TB,STKP8000400,Disque dur de 3.5 pouces,184,bol.com,DISQUE DUR
"Disque dur externe portable PS5 500 Go – Disque dur externe fin adapté pour PS5/PS4/ PC – Stockage PS5 2,5 pouces Zwart",GUTEC,500 GB,8721022262949,Disque dur de 2.5 pouces,59,bol.com,DISQUE DUR
"Western Digital Red Plus , 3.5"", 8 To, 5640 tr/min",Western Digital,8 TB,WD80EFPX,Disque dur de 3.5 pouces,208,bol.com,DISQUE DUR
"18 To, SATA 6 Gb/s, 26,11 x 101,85 x 146,99 mm, 670 g",Seagate,18 TB,ST18000NT001,Disque dur de 3.5 pouces,310,bol.com,DISQUE DUR
Seagate One Touch disque dur externe 2000 Go Bleu,Seagate,2 TB,STKY2000402,Disque dur de 2.5 pouces,84,bol.com,DISQUE DUR
"FIDECO Station d'accueil pour disque dur, disque dur externe USB 3.0 SATA pour HDD ou SSD SATA 2,5 et 3,5 pouces, prise en charge du clone hors ligne, lecteur de carte TF et SD et 2 disques durs de 18 To",fideco,18 TB,YPZ04-S2HC,Disque dur de 2.5 pouces | Disque dur de 3.5 pouces,114,bol.com,DISQUE DUR
Seagate One Touch Desktop - Disque dur externe de bureau - 8 To,Seagate,8 TB,STLC8000400,Disque dur de 2.5 pouces,172,bol.com,DISQUE DUR
"Seagate IronWolf ST3000VN006, 3.5"", 3 To, 5400 tr/min",Seagate,3 TB,ST3000VN006,Disque dur de 3.5 pouces,108,bol.com,DISQUE DUR
"Disque dur SEAGATE 500 Go 7200 tr / min 3,5 pouces SATA-6 GoPS (disque Seagate de l'unité HP) 680207-001",Seagate,500 GB,61290,Disque dur de 3.5 pouces,32,bol.com,DISQUE DUR
"Seagate IronWolf ST8000VN002, 3.5"", 8 To, 5400 tr/min",Seagate,8 TB,ST8000VN002,Disque dur de 3.5 pouces,197,bol.com,DISQUE DUR
Disque dur externe PS5 [2 To] – Disque dur externe avec écran LED adapté pour PS5/PS4/ PC – Stockage PS5 avec USB 3.0,GUTEC,3 TB,8721022262925,Disque dur de 3.5 pouces,139,bol.com,DISQUE DUR
"LaCie Rugged USB-C disque dur externe 5000 Go Gris, Jaune",LaCie,5 TB,STFR500800,Disque dur de 2.5 pouces,236,bol.com,DISQUE DUR
"Synology ?HAT3300-4T NAS 4TB SATA 3.5 HDD, 3.5"", 4,1 To, 5400 tr/min",Synology,4 TB,HAT3300-4T,Disque dur de 3.5 pouces,120,bol.com,DISQUE DUR
"6 To, SATA 6Gb/s, 3.5"", 7200 RPM",Western Digital,6 TB,WD6003FFBX,Disque dur de 3.5 pouces,239,bol.com,DISQUE DUR
Seagate One Touch disque dur externe 4000 Go Bleu,Seagate,4 TB,STKC4000402,Disque dur de 2.5 pouces,124,bol.com,DISQUE DUR
Disque dur externe PS5 [8 To] – Disque dur externe avec écran LED adapté pour PS5/PS4/ PC – Stockage PS5 avec USB 3.0,,8 TB,8721022263144,Disque dur de 3.5 pouces,279,bol.com,DISQUE DUR
Toshiba Canvio Ready disque dur externe 1000 Go Noir,Toshiba,1 TB,HDTP310EK3AA,Disque dur de 2.5 pouces,70,bol.com,DISQUE DUR
"Faites attention au type !! Boîtier USB 2.0 externe pour HDD dur SATA HDD 2,5 pouces Dimensions: 126 x 75 x 13 mm (noir)",Merkloos / Sans marque,,0,,14,bol.com,DISQUE DUR
Seagate One Touch disque dur externe 4000 Go Noir,Seagate,4 TB,STKZ4000400,Disque dur de 2.5 pouces,124,bol.com,DISQUE DUR
"3TB, 3.5"", SATA 6Gb/s, 5400 RPM",Western Digital,2 TB,WD30PURZ,Disque dur de 3.5 pouces,103,bol.com,DISQUE DUR
Disque dur externe Western Digital WDBWML0020BGY-WESN 2 To 3.2 Gen 1 (3.1 Gen 1),Western Digital,2 TB,WDBWML0020BGY-WESN,Disque dur de 2.5 pouces,109,bol.com,DISQUE DUR
"Seagate Barracuda Pro 2,5 pouces 1000 GB SATA III",Seagate,1 TB,ST1000LM049,Disque dur de 2.5 pouces,83,bol.com,DISQUE DUR
SanDisk G-DRIVE ArmorATD disque dur externe 5000 Go Noir,SanDisk Professional,5 TB,SDPH81G-005T-GBAND,Disque dur de 2.5 pouces,184,bol.com,DISQUE DUR
"Drive dur Seagate SkyHawk 2 To 3,5""",Seagate,2 TB,ST2000VX017,Disque dur de 3.5 pouces,70,bol.com,DISQUE DUR
Freecom Tough Drive disque dur externe 2000 Go Gris,Freecom,2 TB,56331,Disque dur de 2.5 pouces,113,bol.com,DISQUE DUR
"Seagate Enterprise Exos X20, 3.5"", 20 To, 7200 tr/min",Seagate,20 TB,ST20000NM004E,Disque dur de 3.5 pouces,379,bol.com,DISQUE DUR
Dutch Wanted Eaget M1 Disque dur externe SSD portable haute performance - Vitesse 550 Mo p/s - 250 Go de Solide SSD - Plug and play - Stockage portable - Stockage externe PC ou ordinateur portable - USB 3.2 - Extension de disque dur Ultra rapide,Dutch Wanted,250 GB,2024-M1-256GB,Disque dur de 2.5 pouces,49,bol.com,DISQUE DUR
"La station d'accueil pour disque dur est largement compatible avec Windows, Mac OS et Linux. Prise en charge des disques durs/ HDD SATA 2,5"" ou 3,5"". Il suffit de brancher et de jouer",Merkloos / Sans marque,12 TB,‎YPZ220C,Disque dur de 2.5 pouces | Disque dur de 3.5 pouces,56,bol.com,DISQUE DUR
"UnionSine HD3510 Disque dur externe portable 12 To 3,5 pouces USB3.2Gen 2 stockage HDD compatible pour PC, ordinateur de bureau, ordinateur portable (noir)",UnionSine,12 TB,HD3510,Disque dur de 3.5 pouces,394,bol.com,DISQUE DUR
"Disque dur externe YAB® 1 To – Externe – SSD – USB 3.1, haute vitesse, disque Solid haute vitesse pour ordinateur portable – PC",Zwart,1 TB,E61,Disque dur de 2.5 pouces,79,bol.com,DISQUE DUR
Mini disque dur - Portable - Stockage Solide 2 To - Zwart - Prend en charge USB 3.1 / Type-C / OTG pour un transfert haute vitesse - Convient pour PC Windows - Ordinateur,Merkloos / Sans marque,2 TB,Nvt,Disque dur de 2.5 pouces,78,bol.com,DISQUE DUR
Western Digital My Passport - Disque dur externe - 5 To Wit,Western Digital,5 TB,WD my passport WDBPKJ0050BWT-WESN,Disque dur de 2.5 pouces,142,bol.com,DISQUE DUR
"Knaak Cache disque dur 2,5 pouces - noir",Knaak,1 TB,-,Disque dur de 2.5 pouces,9,bol.com,DISQUE DUR
"2.5"", 2 TB, SATA III, 6 Go/s, SLC, 545 Mo/s, 69.85 x 100.5 x 7 mm, 32.7 g",Western Digital,2 TB,WDS200T2G0A,Disque dur de 2.5 pouces,122,bol.com,DISQUE DUR
"Synology HAT3300-2T disque dur interne 2 To 5400 tr/min 3,5' SATA III",Synology,2 TB,HAT3300-2T,Disque dur de 3.5 pouces,109,bol.com,DISQUE DUR
Drive dur externe Kioxia EXCERIA PLUS 1 To SSD,Kioxia,1 TB,LXD10S001TG8,Disque dur de 2.5 pouces,82,bol.com,DISQUE DUR
Verbatim Métal Mini 512 Go - SSD Externe - portable - USB-C 3.2 - 512 GB - Compatible Windows et Mac OS - noir,Verbatim,500 GB,32030,Disque dur de 2.5 pouces,65,bol.com,DISQUE DUR
"Seagate IronWolf ST6000VN006, 3.5"", 6 To, 5400 tr/min",Seagate,6 TB,ST6000VN006,Disque dur de 3.5 pouces,162,bol.com,DISQUE DUR
Intenso 6028680 disque dur externe 2000 Go Anthracite,Intenso,2 TB,6028680,Disque dur de 2.5 pouces,86,bol.com,DISQUE DUR
"UnionSine Disque dur externe externe 1 To Disque dur portable Ultra fin Câble USB Stockage HDD compatible pour PC, Mac, ordinateur portable, Xbox, Xbox One, PS4 (Zwart) HD-006 - 500 Go - Zwart",Merkloos / Sans marque,500 GB,6150801056066,Disque dur de 2.5 pouces,59,bol.com,DISQUE DUR
Disque dur externe portable / Blauw / Haute vitesse 1 To / Stockage de masse Mini/ Interface USB 3.0 pour Ordinateurs portables/ Ordinateur,Merkloos / Sans marque,1 TB,Nvt,Disque dur de 2.5 pouces,69,bol.com,DISQUE DUR
"1 TB, 6 Gb/s, 2.5"", 128 MB, 5400 RPM, 69.85 x 100.2 x 7 mm, 90 g",Western Digital,1 TB,WD10SPZX,Disque dur de 2.5 pouces,74,bol.com,DISQUE DUR
Western Digital WDBC3C0020BSL-WESN disque dur externe 2000 Go Argent,Western Digital,2 TB,WDBC3C0020BSL-WESN,Disque dur de 3.5 pouces,115,bol.com,DISQUE DUR
"Drive dur portable 350 Go AVEC boîtier Usb 3.0 Boîtier Sata Boîtier de disque dur externe mobile de 2,5 pouces avec sac d'emballage",Xtabarya,250 GB,DSFSD,Disque dur de 2.5 pouces,43,bol.com,DISQUE DUR
"8 TB, SATA 6Gb/s, 26.11 x 101.85 x 146.99 mm, 720 g",Seagate,8 TB,ST8000NT001,Disque dur de 3.5 pouces,232,bol.com,DISQUE DUR
"4 TB, 2.5"", SATA 6 Gb/s, 5400 RPM, 140 MB/s, 128 MB, 15 mm",Seagate,4 TB,ST4000LM024,Disque dur de 2.5 pouces,137,bol.com,DISQUE DUR
"Toshiba S300 Surveillance, 3.5"", 1 To, 5700 tr/min",TOSHIBA HDD,1 TB,HDWV110UZSVA,Disque dur de 3.5 pouces,56,bol.com,DISQUE DUR
"Toshiba P300 1TB, 3.5"", 1 To, 7200 tr/min",Toshiba,1 TB,AEBT05,Disque dur de 3.5 pouces,57,bol.com,DISQUE DUR
"Madame Boîtier de disque dur externe Jones USB 3.0 vers SATA III 5 Gbit/s - 7 mm 95 mm 2,5 pouces HDD SSD - accélération UASP sans outil - transparent.",Mrs. Jones,1.2 TB,0.1,Disque dur de 2.5 pouces | Disque dur de 3.5 pouces,42,bol.com,DISQUE DUR
"Seagate NAS HDD IronWolf, 3.5"", 12 To, 7200 tr/min",Seagate,12 TB,ST12000VN0008,Disque dur de 3.5 pouces,266,bol.com,DISQUE DUR
"4 TB, SATA 6Gb/s, 26.11 x 101.85 x 146.99 mm, 650 g",Seagate,4 TB,ST4000NT001,Disque dur de 3.5 pouces,157,bol.com,DISQUE DUR
Disque dur externe - 500 Go - Grijs,Merkloos / Sans marque,500 GB,-,Disque dur de 2.5 pouces,39,bol.com,DISQUE DUR
HOCO Portable D12 - SSD externe - 128 Go - SSD portable - Mini disque dur externe,Hoco,120 GB,-,Disque dur de 2.5 pouces,36,bol.com,DISQUE DUR
"Western Digital WD Red Plus, 3.5"", 10 To, 7200 tr/min",Western Digital,10 TB,WD101EFBX,Disque dur de 3.5 pouces,284,bol.com,DISQUE DUR
"WD Red Pro WD8005FFBX - Disque dur - 8 To - interne - 3.5"" - SATA 6Gbs - 7200 tr/min - buffer : 256 Mo",Western Digital,8 TB,WD8005FFBX,Disque dur de 3.5 pouces,259,bol.com,DISQUE DUR
"Western Digital WD64PURZ, 3.5"", 6 To, 5400 tr/min",Western Digital,6 TB,WD64PURZ,Disque dur de 3.5 pouces,152,bol.com,DISQUE DUR
Seagate Expansion STKN2000400 disque dur externe 2000 Go Noir,,2 TB,STKN2000400,Disque dur de 2.5 pouces,99,bol.com,DISQUE DUR
Disque dur externe DailySupplies® - Portable - Stockage 2 To - Argent,Brandless,2 TB,6152729529585,Disque dur de 2.5 pouces,159,bol.com,DISQUE DUR
Verbatim Disque dur portable sécurisé Store n Go avec accès par clavier 1 To,Verbatim,1 TB,53401,Disque dur de 2.5 pouces,97,bol.com,DISQUE DUR
"Verbatim Disque dur portable USB Store 'n' Go 3.0, 2 To, Argenté",Verbatim,2 TB,53189,Disque dur de 3.5 pouces,88,bol.com,DISQUE DUR
"1 TB, 2.5"", SATA 6Gb/s, 7200 RPM, 64 MB, 3.8 s, 100.2 x 69.85 x 7 mm",Western Digital,1 TB,WD10SPSX,Disque dur de 2.5 pouces,101,bol.com,DISQUE DUR
"Transcend StoreJet 25M3C disque dur externe 2000 Go Noir, Vert",Transcend,2 TB,TS2TSJ25M3C,Disque dur de 2.5 pouces,110,bol.com,DISQUE DUR
Seagate Ultra Touch - Disque dur externe portable - Protection par mot de passe - 4 To - Grijs,Seagate,4 TB,STMA4000400,Disque dur de 2.5 pouces,143,bol.com,DISQUE DUR
"Seagate FireCuda ST4000DXA05, 3.5"", 4 To, 7200 tr/min",Seagate,4 TB,ST4000DXA05,Disque dur de 3.5 pouces,149,bol.com,DISQUE DUR
Western Digital My Book Duo disque dur externe 24000 Go Noir,Western Digital,24 TB,WDBFBE0240JBK-EESN,Disque dur de 3.5 pouces,779,bol.com,DISQUE DUR
"6 TB, SATA 6Gb/s, 26.11 x 101.85 x 146.99 mm, 716 g",Seagate,6 TB,ST6000NT001,Disque dur de 3.5 pouces,219,bol.com,DISQUE DUR
Toshiba Canvio Advance disque dur externe 2000 Go Noir,Toshiba,2 TB,HDTCA20EK3AA,Disque dur de 2.5 pouces,90,bol.com,DISQUE DUR
Disque dur externe Seagate Basic 2000 Go Argent,Seagate,2 TB,STJL2000400,Disque dur de 2.5 pouces,84,bol.com,DISQUE DUR
"Toshiba P300, 3.5"", 2 To, 7200 tr/min",Toshiba,2 TB,HDWD320UZSVA,Disque dur de 3.5 pouces,67,bol.com,DISQUE DUR
"Western Digital WDBFTM0040BBL-WESN disque dur externe 4000 Go Noir, Bleu",Western Digital,4 TB,WDBFTM0040BBL-WESN,Disque dur de 3.5 pouces,171,bol.com,DISQUE DUR
"Western Digital Blue, 3.5"", 2 To, 5400 tr/min",Western Digital Blue,2 TB,WD20EZAZ,Disque dur de 3.5 pouces,72,bol.com,DISQUE DUR
WD - Western Digital WD Black Game Drive SSD D30 bureau 500 Go pour Xbox,Western Digital,500 GB,WDBAMF5000ABW-WESN,Disque dur de 3.5 pouces,99,bol.com,DISQUE DUR
"12TB, RED Pro 256MB, SATA 6Gb/s, 3.5-inch, 7200RPM",Western Digital,12 TB,WD121KFBX,Disque dur de 3.5 pouces,364,bol.com,DISQUE DUR
"8 To, 3.5"", SATA, 7200 rpm, 256 Mo cache",WD,8 TB,WD8001PURP,Disque dur de 3.5 pouces,243,bol.com,DISQUE DUR
Dutch Wanted Eaget Disque dur externe SSD portable - 2 To de stockage Solide - Vitesse d'écriture rapide - Plug and play - Stockage portable - Stockage externe PC ou ordinateur portable - USB 3.2 - Extension rapide du disque dur,Dutch Wanted,2 TB,2024-EG55-2000GB,Disque dur de 2.5 pouces,119,bol.com,DISQUE DUR
"Verbatim Disque dur portable USB Store 'n' Go 3.0, 1 To - Bleu",Verbatim,1 TB,53196,Disque dur de 2.5 pouces,71,bol.com,DISQUE DUR
"4TB, SATA 6Gb/s, HDD 3.5"", 256 MB, 5400 RPM",Western Digital RED,4 TB,WD40EFAX,Disque dur de 3.5 pouces,157,bol.com,DISQUE DUR
"UNIONSINE® Disque dur externe - Disque dur - Disque dur PS4 - Disque dur externe - Plug And Play - 500 Go - SSD externe - Portable - 2,5 pouces - Compatible avec Windows/Mac/Linux/Android/TV/ PC/Laptop/Ps4/ Xbox - USB 3.0 - USB 2.0 - Antidérapant",Merkloos / Sans marque,500 GB,Merkloos,Disque dur de 2.5 pouces,74,bol.com,DISQUE DUR
"4TB SATAIII, 6Gb/s, 3.5'', 64MB cache",Seagate,4 TB,Skyhawk,Disque dur de 3.5 pouces,148,bol.com,DISQUE DUR
"Synology ?HAT3300-6T NAS 6TB SATA 3.5 HDD, 3.5"", 6,14 To, 5400 tr/min",Synology,6 TB,HAT3300-6T,Disque dur de 3.5 pouces,183,bol.com,DISQUE DUR
Disque dur externe BMetics - Disque dur 500 Go - Zwart,Merkloos / Sans marque,500 GB,-,Disque dur de 2.5 pouces | Disque dur de 3.5 pouces,59,bol.com,DISQUE DUR
Toshiba Canvio Advance disque dur externe 1000 Go Rouge,Toshiba,1 TB,HDTCA10ER3AA,Disque dur de 2.5 pouces,73,bol.com,DISQUE DUR
Toshiba Canvio Basics 2TB disque dur externe 2000 Go Noir,Toshiba,2 TB,HDTB320EK3CA,Disque dur de 2.5 pouces,101,bol.com,DISQUE DUR
"Seagate Enterprise ST18000NM004J, 3.5"", 18 To, 7200 tr/min",Seagate,18 TB,ST18000NM004J,Disque dur de 3.5 pouces,357,bol.com,DISQUE DUR
Étui de transport pour disque dur externe avec Protection contre les chocs-étui de protection étanche pour disque dur EVA - Zwart,Merkloos / Sans marque,1 TB,1,Disque dur de 2.5 pouces,62,bol.com,DISQUE DUR
Disque dur 2.4 To SAS 12G Mission Critical 10 000 tr/min Petit facteur de forme (2.5 pouces) BC 512e ISE,HPE,2 TB,P28352-B21,Disque dur de 2.5 pouces,384,bol.com,DISQUE DUR
"16 TB, 1x USB 3.1 Type-C, 440 MB/s, 217x118x88.5 mm, 2.9 kg",LaCie,16 TB,STHJ160008,Disque dur de 3.5 pouces | Disque dur de 2.5 pouces,886,bol.com,DISQUE DUR
"16 TB, SATA 6Gb/s, 26.11 x 101.85 x 146.99 mm, 670 g",Seagate,16 TB,ST16000NT001,Disque dur de 3.5 pouces,362,bol.com,DISQUE DUR
"Synology Plus Series HAT3310-12T - Disque dur - 12 To - interne - 3.5"" - SATA 6Gbs - 7200 tr/min - 260 Mo/s",Synology,12 TB,HAT3310-12T,Disque dur de 3.5 pouces,326,bol.com,DISQUE DUR
Madame Le disque dur externe Jones Cable prend en charge le disque dur HDD-SDD USB3. 0 Câble de conversion de lecture haute vitesse avec boîtier de protection - Wit .,Mrs. Jones,1.2 TB,0.1,Disque dur de 2.5 pouces | Disque dur de 3.5 pouces,57,bol.com,DISQUE DUR
"Synology Plus HDD 16 To 3,5 Zoll SATA HAT3310-16T",Synology,16 TB,HAT3310-16T,Disque dur de 3.5 pouces,398,bol.com,DISQUE DUR
"1TB, 3.5"", SATA 6Gb/s, 7200 RPM, 128MB Cache",Western Digital,1 TB,WD1005FBYZ,Disque dur de 3.5 pouces,110,bol.com,DISQUE DUR
"Toshiba MG Series, 3.5"", 20 To, 7200 tr/min",Toshiba,20 TB,MG10ACA20TE,Disque dur de 3.5 pouces,365,bol.com,DISQUE DUR
Symply SPARK XT Desktop 8 baies Thunderbolt 3 RAID 112 To inc HardCase 5Yr (SY-SYSPK-DX88MAT3112),symply,120 TB,SYSPK-DX88MAT3112,Disque dur de 2.5 pouces,9799,bol.com,DISQUE DUR
"UnionSine Disque dur externe externe 1 To Disque dur portable Ultra fin Câble USB Stockage HDD compatible pour PC, Mac, ordinateur portable, Xbox, Xbox One, PS4 (Zwart) HD-006 - 500 Go - Blauw",Merkloos / Sans marque,500 GB,6150807037014,Disque dur de 2.5 pouces,59,bol.com,DISQUE DUR
Madame Jones SATA vers USB - Câble tressé en nylon - Adaptateur convertisseur de disque dur SATA 25 pouces - Transfert de données SSD/ HDD .,Mrs. Jones,1.2 TB,0.1,Disque dur de 2.5 pouces | Disque dur de 3.5 pouces,44,bol.com,DISQUE DUR
"8TB, 3.5"", SATA 6Gb/s, 128MB, 5640 rpm",Western Digital,8 TB,WD84PURZ,Disque dur de 3.5 pouces,259,bol.com,DISQUE DUR
"Verbatim Disque dur portable USB Store 'n' Go 3.0, 1 To, noir",Verbatim,1 TB,53023,Disque dur de 3.5 pouces,71,bol.com,DISQUE DUR
SanDisk G-DRIVE disque dur externe 12000 Go Acier inoxydable,SanDisk Professional,12 TB,SDPHF1A-012T-MBAAD,Disque dur de 3.5 pouces,439,bol.com,DISQUE DUR
Toshiba P300 - Disque dur interne - 2 TB,Toshiba,2 TB,6013715328356,Disque dur de 3.5 pouces,94,bol.com,DISQUE DUR
Drive dur externe Dual USB-C Oyen Digital Avastor HDX PRO C 10 To avec boîtier de verrouillage (HDXP-C-10TB- LB),Oyen Digital,10 TB,HDXP-C-10T-LB,Disque dur de 3.5 pouces,504,bol.com,DISQUE DUR
"22To, USB 3.0/USB 2.0, AES 256 bits",Western Digital,,WDBBGB0220HBK-EESN,Disque dur de 3.5 pouces,539,bol.com,DISQUE DUR
"Verbatim Disque dur portable USB Store 'n' Go 3.0, 2 To, noir",Verbatim,2 TB,VB-53177,Disque dur de 2.5 pouces,83,bol.com,DISQUE DUR
"Seagate Barracuda 6TB, 3.5"", 6 To, 5400 tr/min",Seagate,6 TB,8719706004626,Disque dur de 3.5 pouces,167,bol.com,DISQUE DUR
SanDisk Professional G-DRIVE ArmorLock SSD 1 To 1 000 Mo/s USB-C 10 Gbit/s SSD NVMe portable chiffré Ultra robuste (SDPS41A-001T-GBANB),SanDisk Professional,1 TB,SDPS41A-001T-GBANB,Disque dur de 2.5 pouces,316,bol.com,DISQUE DUR
Toshiba Canvio Slim disque dur externe 2000 Go Argent,Toshiba,2 TB,HDTD320ES3EA,Disque dur de 2.5 pouces,121,bol.com,DISQUE DUR
"iStorage diskAshur DT 2 disque dur externe 2000 Go Noir, Graphite",iStorage,2 TB,IS-DT2-256-2000-C-G,Disque dur de 3.5 pouces,263,bol.com,DISQUE DUR
Vis pour support disque dur Playstation 4 Slim/ Pro,ConsoleFixit,1 TB,6150629643660,Disque dur de 2.5 pouces,7,bol.com,DISQUE DUR
"6To, 3.5"", SATA III, 6 Gbps, 7200 RPM, 256MB",Toshiba,6 TB,HDWG160EZSTA,Disque dur de 3.5 pouces,175,bol.com,DISQUE DUR
Disque dur externe portable / Zwart / Haute vitesse 1 To / Stockage de masse Mini/ Interface USB 3.0 pour Ordinateurs portables/ Ordinateur,Merkloos / Sans marque,1 TB,Geen,Disque dur de 2.5 pouces,69,bol.com,DISQUE DUR
Madame Boîtier de disque dur Jones pour 2 disques durs - Noir avec boîtier de disque dur externe portable USB 2.5 pour 1/2/3/4 To - 2021 .,Mrs. Jones,1.2 TB,0.1,Disque dur de 2.5 pouces | Disque dur de 3.5 pouces,60,bol.com,DISQUE DUR
SSD externe Vx500 USB 3.1 Gen 2 2 To externe,Verbatim,2 TB,47454/OT1,,124,bol.com,DISQUE DUR
Western Digital My Passport disque dur externe 1000 Go Noir,Western Digital,1 TB,WDBYNN0010BBK-WESN,Disque dur de 2.5 pouces,199,bol.com,DISQUE DUR
Western Digital My Passport Ultra - Compatible Mac - Disque dur externe - Argent - 6 To,Western Digital,6 TB,WDBGKC0060BSL-WESN,Disque dur de 3.5 pouces,235,bol.com,DISQUE DUR
iStorage iStorageAshur M2 - disque dur externe - SSD M2 - 1 To - USB - 256 bits - Zwart,iStorage,1 TB,IS-DAM2-256-1000,Disque dur de 2.5 pouces,254,bol.com,DISQUE DUR
"500Go, 3.5"", SATA 6Gb/s, 5400 RPM, 64Mo",Western Digital,500 GB,WD5000AZRZ,Disque dur de 3.5 pouces,47,bol.com,DISQUE DUR
Verbatim Store 'n' Save disque dur externe 6000 Go Noir,Verbatim,6 TB,47686,Disque dur de 3.5 pouces,179,bol.com,DISQUE DUR
Verbatim Store 'n' Save 2 To USB 3.0,Verbatim,2 TB,VB-47683,Disque dur de 3.5 pouces,90,bol.com,DISQUE DUR
"Disque dur externe Disque dur externe portable Ultra fin de 500 Go Câble USB Stockage HDD compatible pour PC, Mac, ordinateur portable, Xbox, Xbox One, PS4 (Zwart) HD-006 - 500 Go - Blauw",Merkloos / Sans marque,1 TB,x,Disque dur de 2.5 pouces,89,bol.com,DISQUE DUR
Disque dur externe - 320 GB - Argent,Merkloos / Sans marque,320 GB,-,Disque dur de 2.5 pouces,54,bol.com,DISQUE DUR
"S300 Surveillance, 8 TB, 3.5"", 6 Gbit/s, 7200 tpm, 256 MB, 4.17 ms, 5V DC, 147x101.85x26.1 mm",Toshiba,8 TB,HDWT380UZSVA,Disque dur de 3.5 pouces,204,bol.com,DISQUE DUR
Oyen Digital Avastor HDX PRO C Drive dur externe Dual USB-C 8 To avec LockBox (HDXP-C-8TB LB),Oyen Digital,8 TB,HDXP-C-8T-LB,Disque dur de 3.5 pouces,430,bol.com,DISQUE DUR
Apricorn Aegis Fortress FIPS Niveau 3 - HDD externe - 5 To,Apricorn,5 TB,AFL3-5TB,Disque dur de 2.5 pouces,515,bol.com,DISQUE DUR
Disque dur Western Digital Purple WD85PURZ 8 To 5 400 tr/min 256 Mo SATA III,Western Digital,8 TB,WD85PURZ,Disque dur de 3.5 pouces,209,bol.com,DISQUE DUR
"16To, Standard Model FastFormat, 12Gb/s SAS, 7200RPM, 256MB Cache",Seagate,16 TB,ST16000NM004J,Disque dur de 3.5 pouces,349,bol.com,DISQUE DUR
"1 TB, 256MB cache, SATA III, 3.5"", 20.17x101.6x147 mm, 415 g",Seagate,1 TB,ST1000DM014,Disque dur de 3.5 pouces,72,bol.com,DISQUE DUR
Oyen Digital Novus 16 To Disque dur de bureau externe robuste USB-C - Compatible PS4,Oyen Digital,16 TB,3N1-C-16T-BL,Disque dur de 3.5 pouces,516,bol.com,DISQUE DUR
"2 To, 3.5"", SATA 6Gb/s, 7200 RPM, 128Mo",Western Digital,2 TB,WD2005FBYZ,Disque dur de 3.5 pouces,151,bol.com,DISQUE DUR
Gembird HD32-U2S-5,xxlshop,1 TB,HD32-U2S-5,Disque dur de 2.5 pouces | Disque dur de 3.5 pouces,26,bol.com,DISQUE DUR
"Disque dur Seagate Exos 7E8 4 To (3,5"") SAS 12 Gb/s ST4000NM003A en Bulk",Seagate,4 TB,ST4000NM003A,Disque dur de 3.5 pouces,130,bol.com,DISQUE DUR
"LC-DOCK- U3-VI Station d'accueil et de copie, 2x SATA 2,5""/3,5"", USB 3.0",Lc-Power,40 TB,LC-DOCK-U3-VI,Disque dur de 2.5 pouces | Disque dur de 3.5 pouces,36,bol.com,DISQUE DUR
"Kioxia EXCERIA G2, 1 To, M.2, 2100 Mo/s, 32 Gbit/s",Kioxia,1 TB,LRC20Z001TG8,Disque dur de 2.5 pouces | Disque dur de 3.5 pouces,63,bol.com,DISQUE DUR
"2 To, 3.5"", SATA 6Gb/s, 7200 RPM, 64Mo",Western Digital,2 TB,WD2003FZEX,Disque dur de 3.5 pouces,178,bol.com,DISQUE DUR
Western Digital My Book Duo - Disque dur externe - 44 To,Western Digital,44 TB,WDBFBE0440JBK-EESN,Disque dur de 3.5 pouces,1798,bol.com,DISQUE DUR
"Western Digital Red Pro disque dur interne 24 To 7200 pouces min 512 Mo 3,5 pouces SATA",Western Digital,24 TB,WD240KFGX,Disque dur de 3.5 pouces,725,bol.com,DISQUE DUR
Toshiba Canvio Advance disque dur externe 4000 Go Blanc,Toshiba,4 TB,HDTCA40EW3CA,Disque dur de 2.5 pouces,127,bol.com,DISQUE DUR
Drive dur Seagate EXOS 7E10 8 To,Seagate,8 TB,ST8000NM017B,Disque dur de 3.5 pouces,204,bol.com,DISQUE DUR
"Disques durs de surveillance optimisés pour l'intelligence artificielle, 3.5"", 8 TB, 256 Mb, 235 MB/s, SATA III, 550 TB/yr",Seagate,8 TB,ST8000VE001,Disque dur de 3.5 pouces,226,bol.com,DISQUE DUR
USB3. 0 à câble 25 pouces câble HDD transfert de données disque dur convertisseur de disque pour Ordinateur PC disque dur SSD externe 25 pouces 150 Mo/s - transfert de données par câble USB.,Merkloos / Sans marque,1 TB,99,Disque dur de 3.5 pouces,41,bol.com,DISQUE DUR
"Disque dur externe portable 100 Go - USB 2.0 - Vitesse, polyvalence et fiabilité pour toutes vos données - Compatible avec MAC, PC, ordinateur portable et plus - Zwart",Merkloos / Sans marque,120 GB,0,Disque dur de 2.5 pouces,43,bol.com,DISQUE DUR
"Digittrade RS256 1000 Go 3,5 pouces SATA II",DIGITTRADE,1 TB,DG-RS256-1000SSD,Disque dur de 2.5 pouces,89,bol.com,DISQUE DUR
Disque dur externe DailySupplies® - Portable - Stockage 1 To - Zwart,DailySupplies®,1 TB,6150714613615,Disque dur de 2.5 pouces,129,bol.com,DISQUE DUR
Madame Disque dur crypté Jones USB 3.0 3 To Disque dur sécurisé portable SATA Accès par mot de passe Matériel Boîtier de disque externe crypté.,Mrs. Jones,1.2 TB,0.1,Disque dur de 2.5 pouces | Disque dur de 3.5 pouces,85,bol.com,DISQUE DUR
Disque dur externe de bureau robuste USB-C Oyen Digital Novus de 22 To (3N1-C-22T- BL),Oyen Digital,,3N1-C-22T-BL,Disque dur de 3.5 pouces,730,bol.com,DISQUE DUR
"6 To, 3,5"", SATA 6 Gb/s, CMR",Western Digital,6 TB,WD60EFPX,Disque dur de 3.5 pouces,181,bol.com,DISQUE DUR
"Western Digital Laptop Everyday, 2.5"", 500 Go, 5400 tr/min",Western Digital,500 GB,WDBMYH5000ANC-ERSN,Disque dur de 2.5 pouces,46,bol.com,DISQUE DUR
"2 TB, SATA 6Gb/s, 26.11 x 101.85 x 146.99 mm, 620 g",Seagate,2 TB,ST2000NT001,Disque dur de 3.5 pouces,141,bol.com,DISQUE DUR
"M.2, 2000 gb, SATA 6GB/s, 2.5"", 560 / 530 MB/s",Western Digital,2 TB,WDS200T1R0B,Disque dur de 2.5 pouces,180,bol.com,DISQUE DUR
Disque dur externe 5 To,Merkloos / Sans marque,5 TB,-,Disque dur de 2.5 pouces,1564,bol.com,DISQUE DUR
Drive dur MSI SPATIUM M371 NVME M.2 500 GB,MSI,500 GB,SPATIUMM371,Disque dur de 2.5 pouces,54,bol.com,DISQUE DUR
SanDisk G-DRIVE disque dur externe 22000 Go Acier inoxydable,SanDisk Professional,,SDPHF1A-022T-MBAAD,Disque dur de 3.5 pouces,797,bol.com,DISQUE DUR
"6 To, 7200 tr/mn, Thunderbolt 3, USB-C 3.2 Gen 2",SanDisk Professional,6 TB,SDPHG1H-006T-MBAAD,Disque dur de 3.5 pouces,445,bol.com,DISQUE DUR
"HDD dur 8 To SATA HAT3310-8T 3,5 PO",Synology,8 TB,HAT3310-8T,Disque dur de 3.5 pouces,242,bol.com,DISQUE DUR
Western Digital My Passport - Compatible Mac - Disque dur externe - Blauw - 6 To,Western Digital,6 TB,WDBK6C0060BBL-WESN,Disque dur de 2.5 pouces,209,bol.com,DISQUE DUR
"Lenovo 7N47A00129, 32 Go, M.2, 260 Mo/s, 6 Gbit/s",Lenovo,320 GB,7N47A00129,Disque dur de 2.5 pouces,40,bol.com,DISQUE DUR
"Seagate One Touch Portable 2 To Disque dur externe (2,5 pouces) USB 3.2 Gen 1 (USB 3.0) Bleu clair STKB2000402",Seagate,2 TB,STKB2000402,Disque dur de 2.5 pouces,95,bol.com,DISQUE DUR
"Station d'accueil pour disque dur, station d'accueil pour disque dur externe USB 3.0 vers SATA pour HDD dur ou SSD SATA 2,5 et 3,5 pouces, prise en charge du clonage hors ligne, lecteur de carte TF et SD",Merkloos / Sans marque,,YPZ04-S2,Disque dur de 2.5 pouces | Disque dur de 3.5 pouces,67,bol.com,DISQUE DUR
Disque dur externe - Disque dur - 1 To - Portable - Disque dur externe - Must pour toutes vos photos et fichiers supplémentaires !,Merkloos / Sans marque,1 TB,-,Disque dur de 2.5 pouces,112,bol.com,DISQUE DUR
"Synology HAT5300, 3.5"", 12 To, 7200 tr/min",Synology,12 TB,HAT5300-12T,Disque dur de 3.5 pouces,499,bol.com,DISQUE DUR
"SureFire Gaming disque dur externe 2000 Go Noir, Gris",Surefire Gaming,2 TB,53682,Disque dur de 2.5 pouces,99,bol.com,DISQUE DUR
iStorage diskAshur DT3 HDD – disque dur externe – 24 To – USB – 256 bits – Zwart,iStorage,24 TB,IS-DT3-256-24000-F,Disque dur de 3.5 pouces,1880,bol.com,DISQUE DUR
"Lenovo 7XB7A00055, 3.5"", 1 To, 7200 tr/min",Lenovo,1 TB,7XB7A00055,Disque dur de 3.5 pouces,65,bol.com,DISQUE DUR
Disque SSD interne Crucial CT1000T705SSD3 1 To M.2 PCI Express 5.0 NVMe,Crucial,1 TB,CT1000T705SSD3,Disque dur de 2.5 pouces,163,bol.com,DISQUE DUR
Baie de Drive USB-C Fortis 5C 5 baies Oyen Digital 100 To (5FU3-C-100T),Oyen Digital,120 TB,5FU3-C-100T,Disque dur de 3.5 pouces,3148,bol.com,DISQUE DUR
"4 To, 3.5"", SATA 6Gb/s, 7200 RPM, 256Mo",Western Digital,4 TB,WD4005FZBX,Disque dur de 3.5 pouces,234,bol.com,DISQUE DUR
Baie de Drive durs Oyen Digital Mobius 2C RAID 2 baies USB-C 24 To,Oyen Digital,32 TB,3R2C-32T,Disque dur de 3.5 pouces,1093,bol.com,DISQUE DUR
"HPE P09722-B21, 1,92 To, 2.5"", 535 Mo/s, 6 Gbit/s",Hewlett Packard Enterprise,2 TB,P09722-B21,Disque dur de 2.5 pouces,649,bol.com,DISQUE DUR
iStorage iStorageAshur Pro2 SSD - disque dur externe - 8 To - SSD - Code numérique - Zwart - Graphite,iStorage,8 TB,IS-DAP2-256-SSD-8000-C-G,Disque dur de 2.5 pouces,2099,bol.com,DISQUE DUR
Oyen Digital Avastor HDX PRO C Drive dur externe Dual USB-C 18 To avec LockBox (HDXP-C-18TB- LB),Oyen Digital,18 TB,HDXP-C-18T-LB,Disque dur de 3.5 pouces,634,bol.com,DISQUE DUR
Toshiba Canvio Advance disque dur externe 1000 Go Noir,Toshiba,1 TB,HDTCA10EK3AA,Disque dur de 2.5 pouces,73,bol.com,DISQUE DUR
"HGST Ultrastar C10K1800 1,2 To 2,5 pouces 1200 Go SAS",HGST,1.2 TB,0B27977,Disque dur de 3.5 pouces,487,bol.com,DISQUE DUR
iStorage diskAshur 2 disque dur externe 5000 Go Noir,iStorage,5 TB,IS-DA2-256-5000-B,Disque dur de 2.5 pouces,609,bol.com,DISQUE DUR
Symply SPARK Desktop 8 baies Thunderbolt 3 RAID 112 To inc HardCase 5Yr (SY-SYSPK-DX88HDT3112),symply,120 TB,SYSPK-DX88HDT3112,Disque dur de 2.5 pouces,7984,bol.com,DISQUE DUR
Madame Jones Housse de protection disque dur externe 25 pouces - portable - antichoc - coque rigide - noir.,Mrs. Jones,1.2 TB,0.1,Disque dur de 2.5 pouces | Disque dur de 3.5 pouces,40,bol.com,DISQUE DUR
"Disque dur interne Western Digital Blue WD20EARZ 2 To 5400 tr/min 64 Mo 3,5"" SATA III",Western Digital,2 TB,WD20EARZ,Disque dur de 3.5 pouces,88,bol.com,DISQUE DUR
"Western Digital Red Pro, 3.5"", 16 To, 7200 tr/min",Western Digital RED,16 TB,WD161KFGX,Disque dur de 3.5 pouces,440,bol.com,DISQUE DUR
"500Go, 3.5"", SATA 6Gb/s, 7200 RPM, 32Mo",Western Digital,500 GB,WD5000AZLX,Disque dur de 3.5 pouces,64,bol.com,DISQUE DUR
Drive dur portable robuste Oyen Digital 8 To MiniPro V4 RAID USB-C,Oyen Digital,8 TB,2RV4-HD-8T,Disque dur de 2.5 pouces,452,bol.com,DISQUE DUR
Disque dur externe portable HDD - Blauw - 1 To - Flash USB 3.0 pour ordinateur portable PC MacBook PS4 PS5,Merkloos / Sans marque,1 TB,Nvt,Disque dur de 2.5 pouces,109,bol.com,DISQUE DUR
"6TB, 3.5"", SATA 6Gb/s, 5400 RPM, 256Mo",Western Digital Blue,6 TB,0718037855684,Disque dur de 3.5 pouces,272,bol.com,DISQUE DUR
"Seagate ST22000NM000E disque dur interne 22 To 7200 tr/min 512 Mo 3,5"" SAS",Seagate,,ST22000NM000E,Disque dur de 3.5 pouces,528,bol.com,DISQUE DUR
"Synology HAT5300-4T, 3.5"", 4 To, 7200 tr/min",Synology,4 TB,HAT5300-4T,Disque dur de 3.5 pouces,229,bol.com,DISQUE DUR
"Transcend SSD 512 Go ESD310P portable, USB 10 Gbit/s, Type-C/A",Transcend,512 GB,TS512GESD310P,Disque dur de 2.5 pouces,69,bol.com,DISQUE DUR
Drive dur Seagate ST1000VN008 1 To SSD,Seagate,1 TB,ST1000VN008,Disque dur de 3.5 pouces,79,bol.com,DISQUE DUR
HP 2TB 6G SATA 7.2K rpm SFF (2.5-inch) SC 512e 1yr Warranty Hard Drive,HPE,2 TB,765455-B21,Disque dur de 2.5 pouces,489,bol.com,DISQUE DUR
Seagate One Touch disque dur externe 2000 Go Argent,Seagate,2 TB,STKB2000401,Disque dur de 2.5 pouces,106,bol.com,DISQUE DUR
"16 To, 7200 tr/mn, 2x Thunderbolt 3",SanDisk Professional,16 TB,SDPHH2H-016T-MBAAD,Disque dur de 3.5 pouces,1019,bol.com,DISQUE DUR
Disque HDD SecureDrive KP 2 To - Code PIN - FIPS 140-2 niveau 3 validé,SecureDrive,2 TB,SD-KP-12-BL2000GB,Disque dur de 2.5 pouces,472,bol.com,DISQUE DUR
Disque dur externe - Disque dur 2 To - Portable/2 To,Merkloos / Sans marque,2 TB,-,Disque dur de 2.5 pouces,,bol.com,DISQUE DUR
"Western Digital Gold, 3.5"", 8 To, 7200 tr/min",Western Digital,8 TB,WD8004FRYZ,Disque dur de 3.5 pouces,,bol.com,DISQUE DUR
Disque dur RAID Digital Oyen 50 To Mobius 5 baies FW800 eSATA Drive 3.0 RAID Disque dur externe - 3R5-EB3-50TB,Oyen Digital,50 TB,3R5-EB3-50TB,Disque dur de 3.5 pouces,2200,bol.com,DISQUE DUR
Baie de Drive durs Oyen Digital Mobius 2C RAID 2 baies USB-C 16 To,Oyen Digital,24 TB,3R2C-24T,Disque dur de 3.5 pouces,967,bol.com,DISQUE DUR
Disque dur interne Seagate ST10000VN000,Seagate,10 TB,ST10000VN000,Disque dur de 3.5 pouces,299,bol.com,DISQUE DUR
Disque dur externe 500 Go - Pour PS5/PS4/ PC - Fin et portable,Merkloos / Sans marque,500 GB,8721022262949,Disque dur de 2.5 pouces,81,bol.com,DISQUE DUR
"Western Digital Blue Purple, 3.5"", 3 To, 5400 tr/min",Western Digital,3 TB,WD33PURZ,Disque dur de 3.5 pouces,121,bol.com,DISQUE DUR
"500 GB, 2.5"", SATA 6 Gb/s, 5400 RPM, 140 MB/s, 128 MB, 7 mm",Seagate,500 GB,ST500LM030,Disque dur de 2.5 pouces,59,bol.com,DISQUE DUR
"Crucial CT2000T705SSD5, 2 To, M.2, 14 500 Mo/s",Crucial,2 TB,CT2000T705SSD5,Disque dur de 2.5 pouces,312,bol.com,DISQUE DUR
iStorage iStorageAshur2 SSD - disque dur externe - 16 To - SSD - Code numérique - Zwart,iStorage,16 TB,IS-DA2-256-SSD-16000-B,Disque dur de 2.5 pouces,4451,bol.com,DISQUE DUR
Disque dur externe Solacis - Disque dur - 12 To - Portable - Disque dur externe - Must pour toutes vos photos et fichiers supplémentaires !,Solacis,12 TB,-,Disque dur de 3.5 pouces,689,bol.com,DISQUE DUR
"MediaRange USB 3.0 HDD 1TB, 1 To, 2.5"", 3.2 Gen 1 (3.1 Gen 1), 5400 tr/min, Argent",MediaRange,1 TB,MR996,Disque dur de 2.5 pouces,64,bol.com,DISQUE DUR
"Synology HAT5300, 3.5"", 8 To, 7200 tr/min",Synology,8 TB,HAT5300-16T,Disque dur de 3.5 pouces,583,bol.com,DISQUE DUR
Disque dur externe Solacis - Disque dur - 18 To - Portable - Disque dur externe - Must pour toutes vos photos et fichiers supplémentaires !,Solacis,18 TB,-,Disque dur de 3.5 pouces,1029,bol.com,DISQUE DUR
"Madame Jones Disque dur externe USB 1,44 Mo pour ordinateur portable, disquette portable FDD, lecteur DVD résistant aux chocs, lecteur CD, Drive de disquette USB à usage général, Zwart .",Mrs. Jones,1.2 TB,0.1,Disque dur de 2.5 pouces | Disque dur de 3.5 pouces,69,bol.com,DISQUE DUR
"Lenovo 4XB7A13633, 240 Go, 2.5"", 560 Mo/s, 6 Gbit/s",Lenovo,256 GB,4XB7A13633,Disque dur de 2.5 pouces,90,bol.com,DISQUE DUR
Disque dur externe portable - Zwart - 1 To - HDD USB 3.0 Flash drive Pour ordinateur portable PC MacBook PS4 PS5,Merkloos / Sans marque,1 TB,Nvt,Disque dur de 2.5 pouces,109,bol.com,DISQUE DUR
Verbatim 53653 disque dur externe 2000 Go Gris,Verbatim,2 TB,53653,Disque dur de 2.5 pouces,133,bol.com,DISQUE DUR
"Apricorn Aegis Bio USB3.0 1TB, 1 To, 3.2 Gen 1 (3.1 Gen 1), 5400 tr/min, Noir",Apricorn,1 TB,A25-3BIO256-1000,Disque dur de 2.5 pouces,199,bol.com,DISQUE DUR
StarTech.com Carte d'interface 35BAYCF2IDE / adaptateur CF interne,Startech,,35BAYCF2IDE,,35,bol.com,DISQUE DUR
Disque dur externe 3 To - Affichage LED - USB 3.0 - Pour PS5/PS4/ PC,Merkloos / Sans marque,3 TB,8721022262925,Disque dur de 3.5 pouces,158,bol.com,DISQUE DUR
"Western Digital Red WD142KFGX, 3.5"", 14 To, 7200 tr/min",Western Digital,14 TB,WD142KFGX,Disque dur de 3.5 pouces,376,bol.com,DISQUE DUR
"Seagate SkyHawk , 3.5"", 2 To",Seagate,2 TB,ST2000VX017,Disque dur de 3.5 pouces,77,bol.com,DISQUE DUR
"Western Digital WD181KRYZ, 3.5"", 18 To, 7200 tr/min",Western Digital,18 TB,0718037875804,Disque dur de 3.5 pouces,472,bol.com,DISQUE DUR
"Western Digital Ultrastar DC HC550, 3.5"", 16 To, 7200 tr/min",Western Digital,16 TB,0F38462,Disque dur de 3.5 pouces,366,bol.com,DISQUE DUR
Disque dur externe Solacis - Disque dur - 8 To - Portable - Disque dur externe - Must pour toutes vos photos et fichiers supplémentaires !,Solacis,8 TB,-,Disque dur de 3.5 pouces,392,bol.com,DISQUE DUR
"Seagate SkyHawk, 3.5"", 1 To",Seagate,1 TB,ST1000VX013,Disque dur de 3.5 pouces,64,bol.com,DISQUE DUR
"PNY CS1030 M.2 NVMe, 250 Go, M.2, 2500 Mo/s",PNY,,M280CS1030 250 RB,,26,bol.com,DISQUE DUR
"Toshiba Disque Dur HDKPC05 3.5"" GB GB SATA3/SATA 0 /s 32MB DT01ACA050",Toshiba,500 GB,DT01ACA050,Disque dur de 3.5 pouces,55,bol.com,DISQUE DUR
SanDisk Professionnel G-DRIVE PRO SSD 2 To 2 800 Mo/s (SDPS51F-002T-GBANB),SanDisk Professional,2 TB,SDPS51F-002T-GBANB,Disque dur de 2.5 pouces,348,bol.com,DISQUE DUR
Disque dur externe 5 To,Merkloos / Sans marque,5 TB,Geen,Disque dur de 2.5 pouces,388,bol.com,DISQUE DUR
Disque dur externe - Disque dur - 2 To - Portable - Disque dur externe - Must pour toutes vos photos et fichiers supplémentaires !,Merkloos / Sans marque,2 TB,-,Disque dur de 2.5 pouces,129,bol.com,DISQUE DUR
IronKey Vault Privacy 80 - SSD externe 1920 Go - Blauw,Ironkey,2 TB,IKVP80ES 1920G,Disque dur de 2.5 pouces,386,bol.com,DISQUE DUR
"Disque dur SSD portable Integral SlimXpress Pro , 1 To",Integral,1 TB,INSSD1TPORT3.2SLIMXS,Disque dur de 2.5 pouces,129,bol.com,DISQUE DUR
"SureFire Gaming disque dur externe 1000 Go Noir, Gris",Surefire Gaming,1 TB,53681,Disque dur de 2.5 pouces,78,bol.com,DISQUE DUR
"Seagate Enterprise ST4000NM024B, 3.5"", 4 To, 7200 tr/min",Seagate,4 TB,ST4000NM024B,Disque dur de 3.5 pouces,214,bol.com,DISQUE DUR
"8 To, 3.5"", SATA, CMR, 5640 rpm",Western Digital,8 TB,0718037894157,Disque dur de 3.5 pouces,197,bol.com,DISQUE DUR
"10To, SAS 12Gb/s, 3.5"", SED Model FastFormat (512e/4Kn), 7200RPM, 256MB cache",Seagate,10 TB,ST10000NM014G,Disque dur de 3.5 pouces,332,bol.com,DISQUE DUR
Seagate Skyhawk - Disque dur interne - 1000 GB,Seagate,1 TB,ST1000VX005,Disque dur de 3.5 pouces,80,bol.com,DISQUE DUR
"Seagate Enterprise ST2000NM001A, 3.5"", 2 To, 7200 tr/min",Seagate,2 TB,ST2000NM001A,Disque dur de 3.5 pouces,162,bol.com,DISQUE DUR
"Seagate Exos X18 3,5"" GB SATA III",Seagate,18 TB,ST18000NM001J,Disque dur de 3.5 pouces,448,bol.com,DISQUE DUR
HP 1TB 6G SATA 7.2K rpm SFF (2.5-inch) SC Midline 1yr Warranty Hard Drive,HPE,1 TB,655710-B21,Disque dur de 2.5 pouces,246,bol.com,DISQUE DUR
"Western Digital SDPM1NS-001T-GBAND, 1 To, 3000 Mo/s",SanDisk Professional,1 TB,SDPM1NS-001T-GBAND,Disque dur de 2.5 pouces,302,bol.com,DISQUE DUR
"Corsair MP600 PRO XT, 2 To, M.2",Corsair,2 TB,CSSD-F2000GBMP600PXT,Disque dur de 2.5 pouces,192,bol.com,DISQUE DUR
"HPE 32TB 3.5"" 12G SAS, 3.5"", 32 To, 7200 tr/min",Hewlett Packard Enterprise,32 TB,N9Y12A,Disque dur de 3.5 pouces,7017,bol.com,DISQUE DUR
"12 To, 3.5"", SATA 6Gb/s, 7200 RPM, 256Mo",Western Digital,12 TB,WD121KRYZ,Disque dur de 3.5 pouces,359,bol.com,DISQUE DUR
Disque dur externe - Disque dur - 4 To - Portable - Disque dur externe - Must pour toutes vos photos et fichiers supplémentaires !,Merkloos / Sans marque,4 TB,-,Disque dur de 2.5 pouces,280,bol.com,DISQUE DUR
iStorage diskAshur DT2 - disque dur externe - 24 To - Zwart - Graphite,iStorage,24 TB,IS-DT2-256-24000-C-G,Disque dur de 3.5 pouces,1799,bol.com,DISQUE DUR
Disque dur externe - Disque dur - 2 To - Portable - Disque dur externe - Must pour toutes vos photos et fichiers supplémentaires !,Merkloos / Sans marque,2 TB,-,Disque dur de 2.5 pouces,132,bol.com,DISQUE DUR
Apacer AC532 Portable - Disque dur externe - 1 To - Antichoc - Noir,Apacer,1 TB,AP1TBAC532B-1,Disque dur de 2.5 pouces,100,bol.com,DISQUE DUR
"Western Digital Purple Pro, 3.5"", 12 To, 7200 tr/min",Western Digital,12 TB,WD121PURP,Disque dur de 3.5 pouces,356,bol.com,DISQUE DUR
Disque dur externe - Disque dur - 320 Go - Portable - Disque dur externe - Must pour toutes vos photos et fichiers supplémentaires !,Merkloos / Sans marque,320 GB,-,Disque dur de 2.5 pouces,61,bol.com,DISQUE DUR
Disque dur externe - 160 GB - Rouge,Merkloos / Sans marque,160 GB,-,Disque dur de 2.5 pouces,52,bol.com,DISQUE DUR
"iStorage diskAshur PRO2 disque dur externe 5000 Go Noir, Graphite",iStorage,5 TB,IS-DAP2-256-5000-C-G,Disque dur de 2.5 pouces,651,bol.com,DISQUE DUR
Solacis Disque dur externe - Disque dur - 2 To - Portable - Disque dur externe - Must pour toutes vos photos et fichiers supplémentaires !,Solacis,2 TB,-,Disque dur de 2.5 pouces,229,bol.com,DISQUE DUR
Apricorn Aegis Padlock Fortress disque dur externe 2000 Go Noir,Apricorn,2 TB,A25-3PL256-2000F,Disque dur de 2.5 pouces,301,bol.com,DISQUE DUR
"Western Digital Purple WD11PURZ, 3.5"", 1 To, 5400 tr/min",Western Digital,1 TB,WD11PURZ,Disque dur de 3.5 pouces,63,bol.com,DISQUE DUR
"HDD portable Silicon Power SP040TBPHD66LS3B Armor A66, 4 To, USB3.2 gen 1, MIL-STD",HD,4 TB,SP040TBPHD66LS3B,Disque dur de 2.5 pouces,149,bol.com,DISQUE DUR
"3.5"", 14TB, SAS, 256Mo Cache, 7200 tr/min",Seagate,14 TB,ST14000NM004G,Disque dur de 3.5 pouces,553,bol.com,DISQUE DUR
Disque dur externe - Disque dur - 500 Go - Portable - Disque dur externe - Must pour toutes vos photos et fichiers supplémentaires !,Merkloos / Sans marque,500 GB,-,Disque dur de 2.5 pouces,89,bol.com,DISQUE DUR
Disque dur externe 5 To,Merkloos / Sans marque,5 TB,WDBA2F0050BBL,Disque dur de 2.5 pouces,376,bol.com,DISQUE DUR
Seagate Exos X18 ST10000NM018G - Disque dur - 10 To - Interne,Seagate,10 TB,ST10000NM018G,Disque dur de 3.5 pouces,319,bol.com,DISQUE DUR
"Western Digital WD161KRYZ, 3.5"", 16 To, 7200 tr/min",Western Digital,16 TB,0718037872957,Disque dur de 3.5 pouces,432,bol.com,DISQUE DUR
"HDD dur TOSHIBA série 3,5 MG 22 To 512E 7 200 tr/min",Toshiba,20 TB,MG10AFA22TE,Disque dur de 3.5 pouces,454,bol.com,DISQUE DUR
SanDisk G-DRIVE disque dur externe 6000 Go Acier inoxydable,SanDisk Professional,6 TB,SDPHF1A-006T-MBAAD,Disque dur de 3.5 pouces,295,bol.com,DISQUE DUR
"20 TB, 3.5"", SATA 6 Gb/s, 7200 RPM",Western Digital,20 TB,WD202KRYZ,Disque dur de 3.5 pouces,560,bol.com,DISQUE DUR
Disque dur externe - Disque dur - 2 To - Portable - Disque dur externe - Must pour toutes vos photos et fichiers supplémentaires !,Merkloos / Sans marque,2 TB,-,Disque dur de 2.5 pouces,132,bol.com,DISQUE DUR
Solacis Disque dur externe - Disque dur - 2 To - Portable - Disque dur externe - Must pour toutes vos photos et fichiers supplémentaires !,Solacis,4 TB,-,Disque dur de 2.5 pouces,268,bol.com,DISQUE DUR
Disque dur externe 5 To,Merkloos / Sans marque,5 TB,WDBPKJ0050BBK,Disque dur de 2.5 pouces,346,bol.com,DISQUE DUR
WD Violet WD22PURZ - Disque dur,western Digital purple,2 TB,WD22PURZ,Disque dur de 3.5 pouces,97,bol.com,DISQUE DUR
"Western Digital Purple Pro, 3.5"", 10 To, 7200 tr/min",Western Digital,10 TB,WD101PURP,Disque dur de 3.5 pouces,292,bol.com,DISQUE DUR
"WD Purple Pro WD8002PURP - Disque dur 8 To - surveillance, vidéo intelligente - interne - 3,5"" - SATA 6Gbs - 7200 tr/min - tampon : 256 Mo",Western Digital,8 TB,WD8002PURP,Disque dur de 3.5 pouces,284,bol.com,DISQUE DUR
Blackmagic Cloud Store Mini 16 To,Black Magic Design,16 TB,DWCLDE/CLDMINI16,Disque dur de 3.5 pouces,3350,bol.com,DISQUE DUR
Disque dur externe 5 To,Merkloos / Sans marque,5 TB,WDBFTM0050BBL,Disque dur de 2.5 pouces,264,bol.com,DISQUE DUR
Apricorn Aegis Padlock USB 3.0 500GB disque dur externe 500 Go Noir,Apricorn,500 GB,A25-3PL256-500,Disque dur de 2.5 pouces,194,bol.com,DISQUE DUR
Boîtier de Drive dur USB-C à 2 baies RAID Oyen Digital Mobius 2C,Oyen Digital,16 TB,3R2C-16T,Disque dur de 3.5 pouces,822,bol.com,DISQUE DUR
iStorage diskAshur PRO3 HDD – disque dur externe – 5 To – USB – 256 bits – Zwart,iStorage,5 TB,IS-DAP3-256-5000-F,Disque dur de 3.5 pouces,734,bol.com,DISQUE DUR
Solacis Disque dur externe - Disque dur - 5 To - Portable - Disque dur externe - Must pour toutes vos photos et fichiers supplémentaires !,Solacis,4 TB,-,Disque dur de 2.5 pouces,415,bol.com,DISQUE DUR
"Disque dur externe portable 120 Go - USB 3.0 - Vitesse, polyvalence et fiabilité pour toutes vos données - Compatible avec MAC, PC, ordinateur portable et plus encore -",Merkloos / Sans marque,120 GB,0,Disque dur de 2.5 pouces,44,bol.com,DISQUE DUR
Baie de Drive durs USB-C Mobius 2C RAID 2 baies Oyen Digital 32 To,Oyen Digital,40 TB,3R2C-40T,Disque dur de 3.5 pouces,1346,bol.com,DISQUE DUR
"18 TB, SATA 6Gb/s, 26.11 x 101.85 x 146.99 mm, 670 g",Seagate,,ST18000NT001,Disque dur de 3.5 pouces,462,bol.com,DISQUE DUR
Étui de protection pour disque dur portable - USB-C et USB 3.2 - Étanche et antichoc,Merkloos / Sans marque,1 TB,1,Disque dur de 2.5 pouces,62,bol.com,DISQUE DUR
Disque dur externe - 250 GB - Blauw,Merkloos / Sans marque,250 GB,-,Disque dur de 2.5 pouces,59,bol.com,DISQUE DUR
Disque dur externe - Disque dur - 5 To - Portable - Disque dur externe - Must pour toutes vos photos et fichiers supplémentaires !,Merkloos / Sans marque,5 TB,-,Disque dur de 2.5 pouces,299,bol.com,DISQUE DUR
Disque dur externe - Disque dur - 2 To - Portable - Disque dur externe - Must pour toutes vos photos et fichiers supplémentaires !,Merkloos / Sans marque,2 TB,-,Disque dur de 2.5 pouces,129,bol.com,DISQUE DUR
Disque dur externe - 3 To - Avec écran LED - USB 3.0 - Convient pour PS5/PS4/ PC,Merkloos / Sans marque,3 TB,8721022262925,Disque dur de 3.5 pouces,177,bol.com,DISQUE DUR
"HDD portable Silicon Power SP010TBPHD66SS3B Armor A66, 1 To, USB3.2 gen 1, MIL-STD",Silicon Power,1 TB,SP010TBPHD66SS3B,Disque dur de 2.5 pouces,79,bol.com,DISQUE DUR
Disque dur externe - Disque dur - 4 To - Portable - Disque dur externe - Must pour toutes vos photos et fichiers supplémentaires !,Merkloos / Sans marque,4 TB,-,Disque dur de 2.5 pouces,273,bol.com,DISQUE DUR
Disque dur externe - Disque dur - 1 To - Portable - Disque dur externe - Must pour toutes vos photos et fichiers supplémentaires !,Merkloos / Sans marque,1 TB,-,Disque dur de 2.5 pouces,102,bol.com,DISQUE DUR
Disque dur externe - Disque dur - 2 To - Portable - Disque dur externe - Must pour toutes vos photos et fichiers supplémentaires !,Merkloos / Sans marque,2 TB,-,Disque dur de 2.5 pouces,129,bol.com,DISQUE DUR
iStorage diskAshur3 HDD – disque dur externe – 5 To – USB – 256 bits – Zwart,iStorage,5 TB,IS-DA3-256-5000-B,Disque dur de 3.5 pouces,673,bol.com,DISQUE DUR
"Kioxia EXCERIA G2, 2 To, M.2, 2100 Mo/s",Kioxia,2 TB,LRC20Z002TG8,Disque dur de 3.5 pouces | Disque dur de 2.5 pouces,118,bol.com,DISQUE DUR
Disque dur externe - 160 GB - Rouge,Merkloos / Sans marque,160 GB,-,Disque dur de 2.5 pouces,55,bol.com,DISQUE DUR
Disque dur externe - 320 GB - Rouge,Merkloos / Sans marque,320 GB,-,Disque dur de 2.5 pouces,63,bol.com,DISQUE DUR
Disque dur externe - Portable/3 To,Merkloos / Sans marque,3 TB,-,Disque dur de 2.5 pouces,276,bol.com,DISQUE DUR
"Toshiba S300, 3.5"", 2 To, 5400 tr/min",Toshiba,2 TB,HDKPB04Z0A01,Disque dur de 3.5 pouces,71,bol.com,DISQUE DUR
"Western Digital Ultrastar DC HC560, 3,5"", 20 000 GB, 7 200 tr/min",Western Digital,20 TB,0F38785,Disque dur de 3.5 pouces,464,bol.com,DISQUE DUR
"Oyen Digital Mobius 5 baies FW800, eSATA, USB 3.0 RAID 110 To (3R5-EB3-110 To)",Oyen Digital,120 TB,3R5-EB3-110TB,Disque dur de 3.5 pouces,3667,bol.com,DISQUE DUR
"Hewlett Packard 641552-003-RFB disque dur interne 2.5"" 600 GB SAS",HP,500 GB,641552-003-RFB,Disque dur de 2.5 pouces,59,bol.com,DISQUE DUR
Disque dur externe 5 To,Merkloos / Sans marque,5 TB,STJJ5000400,Disque dur de 2.5 pouces,490,bol.com,DISQUE DUR
"Intenso Memory Drive Disque dur externe (2,5 pouces) 1 To Zwart USB 3.2 Gen 1 (USB 3.0) Incl. Clé USB 32 GB",Intenso,1 TB,6023680,Disque dur de 2.5 pouces,149,bol.com,DISQUE DUR
"Seagate Barracuda ST3000DM007, 3.5"", 3 To, 5400 tr/min",Seagate,3 TB,ST3000DM007,Disque dur de 3.5 pouces,,bol.com,DISQUE DUR
Silicon Power Armor A30 disque dur externe 2000 Go Noir,Silicon Power,1 TB,SP020TBPHDA30S3A,Disque dur de 2.5 pouces,108,bol.com,DISQUE DUR
Disque dur externe DailySupplies® - Portable - Stockage 2 To - Zwart,Brandless,1 TB,6152729531564,Disque dur de 2.5 pouces,159,bol.com,DISQUE DUR
Baie de Drive USB-C Fortis 5C 5 baies Oyen Digital 80 To (5FU3-C-80T),Oyen Digital,80 TB,5FU3-C-80T,Disque dur de 3.5 pouces,2581,bol.com,DISQUE DUR
"2TB, 7200K, SATA 6Gb/s, 3.5""",Dell,2 TB,400-ATKJ,Disque dur de 3.5 pouces,239,bol.com,DISQUE DUR
Blackmagic Cloud Store Mini 8 To,Black Magic Design,8 TB,DWCLDE/CLDMINI08,Disque dur de 3.5 pouces,2144,bol.com,DISQUE DUR
"HPE 1TB 6G SATA 7.2K rpm SFF (2.5-inch) SC Midline 1yr Warranty Hard Drive, 2.5"", 1 To, 7200 tr/min",Hewlett Packard Enterprise,1 TB,655710-B21-RFB,Disque dur de 2.5 pouces,129,bol.com,DISQUE DUR
"Disques durs de surveillance optimisés pour l'intelligence artificielle, 3.5"", 16 TB, 256 Mb, 250 MB/s, SATA III, 550 TB/yr",Seagate,16 TB,ST16000VE002,Disque dur de 3.5 pouces,366,bol.com,DISQUE DUR
HP 450GB 6G SAS 15K LFF (3.5-inch) Dual Port Enterprise 3yr Warranty Hard Drive,HP,480 GB,516816R-B21,Disque dur de 3.5 pouces,324,bol.com,DISQUE DUR
Baie de Drive USB-C à 5 baies Fortis 5C Oyen Digital 110 To (5FU3-C-110T),Oyen Digital,120 TB,5FU3-C-110T,Disque dur de 3.5 pouces,3616,bol.com,DISQUE DUR
Disque dur externe DailySupplies® - Portable - Stockage 2 To - Zwart,Brandless,2 TB,6152729520537,Disque dur de 2.5 pouces,199,bol.com,DISQUE DUR
USB3. 0 à câble 25 pouces câble HDD transfert de données disque dur convertisseur de disque pour Ordinateur PC disque dur SSD externe 25 pouces 150 Mo/s - transfert de données rapide.,Merkloos / Sans marque,1 TB,1,Disque dur de 3.5 pouces,39,bol.com,DISQUE DUR
Disque dur externe 5 To,Merkloos / Sans marque,5 TB,Geen,Disque dur de 2.5 pouces,503,bol.com,DISQUE DUR
Baie de Drive durs USB-C Mobius 2C RAID 2 baies Oyen Digital 44 To,Oyen Digital,48 TB,3R2C-44T,Disque dur de 3.5 pouces,1533,bol.com,DISQUE DUR
"3TB, 3.5"", SATA 6Gb/s, Cache 256MB",Seagate,3 TB,ST3000VX015,Disque dur de 3.5 pouces,113,bol.com,DISQUE DUR
QNAP QXG-5G1T-111C carte réseau Interne Ethernet 5000 Mbit/s,QNAP,,QXG-5G1T-111C,,135,bol.com,DISQUE DUR
Clavier USB HP France - French localiza,HP,1 TB,QY776AA,Disque dur de 2.5 pouces,25,bol.com,DISQUE DUR
Disque dur externe 4 To,Merkloos / Sans marque,4 TB,158973,Disque dur de 2.5 pouces,297,bol.com,DISQUE DUR
Disque dur externe - 120 GB - Argent,Merkloos / Sans marque,120 GB,-,Disque dur de 2.5 pouces,52,bol.com,DISQUE DUR
Disque dur externe 5 To,Merkloos / Sans marque,5 TB,Geen,Disque dur de 2.5 pouces,345,bol.com,DISQUE DUR
HP MSA 1TB 12G SAS 7.2K SFF (2.5in) 512e Midline 1yr Warranty Hard Drive,Hewlett Packard Enterprise,1 TB,J9F50A,Disque dur de 2.5 pouces,299,bol.com,DISQUE DUR
Line Power 15P 12 Go/s Mini SAS HD 4i prise vers prise U.2 – Alimentation SATA – pour disque dur serveur hôte d'ordinateur.,Merkloos / Sans marque,1 TB,1,Disque dur de 2.5 pouces,67,bol.com,DISQUE DUR
Disque dur externe 4 To,Merkloos / Sans marque,4 TB,Geen,Disque dur de 3.5 pouces,607,bol.com,DISQUE DUR
Disque dur externe - 160 GB - Blauw,Merkloos / Sans marque,160 GB,0,Disque dur de 2.5 pouces,54,bol.com,DISQUE DUR
Disque dur externe - Disque dur - 1 To - Portable - Disque dur externe - Must pour toutes vos photos et fichiers supplémentaires !,Merkloos / Sans marque,1 TB,-,Disque dur de 2.5 pouces,151,bol.com,DISQUE DUR
Disque dur externe - 250 GB - Zwart,Merkloos / Sans marque,250 GB,-,Disque dur de 2.5 pouces,,bol.com,DISQUE DUR
"Disque dur externe portable 10 To - Stockage HDD USB 3.2 Gen 2 pour PC, ordinateur portable, TV et Gaming",Merkloos / Sans marque,1 TB,1,Disque dur de 2.5 pouces,495,bol.com,DISQUE DUR
"Disque diamant Graphite 230x22x6,0x2,7mm MPA continu EN13236",Graphite,1 TB,57H646,Disque dur de 2.5 pouces,18,bol.com,DISQUE DUR
Disque dur externe 5 To,Merkloos / Sans marque,5 TB,STJL5000400,Disque dur de 2.5 pouces,336,bol.com,DISQUE DUR
"Western Digital Ultrastar Red Pro, 3.5"", 18 To, 7200 tr/min",Western Digital RED,16 TB,WD181KFGX,Disque dur de 3.5 pouces,504,bol.com,DISQUE DUR
"HDD Gold 16 To SATA 256 Mo 3,5",Western Digital,16 TB,WD161KRYZ,Disque dur de 3.5 pouces,453,bol.com,DISQUE DUR
Disque dur externe - 250 GB/ gris,Merkloos / Sans marque,250 GB,0,Disque dur de 2.5 pouces,54,bol.com,DISQUE DUR
Étui de protection pour disque dur – Étui de rangement HDD résistant aux chocs avec verrouillage de sécurité – 10 baies de disque.,Merkloos / Sans marque,1.2 TB,1,Disque dur de 3.5 pouces,127,bol.com,DISQUE DUR
"1TB, 3.5"", SATA III, 7.2K rpm, LFF, NHP, 512e",HPE,1 TB,S0210027,Disque dur de 3.5 pouces,78,bol.com,DISQUE DUR
Apricorn Aegis Padlock Fortress 1TB disque dur externe 1000 Go Noir,Apricorn,1 TB,A25-3PL256-1000F,Disque dur de 2.5 pouces,245,bol.com,DISQUE DUR
Disque dur externe - 120 GB - Blauw,Merkloos / Sans marque,120 GB,0,Disque dur de 2.5 pouces,52,bol.com,DISQUE DUR
"HPE 4TB 3.5"" SATA III, 3.5"", 4 To, 7200 tr/min",HPE,4 TB,872491-B21,Disque dur de 3.5 pouces,250,bol.com,DISQUE DUR
Symply SPARK Desktop 8 baies Thunderbolt 3 RAID 80 To inc HardCase 5 ans (SY-SYSPK-DX88HDT3080),symply,80 TB,SYSPK-DX88HDT3080,Disque dur de 2.5 pouces,6714,bol.com,DISQUE DUR
Disque dur externe - 120 GB - Rouge,Merkloos / Sans marque,120 GB,-,Disque dur de 2.5 pouces,53,bol.com,DISQUE DUR
"Transcend SSD225S, 250 Go, 2.5"", 500 Mo/s, 6 Gbit/s",Transcend,250 GB,TS250GSSD225S,Disque dur de 2.5 pouces,43,bol.com,DISQUE DUR
Disque dur externe 5 To,Merkloos / Sans marque,5 TB,Geen,Disque dur de 2.5 pouces,510,bol.com,DISQUE DUR
"Lenovo 4XB7A13626, 480 Go, 3.5"", 560 Mo/s, 6 Gbit/s",Lenovo,480 GB,4XB7A13626,Disque dur de 3.5 pouces,150,bol.com,DISQUE DUR
"HPE MSA 1.8TB 12G SAS 10K SFF (2.5in) 512e Enterprise 3yr, 2.5"", 1,8 To, 10000 tr/min",HPE,1.8 TB,J9F49A,Disque dur de 2.5 pouces,345,bol.com,DISQUE DUR
"14To, 3.5"", SATA III, 7200 tpm",Toshiba,14 TB,4260557510896,Disque dur de 3.5 pouces,528,bol.com,DISQUE DUR
"HPE 700937-001, 3.5"", 300 Go, 15000 tr/min",HPE,320 GB,700937-001,Disque dur de 3.5 pouces,296,bol.com,DISQUE DUR
Disque dur externe 4 To,Merkloos / Sans marque,4 TB,Geen,Disque dur de 2.5 pouces,390,bol.com,DISQUE DUR
"Hitachi CinemaStar Z5K500 500GB 2.5"" 5400rpm SATA 8MB, 2.5"", 500 Go, 5400 tr/min",Western Digital,500 GB,0J23375,Disque dur de 2.5 pouces,228,bol.com,DISQUE DUR
Transcend StoreJet 25C3S disque dur externe 1000 Go Argent,,1 TB,TS1TSJ25C3S,Disque dur de 2.5 pouces,105,bol.com,DISQUE DUR
"600Go, 2.5"", SAS, 15000rpm, 12Gbit/s",Dell,600 GB,400-ATIN,Disque dur de 2.5 pouces,160,bol.com,DISQUE DUR
"Drive dur Seagate ST20000NM002D 3,5"" 3,5"" 20 To SSD",Seagate,20 TB,ST20000NM002D,Disque dur de 3.5 pouces,477,bol.com,DISQUE DUR
Disque dur interne Seagate ST10000VN000,Seagate,10 TB,ST10000VN000,Disque dur de 3.5 pouces,303,bol.com,DISQUE DUR
Western Digital WD Purple - Disque dur interne 3.5 - 3 To,WD,3 TB,WD30PURZ,Disque dur de 3.5 pouces,220,bol.com,DISQUE DUR
Disque dur externe 4 To,Merkloos / Sans marque,4 TB,Geen,Disque dur de 2.5 pouces,337,bol.com,DISQUE DUR
Disque dur externe 4 To,Merkloos / Sans marque,4 TB,Geen,Disque dur de 2.5 pouces,325,bol.com,DISQUE DUR
"Verbatim Disque dur portable USB Store 'n' Go 3.0, 1 To - Rouge",Verbatim,1 TB,53196,Disque dur de 2.5 pouces,72,bol.com,DISQUE DUR
"Seagate SkyHawk ST10000VE001, 3.5"", 10 To, 7200 tr/min",Seagate,10 TB,ST10000VE001,Disque dur de 3.5 pouces,303,bol.com,DISQUE DUR
Apacer AC532 Portable - Disque dur externe - 1 To - Antichoc - White,Apacer,1 TB,AP1TBAC532W-1,Disque dur de 2.5 pouces,117,bol.com,DISQUE DUR
"Oyen Digital Mobius 5 baies FW800, eSATA, USB 3.0 RAID 100 To 3R5-EB3-100 To",Oyen Digital,120 TB,3R5-EB3-100TB,Disque dur de 3.5 pouces,3219,bol.com,DISQUE DUR
"Western Digital Ultrastar He12, 3.5"", 12 To, 7200 tr/min",Western Digital,12 TB,0F29530,Disque dur de 3.5 pouces,396,bol.com,DISQUE DUR
Disque dur externe 5 To,Merkloos / Sans marque,5 TB,Geen,Disque dur de 2.5 pouces,426,bol.com,DISQUE DUR
"Disque dur externe 4 To 3,5"" - USB 3.0 pour PC et ordinateur portable - 2 ans de services de secours",Merkloos / Sans marque,1 TB,1,Disque dur de 2.5 pouces,275,bol.com,DISQUE DUR
"Disque dur interne Toshiba MG08-D 4 To 7200 tr/min 256 Mo 3,5"" SATA III",Toshiba,4 TB,MG08ADA400E,Disque dur de 3.5 pouces,145,bol.com,DISQUE DUR
Solacis Disque dur externe - Disque dur - 5 To - Portable - Disque dur externe - Must pour toutes vos photos et fichiers supplémentaires !,Solacis,500 GB,-,Disque dur de 2.5 pouces,282,bol.com,DISQUE DUR
Disque dur externe - Disque dur - 1 To - Portable - Disque dur externe - Must pour toutes vos photos et fichiers supplémentaires !,Merkloos / Sans marque,1 TB,-,Disque dur de 2.5 pouces,114,bol.com,DISQUE DUR
Disque dur HP 4 To SATA 7200,HP,4 TB,K4T76AA,Disque dur de 3.5 pouces,323,bol.com,DISQUE DUR
Disque dur externe Solacis - Disque dur - 6 To - Portable - Disque dur externe - Must pour toutes vos photos et fichiers supplémentaires !,Solacis,6 TB,-,Disque dur de 3.5 pouces,326,bol.com,DISQUE DUR
Disque dur externe - Disque dur - 6 To - Portable - Disque dur externe - Must pour toutes vos photos et fichiers supplémentaires !,Merkloos / Sans marque,6 TB,-,Disque dur de 3.5 pouces,314,bol.com,DISQUE DUR
Disque dur externe - Disque dur - 1 To - Portable - Disque dur externe - Must pour toutes vos photos et fichiers supplémentaires !,Merkloos / Sans marque,1 TB,-,Disque dur de 2.5 pouces,102,bol.com,DISQUE DUR
"Seagate Enterprise ST8000NM018B, 3.5"", 8 To, 7200 tr/min",Seagate,8 TB,ST8000NM018B,Disque dur de 3.5 pouces,251,bol.com,DISQUE DUR
"ADATA HD720, 2 To, 3.2 Gen 1 (3.1 Gen 1), Noir",ADATA,2 TB,AHD720-500GU3-CBK,Disque dur de 2.5 pouces,97,bol.com,DISQUE DUR
Solacis Disque dur externe - Disque dur - 500 Go - Portable - Disque dur externe - Must pour toutes vos photos et fichiers supplémentaires !,Solacis,500 GB,-,Disque dur de 2.5 pouces,107,bol.com,DISQUE DUR
Disque dur externe - Disque dur - 4 To - Portable - Disque dur externe - Must pour toutes vos photos et fichiers supplémentaires !,Merkloos / Sans marque,4 TB,-,Disque dur de 3.5 pouces,245,bol.com,DISQUE DUR
Disque dur externe - Disque dur - 1 To - Portable - Disque dur externe - Must pour toutes vos photos et fichiers supplémentaires !,Merkloos / Sans marque,1 TB,-,Disque dur de 2.5 pouces,89,bol.com,DISQUE DUR
Solacis Disque dur externe - Disque dur - 3 To - Portable - Disque dur externe - Must pour toutes vos photos et fichiers supplémentaires !,Solacis,3 TB,-,Disque dur de 3.5 pouces,211,bol.com,DISQUE DUR
"1 To, 3.5"", SATA 6Gb/s, 7200 RPM, 64Mo",Western Digital,1 TB,WD1003FZEX,Disque dur de 3.5 pouces,88,bol.com,DISQUE DUR
Solacis Disque dur externe - Disque dur - 2 To - Portable - Disque dur externe - Must pour toutes vos photos et fichiers supplémentaires !,Solacis,2 TB,-,Disque dur de 2.5 pouces,257,bol.com,DISQUE DUR
Disque dur externe - Disque dur - 250 Go - Portable - Disque dur externe - Must pour toutes vos photos et fichiers supplémentaires !,Merkloos / Sans marque,250 GB,-,Disque dur de 2.5 pouces,82,bol.com,DISQUE DUR
Disque dur externe 5 To,Merkloos / Sans marque,5 TB,Geen,Disque dur de 2.5 pouces,464,bol.com,DISQUE DUR
Solacis Disque dur externe - Disque dur - 2 To - Portable - Disque dur externe - Must pour toutes vos photos et fichiers supplémentaires !,Solacis,2 TB,-,Disque dur de 2.5 pouces,215,bol.com,DISQUE DUR
Disque dur externe 5 To,Merkloos / Sans marque,5 TB,Geen,Disque dur de 2.5 pouces,370,bol.com,DISQUE DUR
Symply SPARK Desktop 8 baies Thunderbolt 3 RAID 48 To inc HardCase 5 ans (SY-SYSPK-DX88HDT3048),symply,48 TB,SYSPK-DX88HDT3048,Disque dur de 2.5 pouces,5201,bol.com,DISQUE DUR
Disque dur externe - Disque dur - 1 To - Portable - Disque dur externe - Must pour toutes vos photos et fichiers supplémentaires !,Merkloos / Sans marque,1 TB,-,Disque dur de 2.5 pouces,135,bol.com,DISQUE DUR
Disque dur externe - Disque dur - 1 To - Portable - Disque dur externe - Must pour toutes vos photos et fichiers supplémentaires !,Merkloos / Sans marque,1 TB,-,Disque dur de 2.5 pouces,114,bol.com,DISQUE DUR
Disque dur externe - Disque dur - 320 Go - Portable - Disque dur externe - Must pour toutes vos photos et fichiers supplémentaires !,Merkloos / Sans marque,320 GB,-,Disque dur de 2.5 pouces,73,bol.com,DISQUE DUR
Solacis Disque dur externe - Disque dur - 320 Go - Portable - Disque dur externe - Must pour toutes vos photos et fichiers supplémentaires !,Solacis,320 GB,-,Disque dur de 2.5 pouces,105,bol.com,DISQUE DUR
"Disque dur Western Digital WD Red™ Pro 16 To (3,5"") SATA 6 Gb/s WD161KFGX en Bulk",Western Digital,16 TB,WD161KFGX,Disque dur de 3.5 pouces,469,bol.com,DISQUE DUR
Disque dur externe - Disque dur - 3 To - Portable - Disque dur externe - Must pour toutes vos photos et fichiers supplémentaires !,Merkloos / Sans marque,3 TB,-,Disque dur de 3.5 pouces,199,bol.com,DISQUE DUR
"Toshiba X300, 3.5"", 12 To, 7200 tr/min",Toshiba,12 TB,HDWR21CUZSVA,Disque dur de 3.5 pouces,438,bol.com,DISQUE DUR
Disque dur externe - Disque dur - 1 To - Portable - Disque dur externe - Must pour toutes vos photos et fichiers supplémentaires !,Merkloos / Sans marque,1 TB,-,Disque dur de 2.5 pouces,158,bol.com,DISQUE DUR
Disque dur externe - Disque dur - 320 Go - Portable - Disque dur externe - Must pour toutes vos photos et fichiers supplémentaires !,Merkloos / Sans marque,320 GB,-,Disque dur de 2.5 pouces,93,bol.com,DISQUE DUR
Disque dur externe - Disque dur - 320 Go - Portable - Disque dur externe - Must pour toutes vos photos et fichiers supplémentaires !,Merkloos / Sans marque,320 GB,-,Disque dur de 2.5 pouces,79,bol.com,DISQUE DUR
Disque dur externe - Disque dur - 1 To - Portable - Disque dur externe - Must pour toutes vos photos et fichiers supplémentaires !,Merkloos / Sans marque,1 TB,-,Disque dur de 2.5 pouces,114,bol.com,DISQUE DUR
Disque dur externe - Disque dur - 320 Go - Portable - Disque dur externe - Must pour toutes vos photos et fichiers supplémentaires !,Merkloos / Sans marque,320 GB,-,Disque dur de 2.5 pouces,73,bol.com,DISQUE DUR
M.2 SSD 820S,Transcend,480 GB,TS480GMTS820S,Disque dur de 2.5 pouces,73,bol.com,DISQUE DUR
"2To, 128MB, SAS 12 Gb/s, 512E",Seagate,2 TB,ST2000NX0273,Disque dur de 3.5 pouces,389,bol.com,DISQUE DUR
Disque dur externe - Disque dur - 2 To - Portable - Disque dur externe - Must pour toutes vos photos et fichiers supplémentaires !,Merkloos / Sans marque,2 TB,-,Disque dur de 3.5 pouces,185,bol.com,DISQUE DUR
Disque dur externe - Disque dur - 2 To - Portable - Disque dur externe - Must pour toutes vos photos et fichiers supplémentaires !,Merkloos / Sans marque,2 TB,-,Disque dur de 2.5 pouces,188,bol.com,DISQUE DUR
"Toshiba MG09, 3.5"", 18 To, 7200 tr/min",Toshiba,18 TB,MG09ACA18TE,Disque dur de 3.5 pouces,493,bol.com,DISQUE DUR
Disque dur externe - Disque dur - 8 To - Portable - Disque dur externe - Must pour toutes vos photos et fichiers supplémentaires !,Merkloos / Sans marque,8 TB,-,Disque dur de 3.5 pouces,424,bol.com,DISQUE DUR
Western Digital WD Purple - Disque dur interne 3.5 - 3 To,WD,3 TB,WD30PURZ,Disque dur de 3.5 pouces,199,bol.com,DISQUE DUR
Disque dur externe - Disque dur - 1 To - Portable - Disque dur externe - Must pour toutes vos photos et fichiers supplémentaires !,Merkloos / Sans marque,1 TB,-,Disque dur de 2.5 pouces,114,bol.com,DISQUE DUR
Baie de Drive USB-C Fortis 5C 5 baies Oyen Digital 90 To (5FU3-C-90T),Oyen Digital,90 TB,5FU3-C-90T,Disque dur de 3.5 pouces,2754,bol.com,DISQUE DUR
Disque dur externe 4 To,Merkloos / Sans marque,4 TB,6031512,Disque dur de 3.5 pouces,248,bol.com,DISQUE DUR
Disque dur externe - Disque dur - 2 To - Portable - Disque dur externe - Must pour toutes vos photos et fichiers supplémentaires !,Merkloos / Sans marque,2 TB,-,Disque dur de 2.5 pouces,135,bol.com,DISQUE DUR
Disque dur externe Solacis - Disque dur - 1 To - Portable - Disque dur externe - Must pour toutes vos photos et fichiers supplémentaires !,Solacis,160 GB,-,Disque dur de 2.5 pouces,153,bol.com,DISQUE DUR
Solacis Disque dur externe - Disque dur - 500 Go - Portable - Disque dur externe - Must pour toutes vos photos et fichiers supplémentaires !,Solacis,500 GB,-,Disque dur de 2.5 pouces,105,bol.com,DISQUE DUR
Disque dur externe - 500 Go - Zwart,Merkloos / Sans marque,500 GB,-,Disque dur de 2.5 pouces,85,bol.com,DISQUE DUR
HP 2TB 12G SAS 7.2K rpm SFF (2.5-inch) SC 512e 1yr Warranty Hard Drive,HPE,2 TB,765466-B21,Disque dur de 2.5 pouces,339,bol.com,DISQUE DUR
Disque dur externe - Disque dur - 1 To - Portable - Disque dur externe - Must pour toutes vos photos et fichiers supplémentaires !,Merkloos / Sans marque,1 TB,-,Disque dur de 2.5 pouces,102,bol.com,DISQUE DUR
Solacis Disque dur externe - Disque dur - 500 Go - Portable - Disque dur externe - Must pour toutes vos photos et fichiers supplémentaires !,Solacis,500 GB,-,Disque dur de 2.5 pouces,153,bol.com,DISQUE DUR
Netac Technology Disque dur SSD mSATA 512 GB mSATA Retail NT01N5M-512G-M3X,Netac Technology,512 GB,NT01N5M-512G-M3X,Disque dur de 3.5 pouces,74,bol.com,DISQUE DUR
"2.4To, 512e/4Kn, 2.5"", SAS 12Gb/s, 10000 rpm",Seagate,300 GB,ST2400MM0129,Disque dur de 2.5 pouces,268,bol.com,DISQUE DUR
Disque dur externe - Disque dur - 250 Go - Portable - Disque dur externe - Must pour toutes vos photos et fichiers supplémentaires !,Merkloos / Sans marque,250 GB,-,Disque dur de 2.5 pouces,82,bol.com,DISQUE DUR
Apacer AC236 Portable - Disque dur externe - 1 To - Yellow,Apacer,1 TB,AP1TBAC236Y-1,Disque dur de 2.5 pouces,118,bol.com,DISQUE DUR
Apacer AC532 Portable - Disque dur externe - 2 To - Antichoc - Noir,Apacer,2 TB,AP2TBAC532B-1,Disque dur de 2.5 pouces,133,bol.com,DISQUE DUR
Solacis Disque dur externe - Disque dur - 500 Go - Portable - Disque dur externe - Must pour toutes vos photos et fichiers supplémentaires !,Solacis,500 GB,-,Disque dur de 2.5 pouces,93,bol.com,DISQUE DUR
"HPE 146GB SAS 15000rpm 2.5"", 2.5"", 146 Go, 15000 tr/min",Hewlett Packard Enterprise,250 GB,653950-001,Disque dur de 2.5 pouces,230,bol.com,DISQUE DUR
"Western Digital Blue 8TB WD PURPL 8TB WD PURPLE, 3.5"", 8 To, 5400 tr/min",Western Digital,8 TB,WD85PURZ,Disque dur de 3.5 pouces,209,bol.com,DISQUE DUR
"HP 1TB SATA III, 3.5"", 1 To, 7200 tr/min",HPE,1 TB,861691-B21,Disque dur de 3.5 pouces,106,bol.com,DISQUE DUR
Disque dur externe Solacis - Disque dur - 128 Go - Portable - Disque dur externe - Must pour toutes vos photos et fichiers supplémentaires !,Solacis,120 GB,-,Disque dur de 2.5 pouces,109,bol.com,DISQUE DUR
Disque dur externe 5 To,Merkloos / Sans marque,5 TB,6021513,Disque dur de 2.5 pouces,314,bol.com,DISQUE DUR
Solacis Disque dur externe - Disque dur - 500 Go - Portable - Disque dur externe - Must pour toutes vos photos et fichiers supplémentaires !,Solacis,1.5 TB,-,Disque dur de 2.5 pouces,109,bol.com,DISQUE DUR
Disque dur externe - Disque dur - 2 To - Portable - Disque dur externe - Must pour toutes vos photos et fichiers supplémentaires !,Merkloos / Sans marque,2 TB,-,Disque dur de 2.5 pouces,123,bol.com,DISQUE DUR
Disque dur externe - Disque dur - 500 Go - Portable - Disque dur externe - Must pour toutes vos photos et fichiers supplémentaires !,Merkloos / Sans marque,500 GB,-,Disque dur de 2.5 pouces,86,bol.com,DISQUE DUR
Solacis Disque dur externe - Disque dur - 500 Go - Portable - Disque dur externe - Must pour toutes vos photos et fichiers supplémentaires !,Solacis,160 GB,-,Disque dur de 2.5 pouces,107,bol.com,DISQUE DUR
Disque dur externe - 250 GB - Blauw,Merkloos / Sans marque,250 GB,0,Disque dur de 2.5 pouces,64,bol.com,DISQUE DUR
Disque dur externe Solacis - Disque dur - 1 To - Portable - Disque dur externe - Must pour toutes vos photos et fichiers supplémentaires !,Solacis,1 TB,-,Disque dur de 2.5 pouces,155,bol.com,DISQUE DUR
Disque dur externe - 500 GB - Rouge,Merkloos / Sans marque,500 GB,-,Disque dur de 2.5 pouces,,bol.com,DISQUE DUR
Solacis Disque dur externe - Disque dur - 500 Go - Portable - Disque dur externe - Must pour toutes vos photos et fichiers supplémentaires !,Solacis,500 GB,-,Disque dur de 2.5 pouces,119,bol.com,DISQUE DUR
Solacis Disque dur externe - Disque dur - 2 To - Portable - Disque dur externe - Must pour toutes vos photos et fichiers supplémentaires !,Solacis,2 TB,-,Disque dur de 2.5 pouces,213,bol.com,DISQUE DUR
Disque dur externe - Disque dur - 2 To - Portable - Disque dur externe - Must pour toutes vos photos et fichiers supplémentaires !,Merkloos / Sans marque,2 TB,-,Disque dur de 2.5 pouces,135,bol.com,DISQUE DUR
Solacis Disque dur externe - Disque dur - 2 To - Portable - Disque dur externe - Must pour toutes vos photos et fichiers supplémentaires !,Solacis,2 TB,-,Disque dur de 2.5 pouces,344,bol.com,DISQUE DUR
Disque dur externe - Disque dur - 500 Go - Portable - Disque dur externe - Must pour toutes vos photos et fichiers supplémentaires !,Merkloos / Sans marque,500 GB,-,Disque dur de 2.5 pouces,114,bol.com,DISQUE DUR
Disque dur externe Solacis - Disque dur - 4 To - Portable - Disque dur externe - Must pour toutes vos photos et fichiers supplémentaires !,Solacis,4 TB,-,Disque dur de 3.5 pouces,268,bol.com,DISQUE DUR
Disque dur externe 5 To,Merkloos / Sans marque,5 TB,STKZ5000404,Disque dur de 2.5 pouces,356,bol.com,DISQUE DUR
Disque dur externe 4 To,Merkloos / Sans marque,4 TB,Geen,Disque dur de 2.5 pouces,315,bol.com,DISQUE DUR
Solacis Disque dur externe - Disque dur - 160 Go - Portable - Disque dur externe - Must pour toutes vos photos et fichiers supplémentaires !,Solacis,160 GB,-,Disque dur de 2.5 pouces,86,bol.com,DISQUE DUR
Solacis Disque dur externe - Disque dur - 2 To - Portable - Disque dur externe - Must pour toutes vos photos et fichiers supplémentaires !,Solacis,1 TB,-,Disque dur de 2.5 pouces,464,bol.com,DISQUE DUR
Solacis Disque dur externe - Disque dur - 2 To - Portable - Disque dur externe - Must pour toutes vos photos et fichiers supplémentaires !,Solacis,2 TB,-,Disque dur de 3.5 pouces,291,bol.com,DISQUE DUR
Disque dur externe Solacis - Disque dur - 4 To - Portable - Disque dur externe - Must pour toutes vos photos et fichiers supplémentaires !,Solacis,4 TB,-,Disque dur de 2.5 pouces,353,bol.com,DISQUE DUR
Disque dur externe - Disque dur - 1 To - Portable - Disque dur externe - Must pour toutes vos photos et fichiers supplémentaires !,Merkloos / Sans marque,1 TB,-,Disque dur de 2.5 pouces,102,bol.com,DISQUE DUR
Solacis Disque dur externe - Disque dur - 320 Go - Portable - Disque dur externe - Must pour toutes vos photos et fichiers supplémentaires !,Solacis,320 GB,-,Disque dur de 2.5 pouces,91,bol.com,DISQUE DUR
Disque dur externe - Disque dur - 500 Go - Portable - Disque dur externe - Must pour toutes vos photos et fichiers supplémentaires !,Merkloos / Sans marque,500 GB,-,Disque dur de 2.5 pouces,39,bol.com,DISQUE DUR
Solacis Disque dur externe - Disque dur - 500 Go - Portable - Disque dur externe - Must pour toutes vos photos et fichiers supplémentaires !,Solacis,500 GB,-,Disque dur de 2.5 pouces,96,bol.com,DISQUE DUR
"HPE 32TB 3.5"" 12G SAS, 3.5"", 32 To, 7200 tr/min",HPE,32 TB,N9Y45A,Disque dur de 3.5 pouces,6707,bol.com,DISQUE DUR
Solacis Disque dur externe - Disque dur - 500 Go - Portable - Disque dur externe - Must pour toutes vos photos et fichiers supplémentaires !,Solacis,500 GB,-,Disque dur de 2.5 pouces,107,bol.com,DISQUE DUR
Disque dur externe Solacis - Disque dur - 256 Go - Portable - Disque dur externe - Must pour toutes vos photos et fichiers supplémentaires !,Solacis,250 GB,-,Disque dur de 2.5 pouces,130,bol.com,DISQUE DUR
Disque dur externe - Disque dur - 1 To - Portable - Disque dur externe - Must pour toutes vos photos et fichiers supplémentaires !,Merkloos / Sans marque,1 TB,-,Disque dur de 2.5 pouces,112,bol.com,DISQUE DUR
"Toshiba X300, 3.5"", 6 To, 7200 tr/min",Toshiba,6 TB,HDWR460EZSTA,Disque dur de 3.5 pouces,222,bol.com,DISQUE DUR
"Toshiba AL15SE, 2,5"", 1 200 GB, 10 500 tr/min",Toshiba,1.2 TB,AL15SEB120N,Disque dur de 2.5 pouces,337,bol.com,DISQUE DUR
Disque dur externe 4 To,Merkloos / Sans marque,4 TB,TS4TSJ25H3P,Disque dur de 2.5 pouces,331,bol.com,DISQUE DUR
