Nom du produit,Marque,Résolution écran,Référence,Taille écran,Prix,Site web,Catégorie
MSI G24C4 E2 - Moniteur de Gaming Full HD - 165hz - 24 pouces,MSI,1920 x 1080,G24C4 E2,24 Inch,119,bol.com,MONITEUR
AOC 24G4XE - Moniteur de Gaming Full HD - 180 Hz - Ajustable - Enceintes - 24 pouces,AOC,1920 x 1080,24G4X,24 Inch,99,bol.com,MONITEUR
"86.4cm (34"") UltraWide Dual Quad HD 3440 x 1440 VA, 21:9, 300cd/m², 1.07B, 1ms, 178°/178°, 3000:1",MSI,3440 x 1440,MAG 345CQR,34 Inch,329,bol.com,MONITEUR
"68.6cm (27"") Full HD 1920 x 1080 VA, 16:9, 250cd/m², 16.7M, 1ms, 178°/178°, 3000:1",MSI,1920 x 1080,MAG 27C6F,27 Inch,139,bol.com,MONITEUR
"60.5cm (23.8"") Full HD 1920 x 1080 IPS, 16:9, 300cd/m², 16.7M, 1ms, 178°/178°, 1000:1",MSI,1920 x 1080,G244F E2,24 Inch,129,bol.com,MONITEUR
"68.6cm (27"") Wide Quad HD 2560 x 1440 IPS, 16:9, 300cd/m², 1.07B, 178°/178°, 1200:1",MSI,2560 x 1440,G272QPF E2,27 Inch,189,bol.com,MONITEUR
"Samsung G Series C34G55TWWU 86,4 cm (34"") 3440 x 1440 pixels UltraWide Quad HD LCD Noir",Samsung,3440 x 1440,LC34G55TWWPXEN,34 Inch,289,bol.com,MONITEUR
"LG Smart 27SR50F-W.AEU, 68,6 cm (27""), 1920 x 1080 pixels, Full HD, LED, 14 ms, Blanc",LG,1920 x 1080,27SR50F-W.AEK,27 Inch,199,bol.com,MONITEUR
"LG 24MR400-B.AEUQ, 60,5 cm (23.8""), 1920 x 1080 pixels, Full HD, LED, 5 ms, Noir",LG,1920 x 1080,24MR400-B.AEUQ,24 Inch,93,bol.com,MONITEUR
"ASUS ZenScreen MB166C 39,6 cm (15.6"") 1920 x 1080 pixels Full HD LED Noir",ASUS,1920 x 1080,MB166C,15.6 Inch,149,bol.com,MONITEUR
"68.6cm (27"") Full HD 1920 x 1080, 16:9, 300cd/m², 16.78M, 1ms, 178°/178°, 1000:1",MSI,1920 x 1080,G2712F,27 Inch,149,bol.com,MONITEUR
"68.6cm (27"") Full HD 1920 x 1080 VA, 16:9, 250cd/m², 1.07B, 1ms, 178°/178°, 3000:1",MSI,1920 x 1080,MAG 27C6X,27 Inch,189,bol.com,MONITEUR
"LG 27US500-W écran d'ordinateur 68 cm (27"") 3840 x 2160 pixels 4K Ultra HD LCD Wit",LG,3860 x 2160,27US500-W.AEU,27 Inch,246,bol.com,MONITEUR
MSI MAG 27CQ6F - Moniteur de Gaming incurvé WQHD - 180 Hz - 27 pouces,MSI,2560 x 1440,MAG 27CQ6F,27 Inch,189,bol.com,MONITEUR
LG UltraGear 27GS85Q-B - Moniteur de Gaming QHD - 180 Hz - Nano IPS - 27 pouces,LG,2560 x 1440,27GS85Q-B,27 Inch,264,bol.com,MONITEUR
"28"" IPS, 4K UHD (3840 x 2160), 300 cd/㎡, HDR 400, FreeSync Premium Pro, 144 Hz, Display Port, HDMI, Tizen",Samsung,3840 x 2160,LS28BG700EPXEN,28 Inch,388,bol.com,MONITEUR
Monitor 24E1N1100A Moniteur LCD Full HD,Philips,1920 x 1080,24E1N1100A/00,24 Inch,89,bol.com,MONITEUR
"24"", 250 cd/㎡, 1000:1, 16:09, IPS, 178°/178°, 100Hz, 539.9 x 518.9 x 219.7 mm, 4.8 kg",Samsung,1920 x 1080,LS24C432GAUXEN,24 Inch,119,bol.com,MONITEUR
Samsung Smart M5 LS27DM502EUXEN - Full HD - Dalle VA - 27 pouces,Samsung,1920 x 1080,LS27DM502EUXEN,27 Inch,196,bol.com,MONITEUR
"MSI Pro MP341CQ 86,4 cm (34"") 3440 x 1440 pixels UltraWide Quad HD Noir",MSI,3440 x 1440,PRO MP341CQ,34 Inch,295,bol.com,MONITEUR
MSI G32CQ5P - Moniteur de Gaming incurvé QHD - 170 Hz - 32 pouces,MSI,2560 x 1440,G32CQ5P,32 Inch,295,bol.com,MONITEUR
"MSI G32CQ4 E2 écran plat de PC 80 cm (31.5"") 2560 x 1440 pixels Wide Quad HD LCD Noir",MSI,2560 x 1440,G32CQ4 E2,32 Inch,249,bol.com,MONITEUR
"Moniteur portable Denver 15,6 pouces - Full HD - Écran IPS - Moniteur de Gaming portable - HDMI - USB-C - PMO15601",Denver,1920 x 1080,110180100000,15.6 Inch,107,bol.com,MONITEUR
"MSI Pro MP2412 écran d'ordinateur 60,5 cm (23.8"") 1920 x 1080 pixels Full HD Zwart",MSI,1920 x 1080,Pro MP2412,24 Inch,94,bol.com,MONITEUR
"LG 27MR400-B.AEUQ, 68,6 cm (27""), 1920 x 1080 pixels, Full HD, LED, 1 ms, Noir",LG,1920 x 1080,27MR400-B.AEUQ,27 Inch,104,bol.com,MONITEUR
LG 34WR55QK-B - Moniteur ultra-large incurvé QHD - USB-C - 34 pouces,LG,3440 x 1440,34WR55QK-B,34 Inch,349,bol.com,MONITEUR
"Samsung Odyssey S27CG552EU, 68,6 cm (27""), 2560 x 1440 pixels, Dual WQHD, LED, 1 ms, Noir",Samsung,2560 x 1440,LS27CG552EUXEN,27 Inch,179,bol.com,MONITEUR
Samsung LS24D366GAUXEN - Moniteur incurvé Full HD - 100hz - 24 pouces,Samsung,1920 x 1080,LS24D366GAUXEN,24 Inch,122,bol.com,MONITEUR
Samsung LS27D366GAUXEN - Moniteur Full HD incurvé - 100hz - 27 pouces,Samsung,1920 x 1080,LS27D366GAUXEN,27 Inch,145,bol.com,MONITEUR
"Moniteur CHiQ 24 pouces, Full HD (1920x1080), moniteur ultra fin, 3 côtés sans bordure, IPS, 99% sRGB, écran PC, AMD FreeSync, interface HDMI et VGA, DP, 75 Hz, VA",chiq,1920 x 1080,24F650,24 Inch,104,bol.com,MONITEUR
RAIDER - Moniteur de Gaming Full HD 240 Hz - FreeSync/G-Sync - 25 pouces,Raider,1920 x 1080,8720955460200,25 Inch,99,bol.com,MONITEUR
"Farfi - Écran portable 11,6 pouces - Plug & Play - Moniteur portable - Écran portable pour ordinateur portable",Lanu,1920 x 1080,LN156,15.6 Inch,129,bol.com,MONITEUR
"Moniteur portable Arzopa – Béquille A1 – Moniteur portable USB-C – 15,6 pouces – 2024",Arzopa,1920 x 1080,A1 Kickstand,15.6 Inch,119,bol.com,MONITEUR
AOC G4 Q27G4XF - Moniteur de Gaming QHD IPS - 180 Hz - Ajustable - 27 pouces,AOC,2560 x 1440,Q27G4XF,27 Inch,169,bol.com,MONITEUR
"ASUS VA24EHF, 60,5 cm (23.8""), 1920 x 1080 pixels, Full HD, LCD, 1 ms, Noir",ASUS,1920 x 1080,90LM0560-B04170,23.8 Inch,95,bol.com,MONITEUR
LG UltraGear 32GS95UV-B - Moniteur de Gaming QHD OLED - 240hz - 480hz - 32 pouces,LG,3840 x 2160,32GS95UV-B.AEU,32 Inch,1147,bol.com,MONITEUR
Samsung Odyssey G8 G85SD - Moniteur de Gaming OLED Ultra WQHD - 175 Hz - 34 pouces,Samsung,3440 x 1440,LS34DG850SUXEN,34 Inch,841,bol.com,MONITEUR
MSI MAG 271QPX QD-OLED E2 - Moniteur de Gaming WQHD - 27 pouces - 240 Hz - USB-C - DisplayHDR True Black 400,MSI,2560 x 1440,MAG 271QPX QD-OLED E2,27 Inch,687,bol.com,MONITEUR
Samsung Odyssey OLED G8 G80SD - Moniteur de Gaming Smart 4K QD-OLED - Tizen - Wi-Fi - Antireflet - 240hz - 32 pouces,Samsung,3860 x 2160,LS32DG802SUXEN,32 Inch,999,bol.com,MONITEUR
LG UltraGear 27GS95QE-B - Moniteur OLED - 26.5'' OLED - 16:9 - 3440 x 1440 QHD - 240 Hz - 0.03 ms - 250 cd/m² - 1500000:1 - Éclairage Hexagonal RGB - Zwart,LG,2560 x 1440,27GS95QE-B.AEU,27 Inch,699,bol.com,MONITEUR
ASUS ROG Swift OLED PG27UCDM - Moniteur de Gaming 4K QD-OLED - DP2.1 - 240 Hz - 27 pouces,ASUS,3840 x 2160,90LM0B30-B01971,27 Inch,1199,bol.com,MONITEUR
MSI MAG 274QRF QD E2 - Moniteur Gaming WQHD - Rapid IPS - Quantum Dot - Écran HDR400 - USB C 65W - 180Hz - 27 pouces,MSI,2560 x 1440,MAG 274QRF QD E2,27 Inch,269,bol.com,MONITEUR
LG UltraGear 27GS50F-B - Moniteur de Gaming Full HD - 180 Hz - 27 pouces,LG,1980 x 1080,27GS50F,27 Inch,166,bol.com,MONITEUR
"Farfi - Écran Extra pour ordinateur portable 14,1 pouces - Plug & Play - Moniteur portable - Écran portable pour ordinateur portable - Souris sans fil gratuite",Lanu,1920 x 1080,14.1,14.1 Inch,199,bol.com,MONITEUR
"Samsung LS27C432GAUXEN, 68,6 cm (27""), 1920 x 1080 pixels, Full HD, 4 ms, Noir",Samsung,1920 x 1080,LS27C432GAUXEN,27 Inch,149,bol.com,MONITEUR
MSI MAG 341CQP QD-OLED - Moniteur de Gaming UWQHD - 175hz - 34 pouces - USB-C,MSI,3440 x 1440,MAG 341CQP QD-OLED,34 Inch,799,bol.com,MONITEUR
Samsung Smart M5 LS32DM502EUXEN - Full HD - Dalle VA - 32 pouces,Samsung,3840 x 2160,LS32DM702UUXEN,32 Inch,346,bol.com,MONITEUR
"AOC C27G4ZXE - Moniteur de Gaming Full HD - 0,3 ms - 280hz",AOC,1920 x 1080,C27G4ZXE,27 Inch,159,bol.com,MONITEUR
"LG 27GR83Q-B, 68,6 cm (27""), 2560 x 1440 pixels, 2K Ultra HD, LED, 1 ms, Noir",LG,2560 x 1440,27GR83Q-B.AEU,27 Inch,369,bol.com,MONITEUR
AOC C27G4ZXU - Moniteur incurvé Full HD - Enceintes - Hub USB - Ergonomique - 280hz - 0.3ms - 27 pouces,AOC,1920 x 1080,C27G4ZXU,27 Inch,189,bol.com,MONITEUR
Samsung Odyssey G3 G30D - Moniteur de Gaming Full HD - 180 Hz - 24 pouces,Samsung,1920 x 1080,LS24DG302EUXEN,24 Inch,117,bol.com,MONITEUR
"Odyssey G5 32"" G55C - Noir - QHD - Écran PC Gaming",Samsung,2560 x 1440,LS32CG552EUXEN,32 Inch,259,bol.com,MONITEUR
LG UltraGear 27GS75Q-B - Moniteur de Gaming QHD - 180 Hz - 27 pouces,LG,2560 x 1440,27GS75Q-B.AEU,27 Inch,221,bol.com,MONITEUR
Moniteur BenQ Full HD GW2490 - 100 Hz - IPS - 1920x1080p - EyeCare - 24 pouces,BenQ,1920 x 1080,9H.LLSLJ.LBE,23.8 Inch,89,bol.com,MONITEUR
Samsung Odyssey G5 LS27DG502EUXEN - QHD - 1 ms - 180 Hz - 27 pouces,Samsung,2560 x 1440,LS27DG502SUXEN,27 Inch,199,bol.com,MONITEUR
"LG MyView 32SR83U-W - Moniteur LED- Smart - 32"" (31.5"" visible) - 3840 x 2160 4K - IPS - 400 cdm² - 1000:1 - HDR10 - 5 ms - 2xHDMI, USB-C - haut-parleurs - Wit",LG,3840 x 2160,32SR83U-W.AEU,32 Inch,449,bol.com,MONITEUR
"MSI Pro MP161 E2 - Moniteur USB-C portable - Full HD - 15,6 pouces",MSI,1920 x 1080,PRO MP161 E2,15.6 Inch,153,bol.com,MONITEUR
"Lanu - Triple moniteur portable Full HD - 2 x 13,3 pouces IPS - Plug & Play - Écran Extra pour ordinateur portable - Écran supplémentaire portable pour ordinateur portable",Lanu,1920 x 1080,#2306,13.3 Inch,299,bol.com,MONITEUR
Nomadius® Portable Monitor + Sleeve - 13 Inch 2K - Ultra léger et fin - Moniteur portable pour ordinateur portable avec Kick-Stand intégré - USB-C & HDMI - écran supplémentaire pour ordinateur portable - Plug & Play,Nomadius,2160 x 1350,n.v.t.,13 Inch,199,bol.com,MONITEUR
"Samsung Odyssey G6 LS27DG602SUXEN - QHD - OLED - 0,03 ms - 360 Hz - 27 pouces",Samsung,2560 x 1440,LS27DG602EUXEN,27 Inch,629,bol.com,MONITEUR
"MSI MAG401QR, 101,6 cm (40""), 3440 x 1440 pixels, UltraWide Quad HD, Zwart",MSI,3440 x 1440,MAG 401QR,40 Inch,427,bol.com,MONITEUR
"Moniteur portable Horivue® Full HD avec Enceintes 15,6 pouces - Moniteur portable pour ordinateur portable - Écran de Gaming IPS - USB-C et HDMI - 1080P",Sans marque,1920 x 1080,1,15.6 Inch,135,bol.com,MONITEUR
"Screen size (inch) 23.8, Panel resolution 1920x1080, Refresh rate 180 Hz, Response time MPRT 0.5 ms, Panel type IPS, HDMI HDMI 2.0 x 2, Display Port DisplayPort 1.4 x 1, Sync technology (VRR) G-SYNC Compatible + Adaptive Sync",AOC,1920 x 1080,24G4X,24 Inch,149,bol.com,MONITEUR
"Moniteur LED sans cadre TuTu 24S1 24 pouces 75 Hz HDMI, VGA, sortie Audio avec câble HDMI",Tutu,1920 x 1080,24S1,24 Inch,78,bol.com,MONITEUR
"LG 29WP500-B 73,7 cm (29"") 2560 x 1080 pixels Full HD Ultra large LED Noir",LG,2560 x 1080,29WP500-B,29 Inch,199,bol.com,MONITEUR
"ASUS VA27EHF, 68,6 cm (27""), 1920 x 1080 pixels, Full HD, LCD, 1 ms, Noir",ASUS,1920 x 1080,90LM0550-B04170,27 Inch,119,bol.com,MONITEUR
275E1S Moniteur LCD,Philips,2560 x 1440,275E1S/00,27 Inch,142,bol.com,MONITEUR
Curved Business Monitor 49B2U5900CH Moniteur incurvé SuperWide 32:9 avec USB-C,Philips,5120 x 1440,49B2U5900CH/00,49 Inch,984,bol.com,MONITEUR
"Samsung Odyssey S57CG952NU, 144,8 cm (57""), 7680 x 2160 pixels, LED, 1 ms, Noir, Blanc",Samsung,5120 x 2160,LS57CG952NUXEN,57 Inch,1897,bol.com,MONITEUR
"LG 27GR93U-B, 68,6 cm (27""), 3840 x 2160 pixels, 4K Ultra HD, 1 ms, Noir",LG,3860 x 2160,27GR93U-B,27 Inch,499,bol.com,MONITEUR
ASUS XG27ACS - Moniteur de Gaming QHD IPS - 180hz - USB-C 15w - Compatible G-Sync - 27 pouces,ASUS,2560 x 1440,XG27ACS,27 Inch,349,bol.com,MONITEUR
Monitor 27E1N1300AE Écran LCD Full HD,Philips,1920 x 1080,27E1N1300AE/00,27 Inch,159,bol.com,MONITEUR
LG 34GS95QE-B - Moniteur OLED -34 pouces - 3440 x 1440 pixels - Wide Quad HD - noir,LG,3440 x 1440,34GS95QE-B,34 Inch,927,bol.com,MONITEUR
Samsung LS24D600UAUXEN - Moniteur QHD IPS - USB-C 90w - Switch KVM - 24 pouces,Samsung,2560 x 1440,LS24D600UAUXEN,24 Inch,172,bol.com,MONITEUR
Écran FHD E27 G5 HP,HP,1920 x 1080,6N4E2AA#ABB,27 Inch,175,bol.com,MONITEUR
"ASUS ROG Swift OLED PG27AQDM, 67,3 cm (26.5""), 2560 x 1440 pixels, Wide Quad HD, OLED, 0,03 ms, Noir",ASUS,2560 x 1440,PG27AQDM,27 Inch,829,bol.com,MONITEUR
Samsung Odyssey OLED G9 LS49DG912SUXEN - Moniteur Dual QHD - 144 Hz - 49 pouces,Samsung,5120 x 1440,LS49DG912SUXEN,49 Inch,981,bol.com,MONITEUR
"Pora&Co - Moniteur de jeu portable IPS - Écran tactile - Écran 15,6 pouces - HDMI & USB-C - Full HD - Écran d'ordinateur - Moniteur portable",Pora&co,1920 x 1020,12345ASDF,15.6 Inch,134,bol.com,MONITEUR
"iiyama G-MASTER GCB3480WQSU-B1, 86,4 cm (34""), 3440 x 1440 pixels, UltraWide Quad HD, LCD, 0,4 ms, Noir",Iiyama,3440 x 1440,GCB3480WQSU-B1,34 Inch,299,bol.com,MONITEUR
"Philips 5000 series 34E1C5600HE/00 LED display 86,4 cm (34"") 3440 x 1440 pixels 4K Ultra HD Noir",Philips,3440 x 1440,34E1C5600HE/00,34 Inch,405,bol.com,MONITEUR
"Screen size (inch) 34, Panel resolution 3440x1440, Refresh rate 180 Hz, Response time MPRT 1 ms, Panel type VA, HDMI HDMI 2.0 x 2, Display Port DisplayPort 1.4 x 2, Sync technology (VRR) Adaptive Sync",AOC,3440 x 1440,CU34G2XP/BK,34 Inch,349,bol.com,MONITEUR
"Moniteur gaming Full HD, Evnia 3000",Philips,1920 x 1080,25M2N3200W/00,24.5 Inch,179,bol.com,MONITEUR
Moniteur portable 14 pouces Tri Screen USB-C - Plug & Play - Extension d'écran d'ordinateur portable,Office Goods Online,1920 x 1080,8720892555502,14.1 Inch,299,bol.com,MONITEUR
"K&G Portable Monitor Pro 2024 - Full HD - Tri-écran 15,6"" / 18,1"" - Extension d'écran pour ordinateur portable - Étui de protection et Câbles inclus - Zwart",K&G Goods,1920 x 1080,S9,15.6 Inch,369,bol.com,MONITEUR
"Moniteur portable Horivue® Full HD avec Enceintes 15,6 pouces - Écran tactile - Moniteur portable pour ordinateur portable - Écran de Gaming IPS - USB-C et HDMI - 1080P",Sans marque,1920 x 1080,1,15.6 Inch,159,bol.com,MONITEUR
"Philips Momentum 27M1C3200VL/00 écran plat de PC 68,6 cm (27"") 1920 x 1080 pixels Full HD LCD Noir",Philips,1920 x 1080,27M1C3200VL,27 Inch,169,bol.com,MONITEUR
"Moniteur portable S6 Tri-screen 15,6 pouces - Léger et Extra fin - Moniteur portable pour ordinateur portable - USB-C et HDMI - Écran d'ordinateur portable Extra - Écran Icd - Extension d'écran d'ordinateur portable portable - Plug & Play",Office Goods Online,1920 x 1080,6151016995966,15.6 Inch,429,bol.com,MONITEUR
"ASUS TUF Gaming VG34VQL3A, 86,4 cm (34""), 3440 x 1440 pixels, UltraWide Quad HD, LCD, 1 ms, Noir",ASUS,3440 x 1440,90LM06F0-B02E70,34 Inch,399,bol.com,MONITEUR
"Screen size (inch) 34, Panel resolution 3440x1440, Refresh rate 144 Hz, Response time MPRT 1 ms, Panel type VA, HDMI HDMI 2.0 x 1, Display Port DisplayPort 1.4 x 1, Sync technology (VRR) Adaptive Sync",AOC,3440 x 1440,CU34G2XE/BK,34 Inch,270,bol.com,MONITEUR
Asus90LM08S5-B01A70,ASUS,1920 x 1080,MB229CF,22 Inch,329,bol.com,MONITEUR
"ASUS ZenScreen MB166CR 39,6 cm (16:9) F",ASUS,1920 x 1020,90LM07D3-B03170,15.6 Inch,179,bol.com,MONITEUR
iiyama ProLite XU2493HS-B6 - 24 pouces - IPS - Full HD,Iiyama,1920 x 1080,XU2493HS-B6,24 Inch,99,bol.com,MONITEUR
"LG 32MR50C-B, 80 cm (31.5""), 1920 x 1080 pixels, Full HD, LCD, 5 ms, Noir",LG,1920 x 1080,32MR50C-B,32 Inch,171,bol.com,MONITEUR
LG UltraGear 45GS95QE-B - Moniteur de Gaming incurvé ultra-large OLED - 240 Hz - 45 pouces,LG,3440 x 1440,45GS95QE-B,45 Inch,1157,bol.com,MONITEUR
Curved Gaming Monitor 32M1C5200W Moniteur gaming Full HD,Philips,1920 x 1080,32M1C5200W,32 Inch,229,bol.com,MONITEUR
"AOC G2 C27G2ZE/BK écran plat de PC 68,6 cm (27"") 1920 x 1080 pixels Full HD LED Noir, Rouge",AOC,1920 x 1080,C27G2ZE,27 Inch,206,bol.com,MONITEUR
"iiyama ProLite XCB3494WQSN-B5, 86,4 cm (34""), 3440 x 1440 pixels, UltraWide Quad HD, 0,4 ms, Noir",Iiyama,3440 x 1440,XCB3494WQSN-B5,34 Inch,379,bol.com,MONITEUR
"Moniteur LCD V-line 24 (diag. 60,5 cm / 23,8"")",Philips,1920 x 1080,241V8LAB/00,23.8 Inch,79,bol.com,MONITEUR
LG UltraGear 24GS60F - Moniteur de Gaming Full HD IPS - 180hz - sRGB 99% - 24 pouces,LG,1920 x 1080,24GS60F,24 Inch,149,bol.com,MONITEUR
LG 34WQ500-B - Full HD - UltraWide - IPS - 100 Hz - 34 pouces,LG,2560 x 1080,34WQ500-B.AEU,34 Inch,248,bol.com,MONITEUR
,,,,,,bol.com,MONITEUR
ASUS Compatible Gaming,ASUS,3840 x 2160,90LM09S0-B01170,27 Inch,368,bol.com,MONITEUR
"Screen size (inch) 23.8, Panel resolution 1920x1080, Refresh rate 100 Hz, Response time MPRT 1 ms, Panel type IPS, USB-C connectivity USB-C (DP Alt mode) x 1, HDMI HDMI 1.4 x 1, D-SUB (VGA) 0x, DVI 0x, Sync technology (VRR) Adaptive Sync",AOC,1920 x 1080,24B3CA2,24 Inch,129,bol.com,MONITEUR
"Samsung LF24T450FQU écran plat de PC 61 cm (24"") 1920 x 1080 pixels Full HD Noir",Samsung,1920 x 1020,LF24T450FQRXEN,24 Inch,111,bol.com,MONITEUR
Iiyama LED _ _ _,Iiyama,1920 x 1080,XUB2493HSU-B6,24 Inch,129,bol.com,MONITEUR
"Philips 1000 series 27E1N1900AE/00 Écran LED 68 cm (27"") 3840 x 2160 pixels 4K Ultra HD LCD Zwart",Philips,3840 x 2160,27E1N1900AE/00,27 Inch,249,bol.com,MONITEUR
"CHiQ 22F650, moniteur 22 pouces, moniteur PC FHD (1920x1080), 100 Hz+FreeSync, ultra fin, HDMI, VGA, montable VESA, nouveau 2024",chiq,1920 x 1080,22F650,22 Inch,89,bol.com,MONITEUR
Samsung LS27D706EAUXEN - Moniteur 4K IPS 60 Hz - 27 pouces,Samsung,3840 x 2160,LS27D706EAUXEN,27 Inch,220,bol.com,MONITEUR
Moniteur de Gaming RAIDER Pro - FreeSync/G-Sync - 120 Hz - IPS - 27 pouces,Raider,1920 x 1080,8720955460217,27 Inch,129,bol.com,MONITEUR
iiyama G- Master G2745HSU-B2 Black Hawk - 27 pouces - Full HD - IPS - 100 Hz,Iiyama,1920 x 1080,G2745HSU-B2,27 Inch,129,bol.com,MONITEUR
"Gabrys® le nouvel écran portable - grand écran - écran HDMI - moniteur portable - écran - 10,1 pouces - 1024x600 - voiture - camion - moniteur portable - écran portable - moniteur pour caméra de sécurité - mini TV",Gabrys,1024 x 768,00,10.1 Inch,79,bol.com,MONITEUR
"Screen size (inch) 27, Panel resolution 1920x1080, Refresh rate 180 Hz, Response time MPRT 0.5 ms, Panel type IPS, HDMI HDMI 2.0 x 2, Display Port DisplayPort 1.4 x 1, Sync technology (VRR) G-SYNC Compatible + Adaptive Sync",AOC,1920 x 1080,27G4XE,27 Inch,129,bol.com,MONITEUR
"iiyama ProLite XUB2493HS-B6 - Moniteur LCD - 24"" - Full HD - IPS",Iiyama,1920 x 1080,XUB2493HS-B6,24 Inch,129,bol.com,MONITEUR
"Screen size (inch) 27, Panel resolution 1920x1080, Refresh rate 165 Hz, Response time MPRT 1 ms, Panel type VA, HDMI HDMI 2.0 x 2, Display Port DisplayPort 1.2 x 1, D-SUB (VGA) 1x, Sync technology (VRR) Adaptive Sync",AOC,1920 x 1080,C27G2E/BK,27 Inch,169,bol.com,MONITEUR
"Samsung ViewFinity S5 S50GC 86,4 cm (34"") 3440 x 1440 pixels UltraWide Quad HD LED Noir",Samsung,3440 x 1440,LS34C500GAUXEN,34 Inch,239,bol.com,MONITEUR
"Samsung S24C332GAU, 61 cm (24""), 1920 x 1080 pixels, Full HD, LED, 4 ms, Noir",Samsung,1920 x 1080,LS24C332GAUXEN,24 Inch,99,bol.com,MONITEUR
BenQ - Moniteur 4K PD2705U - Ultra HD - sRGB - Rec. 709 - HDR10 - AQCOLOR - USB-C - 27inch,BenQ,3840 x 2160,9H.LKDLA.TBE,27 Inch,380,bol.com,MONITEUR
"Lenovo L15 39,6 cm (15.6"") 1920 x 1080 pixels Full HD LED Noir, Gris",Lenovo,1920 x 1080,66E4UAC1WL,15.6 Inch,195,bol.com,MONITEUR
Samsung Viewfinity LS27D800UAUXEN - Moniteur 4K IPS USB-C - 90w - RJ45 - 100hz - 27 pouces,Samsung,3860 x 2160,LS27D800UAUXEN,27 Inch,330,bol.com,MONITEUR
"CHiQ 27F650R, moniteur 27 pouces, moniteur PC IPS FHD (1920x1080), 100 Hz+FreeSync, ultra fin, HDMI, DP, VGA, USB, Type-C, montable VESA, nouveau 2024",chiq,1920 x 1080,27F650R,27 Inch,109,bol.com,MONITEUR
Moniteur portable Horivue® Full HD avec Enceintes 14 pouces - Moniteur portable pour ordinateur portable - Écran de Gaming LCD - USB-C et HDMI - 1080P,Sans marque,1280 x 1024,1,14 Inch,169,bol.com,MONITEUR
Nomadius® Portable Monitor - 13 Inch 2K - Ultra léger et fin - Moniteur portable pour ordinateur portable avec Kick-Stand intégré - USB-C & HDMI - écran supplémentaire pour ordinateur portable - Plug & Play,Nomadius,2160 x 1350,n.v.t.,13 Inch,187,bol.com,MONITEUR
"ViewFinity S65UC 34"" - Noir - UWQHD - Écran PC Professionnel",Samsung,3440 x 1440,LS34C652UAUXEN,34 Inch,371,bol.com,MONITEUR
"68.6cm (27"") Quad HD 2560 x 1440 Edge LED IPS, 16:9, 350cd/m², 1.07B, 8ms, 178°/178°, 2000:1",Dell,2560 x 1440,U2724D,27 Inch,365,bol.com,MONITEUR
"E3 Tri-screen - Moniteur portable - Triple écran - Écran - Moniteurs - Housse de protection - 2x 15,6 pouces Full HD - Écran d'ordinateur portable : 13"" - 16""",E3MAX,1920 x 1080,-,15.6 Inch,349,bol.com,MONITEUR
"AOC G3 25G3ZM/BK écran plat de PC 62,2 cm (24.5"") 1920 x 1080 pixels Full HD Noir, Rouge",AOC,1920 x 1080,25G3ZM,25 Inch,182,bol.com,MONITEUR
Monitor 24E1N1300AE Écran LCD Full HD,Philips,1920 x 1080,24E1N1300AE/00,24 Inch,149,bol.com,MONITEUR
LG UltraGear 32GS85Q-B - QHD - Moniteur de Gaming - 180 Hz - Nano IPS - 32 pouces,LG,2560 x 1440,32GS85Q-B.AEU,32 Inch,449,bol.com,MONITEUR
"AOC G2 Q27G2E/BK écran plat de PC 68,6 cm (27"") 2560 x 1440 pixels Quad HD Noir, Rouge",AOC,2560 x 1440,Q27G2E/BK,27 Inch,184,bol.com,MONITEUR
"80.0cm (31.5"") 4K Ultra HD 3840 x 2160, 16:9, 250cd/m², 1ms, 178°/178°, 150000:1",MSI,3840 x 2160,MSI MPG 321URX,32 Inch,1299,bol.com,MONITEUR
"ASUS ZenScreen OLED MQ16AH 39,6 cm (15.6"") 1920 x 1080 pixels Full HD Gris",ASUS,1920 x 1080,MQ16AH,15.6 Inch,440,bol.com,MONITEUR
"ASUS TUF Gaming VG249Q3A, 60,5 cm (23.8""), 1920 x 1080 pixels, Full HD, LCD, 1 ms, Noir",ASUS,1920 x 1080,VG249Q3A,24 Inch,139,bol.com,MONITEUR
"Screen size (inch) 27, Panel resolution 2560x1440, Refresh rate 180 Hz, Panel type VA, HDMI HDMI 2.0 x 2, Display Port DisplayPort 1.4 x 1, Sync technology (VRR) Freesync Premium Pro",AOC,2560 x 1440,Q27G3XMN/BK,27 Inch,349,bol.com,MONITEUR
"LG Gaming 39GS95QE-B.AEU computer monitor, 99,1 cm (39""), 3440 x 1440 pixels, Wide Quad HD, OLED, 0,03 ms",LG,3440 x 1440,39GS95QE-B.AEU,39 Inch,1192,bol.com,MONITEUR
"Moniteur de Gaming AOC CQ32G4VE 32"" 180 Hz Quad HD",AOC,2560 x 1440,CQ32G4VE,32 Inch,219,bol.com,MONITEUR
"Taille de l'écran (pouces) 27, résolution du panneau 3840x2160, taux de rafraîchissement maximum 60 Hz, type de panneau VA, HDMI HDMI 2.0 x 2, Display Porto DisplayPort 1.4 x 1, technologie de synchronisation (VRR) Adaptive Sync",AOC,3860 x 2160,U27B3M,27 Inch,169,bol.com,MONITEUR
Écran AOC Q27B3CF2 - WLED - 27 - IPS,AOC,2560 x 1440,27B3CF2,27 Inch,199,bol.com,MONITEUR
"LG 32GR93U-B, 80 cm (31.5""), 3840 x 2160 pixels, 4K Ultra HD, LCD, 1 ms, Noir",LG,3840 x 2160,32GR93U-B,32 Inch,599,bol.com,MONITEUR
"Dahua Technology LM24-B200S, 60,5 cm (23.8""), 1920 x 1080 pixels, Full HD, LED, 6,5 ms, Noir",Dahua,1920 x 1080,DHI-LM24-B200S,24 Inch,99,bol.com,MONITEUR
"Odyssey OLED G9 49"" G95SC - Silver - DQHD - Écran PC Gaming",Samsung,5120 x 1440,LS49CG954SUXEN,49 Inch,949,bol.com,MONITEUR
ASUS ROG Strix Gaming,ASUS,2560 x 1440,90LM0AH0-B01A70,27 Inch,723,bol.com,MONITEUR
"E3 Tri-screen - Moniteur portable - Triple écran - Écran - Moniteurs - Housse de protection - Modèle 1 câble - Windows/MacOS - 2x 15 pouces Full HD - Écran ordinateur portable : 13"" - 17,3""",E3MAX,1920 x 1080,x,15 Inch,349,bol.com,MONITEUR
AOC 27G4X 180 Hz FHD 1 ms avec HDR10,AOC,1920 x 1080,27G4X,27 Inch,169,bol.com,MONITEUR
Samsung Oyssey G7 LS27DG702EUXEN - Moniteur IPS 4K - 144 Hz - 27 pouces,Samsung,3840 x 2160,LS27DG702EUXEN,27 Inch,491,bol.com,MONITEUR
Écran Portable 14 Pouces Full HD USB-C - Inclut une Housse de Transport - Plug and Play - Moniteur Portable - Écran Portable - Moniteur Portable pour Ordinateur Portable - Écran Portable pour Ordinateur Portable - Écran Portable - Moniteur USB,Office Goods Online,1920 x 1080,6151013499405,14 Inch,189,bol.com,MONITEUR
"AOC G2 24G2ZE/BK LED display 60,5 cm (23.8"") 1920 x 1080 pixels Full HD Noir, Rouge",AOC,1920 x 1080,24G2ZE/BK,24 Inch,178,bol.com,MONITEUR
"Moniteur Samsung ViewFinity S65TC - 34"" - Zwart - 3440x1440 - Courbé",Samsung,3440 x 1440,LS34C650TAUXEN,34 Inch,479,bol.com,MONITEUR
"Lenovo D24-40 60,5 cm (23.8"") 1920 x 1080 pixels Full HD LED Noir",Lenovo,1920 x 1080,67A2KAC6EU,23.8 Inch,86,bol.com,MONITEUR
Samsung Odyssey G3 G30D - Moniteur de Gaming Full HD - 180hz - 27 pouces,Samsung,1920 x 1080,LS27DG302EUXEN,27 Inch,156,bol.com,MONITEUR
"Screen size (inch) 23.8, Panel resolution 2560x1440, Refresh rate 165 Hz, Response time MPRT 1 ms, Panel type IPS, HDMI HDMI 2.0 x 1, Display Port DisplayPort 1.2 x 1, Sync technology (VRR) G-SYNC Compatible + Adaptive Sync",AOC,2560 x 1440,Q24G2A/BK,24 Inch,199,bol.com,MONITEUR
Écran gamer QHD 165 Hz OMEN 27 pouces - OMEN 27q,HP,2560 x 1440,780H4AA#ABB,27 Inch,219,bol.com,MONITEUR
Iiyama LED _ _,Iiyama,1920 x 1080,XUB2492HSU-B6,24 Inch,,bol.com,MONITEUR
"Samsung Odyssey S32BG650EU 81,3 cm (32"") 2560 x 1440 pixels Quad HD LED Noir",Samsung,2560 x 1440,LS32BG650EUXEN,32 Inch,469,bol.com,MONITEUR
"LG UltraGear 32GS75Q-B - Moniteur de Gaming - 31,5"" - IPS - 2560 x 1440 pixels - Quad HD - 180 Hz",LG,2560 x 1440,32GS75Q-B.AEU,32 Inch,,bol.com,MONITEUR
Monitor 27E1N1600AE Moniteur Quad HD,Philips,2560 x 1440,27E1N1600AE/00,27 Inch,219,bol.com,MONITEUR
"LG 34WP550, 86,4 cm (34""), 2560 x 1080 pixels, Full HD Ultra large, LED, 5 ms, Noir",LG,2560 x 1080,34WP550-B.BEU,34 Inch,237,bol.com,MONITEUR
Moniteur de Gaming RAIDER Pro - FreeSync/G-Sync - 240Hz - Courbé - 27 pouces,Raider,1920 x 1080,8720955460101,27 Inch,169,bol.com,MONITEUR
LG 27UP850K - Moniteur IPS 4K - Convient pour Apple Macbook - USB-C 90w - 27 pouces,LG,3840 x 2160,27UP850K,27 Inch,349,bol.com,MONITEUR
"HoriVue - Moniteur portable - Triple écran - Portable - Écran portable pour ordinateur portable - Comprend une housse de protection - Écran d'ordinateur portable : 14"" - 16"" - 13,3 pouces - Full HD - 1,36 Kg",Sans marque,1920 x 1080,0,13.3 Inch,289,bol.com,MONITEUR
iiyama ProLite XUB2793HS-B7 - 27 pouces - Full HD - IPS - réglable en hauteur,Iiyama,1920 x 1080,XUB2793HS-B7,27 Inch,149,bol.com,MONITEUR
"iiyama G-MASTER G2766HSU-B1 LED display 68,6 cm (27"") 1920 x 1080 pixels Full HD Noir",Iiyama,1920 x 1080,G2766HSU-B1,27 Inch,169,bol.com,MONITEUR
Gaming Monitor 27M2N3200S Full HD gaming monitor,Philips,1920 x 1080,27M2N3200S/00,27 Inch,129,bol.com,MONITEUR
Moniteur BenQ Full HD GW2790 - 100 Hz - IPS - 1920x1080p - EyeCare - 27 pouces,BenQ,1920 x 1080,9H.LLTLJ.LBE,27 Inch,109,bol.com,MONITEUR
"iiyama G-MASTER GCB3280QSU-B1, 80 cm (31.5""), 2560 x 1440 pixels, LED, 0,2 ms, Noir",Iiyama,2560 x 1440,GCB3280QSU-B1,32 Inch,239,bol.com,MONITEUR
"AOC V5 CU34V5CW 86,4 cm (34"") 3440 x 1440 pixels Wide Quad HD LED Noir",AOC,3440 x 1440,CU34V5CW/BK,34 Inch,337,bol.com,MONITEUR
"Philips E Line 275E2FAE/00 écran plat de PC 68,6 cm (27"") 2560 x 1440 pixels 4K Ultra HD LED Noir",Philips,2560 x 1440,275E2FAE/00,27 Inch,179,bol.com,MONITEUR
RAIDER 34 pouces Ultra Wide Gaming Monitor - 165HZ - 34 pouces - WQHD (3440x1440) - CURVED - 1 ms - FreeSync/G-Sync - Zwart,Raider,3440 x 1440,8720648508936,34 Inch,249,bol.com,MONITEUR
GAME HERO® 40 pouces Ultra-Wide Quad HD Monitor -144 Hz,Game Hero,3440 x 1440,LC-M40-UWQHD-144,40 Inch,499,bol.com,MONITEUR
"Odyssey G9 49"" G95C - Noir - WQHD - Écran PC Gaming",Samsung,5120 x 1440,LS49CG954EUXEN,49 Inch,938,bol.com,MONITEUR
"AOC CQ27G2S/BK, 68,6 cm (27""), 2560 x 1440 pixels, Quad HD, 4 ms, Noir, Rouge",AOC,2560 x 1440,CQ27G2S,27 Inch,227,bol.com,MONITEUR
"Philips 27E1N1800A/00 écran d'ordinateur 68 cm (27"") 3840 x 2160 pixels 4K Ultra HD LED Zwart",Philips,3840 x 2160,27E1N1800A/00,27 Inch,189,bol.com,MONITEUR
Samsung S60UD,Samsung,2560 x 1440,LS27D600UAUXEN,27 Inch,242,bol.com,MONITEUR
iiyama G- Master G2245HSU-B2 Black Hawk - 22 pouces - Full HD - IPS - 100 Hz,Iiyama,1920 x 1080,G2245HSU-B2,21.5 Inch,89,bol.com,MONITEUR
"ASUS TUF Gaming VG27AQ 68,6 cm (27"") 2560 x 1440 pixels Quad HD LED Noir",ASUS,2560 x 1440,90LM0500-B01370,27 Inch,266,bol.com,MONITEUR
"K&G Portable Monitor Pro 2024 - Full HD - Tri-écran 15,6"" / 18,1"" - Extension d'écran pour ordinateur portable - Étui de protection et Câbles inclus - Grijs",K&G Goods,1920 x 1080,S9,15.6 Inch,369,bol.com,MONITEUR
"Moniteur portable de table Arzopa S1 - Full HD - 15,6 pouces - USB-C - Bookcase incluse",Arzopa,1920 x 1080,S1 Table,15.6 Inch,128,bol.com,MONITEUR
"Samsung Odyssey LS25BG400EUXEN écran plat de PC 63,5 cm (25"") 1920 x 1080 pixels Full HD IPS Noir",Samsung,1920 x 1080,LS25BG400EUXEN,24.5 Inch,164,bol.com,MONITEUR
"Moniteur LED TuTu F2145M 22 pouces Full HD 75 Hz HDMI, VGA, sortie Audio avec câble HDMI",Tutu,1980 x 1080,F2145M,22 Inch,74,bol.com,MONITEUR
"ASUS TUF Gaming VG34VQ3B, 86,4 cm (34""), 3440 x 1440 pixels, UltraWide Quad HD, LED, 1 ms, Zwart",ASUS,3440 x 1440,90LM0AA0-B01170,34 Inch,359,bol.com,MONITEUR
"Screen size (inch) 27, Panel resolution 2560x1440, Refresh rate 180 Hz, Response time MPRT 0.5 ms, Panel type IPS, HDMI HDMI 2.0 x 2, Display Port DisplayPort 1.4 x 1, D-SUB (VGA) 0x, DVI 0x, Sync technology (VRR) Adaptive Sync",AOC,2560 x 1440,Q27G4X,27 Inch,219,bol.com,MONITEUR
"Screen size (inch) 27, Panel resolution 3840x2160, Refresh rate 160 Hz, Response time MPRT 1 ms, Panel type IPS, HDMI HDMI 2.1 x 2, Display Port DisplayPort 1.4 x 2, Sync technology (VRR) G-SYNC Compatible + Adaptive Sync",AOC,3840 x 2160,U27G3X/BK,27 Inch,379,bol.com,MONITEUR
"43"", 16:9, 400 cd/㎡, 3.840 x 2.160, 1ms(MPRT), 960.8 x 635.0 x 254.1mm, 11.7kg",Samsung,3840 x 2160,LS43CG700NUXEN,43 Inch,648,bol.com,MONITEUR
"iiyama G-MASTER GB2590HSU-B5, 62,2 cm (24.5""), 1920 x 1080 pixels, Full HD, LCD, 0,4 ms, Noir",Iiyama,1920 x 1080,GB2590HSU-B5,24.5 Inch,199,bol.com,MONITEUR
"MSI MAG 275CQRX écran d'ordinateur 68 cm (27"") 2560 x 1440 pixels Wide Quad HD Zwart",MSI,2560 x 1440,MAG 275CQRXF,27 Inch,429,bol.com,MONITEUR
"Philips P Line 346P1CRH/00 LED display 86,4 cm (34"") 3440 x 1440 pixels UltraWide Quad HD Noir",Philips,3440 x 1440,346P1CRH/00,34 Inch,499,bol.com,MONITEUR
"LG Smart Monitor 32SQ700S-W.AEU - Moniteur LCD - 31,5 pouces - 3840 x 2160 (Ultra HD 4K) - WebOS - Dalle VA - 250 cdm² - 3000:1 - HDR10 - 5 ms - 2x HDMI - Télécommande",LG,3840 x 2160,32SQ700S-W.AEU,32 Inch,299,bol.com,MONITEUR
Acer Nitro XV240YM3BMIIPRX,Acer,1920 x 1080,UM.QX0EE.306,23.8 Inch,129,bol.com,MONITEUR
"LG 34WQ75C-B, 86,4 cm (34""), 3440 x 1440 pixels, Quad HD, LCD, 5 ms, Noir",LG,3440 x 1440,34WQ75CP-B.AEU,34 Inch,449,bol.com,MONITEUR
"Philips Momentum 32M1N5800A/00 écran plat de PC 80 cm (31.5"") 3840 x 2160 pixels 4K Ultra HD LCD Noir",Philips,3840 x 2160,32M1N5800A/00,32 Inch,496,bol.com,MONITEUR
Écran USB-C QHD HP E27u G5,HP,2560 x 1440,6N4D3AA#ABB,27 Inch,281,bol.com,MONITEUR
LG 27GS60QX-B,LG,2560 x 1440,27GS60QX-B,27 Inch,153,bol.com,MONITEUR
GAME HERO® 27 pouces Moniteur de Gaming incurvé Full HD - 165 Hz - Écran large 16:9,Game Hero,1920 x 1080,6019941481421,27 Inch,167,bol.com,MONITEUR
"HP E34m G4 86,4 cm (34"") 3440 x 1440 pixels Wide Quad HD Noir",HP,3440 x 1440,40Z26AA#ABB,34 Inch,493,bol.com,MONITEUR
"Samsung Écran PC Professionnel Série T45F 27""",Samsung,1920 x 1080,LF27T450FQRXEN,27 Inch,127,bol.com,MONITEUR
"Moniteur de Gaming RAIDER Pro - 27 pouces, 165 Hz, incurvé, VA, 4 ms - Zwart",Raider,1920 x 1080,8719327336830,27 Inch,149,bol.com,MONITEUR
"Farfi - Écran Extra pour ordinateur portable 11,6 pouces - Plug & Play - Moniteur portable - Écran portable pour ordinateur portable - Souris sans fil gratuite",Lanu,1366 x 768,11.6,11.6 Inch,159,bol.com,MONITEUR
Sony INZONE M10S – 27 pouces - OLED QHD – 480Hz - Moniteur Gaming,Sony,2560 x 1440,SDM27Q10SB.CEI,27 Inch,970,bol.com,MONITEUR
"Arzopa G1 Game - Moniteur de Gaming portable - Béquille intégrée - 144 Hz - 16,1 pouces",Arzopa,1920 x 1080,A1 Game,16 Inch,180,bol.com,MONITEUR
"K&G Portable Monitor Pro 2024 - Full HD - 14"" / 17,3"" - Tri-Screen - Extension d'écran pour ordinateur portable - Étui de protection et Câbles inclus - Grijs",K&G Goods,1920 x 1080,S16,14 Inch,349,bol.com,MONITEUR
"ASUS ProArt PA278CGV, 68,6 cm (27""), 2560 x 1440 pixels, Quad HD, LCD, 5 ms, Noir",ASUS,2560 x 1440,90LM05L1-B04370,27 Inch,359,bol.com,MONITEUR
"Moniteur grand écran Medion Akoya P52218 (MD 20150) - 54,6 cm (22'') - Écran Full HD- HDMI et sans bordure",MEDION,1920 x 1080,MD20150,22 Inch,79,bol.com,MONITEUR
"Lenovo L24i-4A Écran LED 60,5 cm (23.8"") 1920 x 1080 pixels Full HD Grijs",Lenovo,1920 x 1080,67BCKAC6EU,24 Inch,89,bol.com,MONITEUR
Curved Gaming Monitor 34M1C5500VA Moniteurs gaming WQHD,Philips,3440 x 1440,34M1C5500VA/00,34 Inch,314,bol.com,MONITEUR
322E1C Moniteur LCD incurvé Full HD,Philips,1920 x 1080,322E1C/00,32 Inch,179,bol.com,MONITEUR
iiyama G- Master G2470HS-B1 Red Eagle - 24 pouces - Full HD - IPS - 180 Hz,Iiyama,1920 x 1080,G2470HS-B1,23.8 Inch,119,bol.com,MONITEUR
"Alienware AW2724HF, 68,6 cm (27""), 1920 x 1080 pixels, Full HD, LCD, Noir",Dell,1920 x 1080,GAME-AW2724HF,27 Inch,379,bol.com,MONITEUR
"Samsung LS24C360EAUXEN, 61 cm (24""), 1920 x 1080 pixels, Full HD, LED, 4 ms, Noir",Samsung,1920 x 1080,LS24C360EAUXEN,24 Inch,107,bol.com,MONITEUR
MP Portable Monitor V1 - TRI-Screen - Dual moniteur portable - Écran Extra - 14 pouces - Moniteur - Écran - Étui de protection inclus,MP My Panny,1920 x 1080,MP03,14 Inch,269,bol.com,MONITEUR
"Shop Universe Arzopa Moniteur portable 15,6'' FHD 1080P IPS USB-C Mini-HDMI Deuxième écran externe pour Mac Ordinateur portable PC android Switch Xbox PS4/5",Arzopa,1920 x 1080,A1,15.6 Inch,165,bol.com,MONITEUR
"21.5"", 54.6cm, IPS, 250 cd/m², 1920 x 1080, 0.4ms, 80M:1, 30 - 115kHz, 489.5 x 336.5 (486.5) x 109.5mm, 4.5kg",Iiyama,1920 x 1080,XUB2292HSU-W6,21.5 Inch,139,bol.com,MONITEUR
"iiyama ProLite 27"" FHD IPS HDMI USB, 68,6 cm (27"")",Iiyama,1920 x 1080,XUB2763HSU-B1,27 Inch,169,bol.com,MONITEUR
Dahua LM27-E230C - Moniteur Gaming incurvé Full HD VA - 27 pouces - 165hz - 1ms,Dahua,1920 x 1080,DHI-LM27-E230C,27 Inch,169,bol.com,MONITEUR
"Moniteur de jeu 27"" RAIDER 4K IPS",Raider,3840 x 2160,8719327336878,27 Inch,209,bol.com,MONITEUR
MSI PRO MP271A E2 - Moniteur Full HD - 120hz - 27 pouces,MSI,1920 x 1080,PRO MP271A E2,27 Inch,124,bol.com,MONITEUR
"AOC V5 CU34V5C 86,4 cm (34"") 3440 x 1440 pixels Wide Quad HD LED Noir",AOC,3440 x 1440,CU34V5C/BK,34 Inch,314,bol.com,MONITEUR
Monitor 27E1N1300A Écran LCD Full HD,Philips,1920 x 1080,27E1N1300A/00,27 Inch,145,bol.com,MONITEUR
"LG 27GP950-B 68,6 cm (27"") 3840 x 2160 pixels 4K Ultra HD LED Noir",LG,3840 x 2160,27GP95RP,27 Inch,565,bol.com,MONITEUR
"Moniteur portable - Moniteur - Écran - Vacances - Voyage - 10,1 pouces - 1024x600 - Moniteur portable - Zwart - Écran portable",Sans marque,1024 x 768,00,10.1 Inch,86,bol.com,MONITEUR
"Alienware AW3225QF, 81,3 cm (32""), 3840 x 2160 pixels, 4K Ultra HD, QDOLED, 0,03 ms, Noir, Blanc",Dell,3840 x 2160,GAME-AW3225QF,32 Inch,1058,bol.com,MONITEUR
"124.5cm (49"") DQHD 5120 x 1440, 32:9, 250cd/m², 1.07B, 178°/178°, 1500000:1",MSI,5120 x 1440,MPG 491CQP QD-OLED,49 Inch,1099,bol.com,MONITEUR
Moniteur incurvé QHD VA GAME HERO® 27 pouces - Moniteur de Gaming - Moniteur 180 Hz - 1 ms,Game Hero,2560 x 1440,4262443280876,27 Inch,229,bol.com,MONITEUR
"Moniteur LCD V-line, 27"" (68,6 cm)",Philips,1920 x 1080,271V8LAB/00,27 Inch,99,bol.com,MONITEUR
Iiyama LED _ _,Iiyama,1920 x 1080,XU2793HS-B6,27 Inch,122,bol.com,MONITEUR
ASUS ROG Swift PG34WCDM - Moniteur de Gaming OLED incurvé 4K 240 Hz - 34 pouces,ASUS,3440 x 1440,90LM09L0-B01A70,34 Inch,1081,bol.com,MONITEUR
"Moniteur BenQ GW2491 24"" - Écran IPS - 1080p - FHD - 100 Hz - Eye-Care - 1080x1920 - Low Blue Light Plus",BenQ,1920 x 1080,9H.LNELJ.LBE,23.8 Inch,79,bol.com,MONITEUR
"K&G Portable Monitor Ultra 14"" - Extension d'écran pour ordinateur portable - Moniteur portable - Étui de protection et Câbles inclus - Full HD",K&G Goods,1920 x 1200,S7,14 Inch,289,bol.com,MONITEUR
"Moniteur de Gaming incurvé RAIDER, 27 pouces, 75 Hz, VA, 4 ms, 16:9 Full HD (1920 x 1080), FreeSync/G-Sync - Zwart avec RVB",Raider,1920 x 1080,8719327336823,27 Inch,119,bol.com,MONITEUR
"43"", 4K UHD (3840 x 2160), 60 Hz, 300 cd/m2, 5000:1, 1 ms, Smart TV, Samsung TV Plus, G/G",Samsung,3840 x 2160,LS43DM702UUXEN,43 Inch,461,bol.com,MONITEUR
MSI MAG 274UPF E2 - Moniteur de Gaming 4K UHD - 160 Hz - 27 pouces - Rapid IPS - USB-C,MSI,3840 x 2160,MAG 274UPF E2,27 Inch,397,bol.com,MONITEUR
ASUS TUF Gaming VG249QL3A - Full HD - 180 Hz - IPS - 24 pouces,ASUS,1920 x 1080,90LM09G0-B01170,24 Inch,160,bol.com,MONITEUR
"Philips 5000 series 24E1N5300HE/00 écran plat de PC 60,5 cm (23.8"") 1920 x 1080 pixels Full HD LCD Noir",Philips,1920 x 1080,24E1N5300HE,24 Inch,166,bol.com,MONITEUR
"Living Goods - Moniteur portable - Moniteur d'écran Extra - Écran d'ordinateur portable - Full HD - Comprenant 4 Câbles et support de moniteur - 1366X768 - 11,6 pouces",Sans marque,1366 x 768,Informatie volgt,11.6 Inch,97,bol.com,MONITEUR
Samsung S49C950UAU,Samsung,5120 x 1440,LS49C950UAUXEN,49 Inch,1017,bol.com,MONITEUR
"ASUS TUF Gaming VG249QM1A 60,5 cm (23.8"") 1920 x 1080 pixels Full HD Noir",ASUS,1920 x 1080,90LM06J0-B02370,24 Inch,226,bol.com,MONITEUR
Business Monitor 345B1C Écran LCD UltraWide incurvé,Philips,3440 x 1440,345B1C/00,34 Inch,375,bol.com,MONITEUR
Business Monitor 40B1U5600 Moniteur LCD UltraWide avec USB-C,Philips Monitors,3440 x 1440,40B1U5600/00,40 Inch,487,bol.com,MONITEUR
"Moniteur de Gaming Horivue 144 Hz - Moniteur portable - Écran sans fil 16,1 pouces - Plug & Play - Écran IPS - USB-C",Sans marque,1920 x 1080,1,16.1 Inch,164,bol.com,MONITEUR
"Samsung C27RG54FQR 68,6 cm (27"") 1920 x 1080 pixels Full HD LED Bleu, Gris",Samsung,1920 x 1080,LC27RG54FQRXZG,27 Inch,199,bol.com,MONITEUR
AOC G2 C27G2Z3/ BK - Moniteur Gaming Incurvé Full HD - 280hz - 0.5ms - 27 pouces,AOC,1920 x 1080,C27G2Z3/BK,27 Inch,169,bol.com,MONITEUR
"LG 24BA450-B - 24"" - 1920 x 1080 Full HD (1080p) @ 100 Hz - IPS - 250 cdm² - 1300:1 - 5 ms - HDMI, VGA, DisplayPort - haut-parleurs",LG,1920 x 1080,24BA450-B,23.8 Inch,124,bol.com,MONITEUR
"Moniteur portable MP - TRI-Screen - Dual moniteur portable - Nouveau modèle - Écrans - Moniteurs - Écran - Moniteur - 13,3"" - 1920x1080P - 60 HZ - HDMI - USB-C - WINDOWS - AMAC - ANDROID - Écran d'ordinateur portable : 13"" 16"" - Zwart",MP My Panny,1920 x 1080,MP01,14 Inch,289,bol.com,MONITEUR
"LG 27UP650-W 68,6 cm (27"") 3840 x 2160 pixels 4K Ultra HD LCD Argent",LG,3840 x 2160,27UP650,27 Inch,276,bol.com,MONITEUR
346B1C Moniteur LCD UltraWide incurvé avec USB-C,Philips,3440 x 1440,346B1C/00,34 Inch,432,bol.com,MONITEUR
"HP E24mv G4 60,5 cm (23.8"") 1920 x 1080 pixels Full HD Noir, Argent",HP,1920 x 1080,169L0AA#ABB,24 Inch,215,bol.com,MONITEUR
"Philips Evnia 27M2N3201A/00 Écran LED 68 cm (27"") 1920 x 1080 pixels Full HD LCD Wit",Philips,1920 x 1080,27M2N3201A/00,27 Inch,149,bol.com,MONITEUR
Business Monitor 16B1P3302D Moniteur portable,Philips,1920 x 1080,16B1P3302D/00,15.6 Inch,189,bol.com,MONITEUR
"Samsung Odyssey G6 LS27DG612SUXEN - QHD - OLED - 0,03 ms - 240Hz - 27 pouces",Samsung,2560 x 1440,LS27DG612SUXEN,27 Inch,599,bol.com,MONITEUR
ASUS 68 HD,ASUS,2560 x 1440,90LM09Y1-B01370,27 Inch,429,bol.com,MONITEUR
"Philips Evnia 24M2N3200S - Moniteur de Gaming Full HD Fast IPS - 180hz - 0,5 ms - Enceintes - 24 pouces",Philips,1920 x 1080,24M2N3200S/00,24 Inch,119,bol.com,MONITEUR
"27"", 68.5cm, IPS, 2560 x 1440, 16:9, 250 cd/m², 1300:1, 30 - 151kHz, 611.5 x 555.5 x 214mm, 691 x 142 x 447mm, 5.5kg, 7.2kg",Iiyama,2560 x 1440,GB2745QSU-B1,27 Inch,189,bol.com,MONITEUR
BenQ - Moniteur Gaming EX240N - 1 ms - 165 Hz - Eye Care - 24 pouces,BenQ,1920 x 1080,9H.LL6LB.QBE,24 Inch,119,bol.com,MONITEUR
LG Ultragear 24GS50F-B - Moniteur de Gaming Full HD - 180 Hz - 24 pouces,LG,1980 x 1080,24GS50F-B.AEUQ,24 Inch,118,bol.com,MONITEUR
"Samsung Odyssey G7 32'' 81,3 cm (32"") 3840 x 2160 pixels 4K Ultra HD LED Noir",Samsung,3840 x 2160,526472190,32 Inch,550,bol.com,MONITEUR
BenQ - Moniteur Gaming EX2710Q - 2560x1440 - 165Hz - IPS - 27 pouces,BenQ,2560 x 1440,9H.LK4LA.TBE,27 Inch,259,bol.com,MONITEUR
Gaming Monitor 49M2C8900L Moniteur gaming QD OLED,Philips,5120 x 1440,49M2C8900L/00,49 Inch,999,bol.com,MONITEUR
Samsung Smart M8 LS32DM801UUXEN - Moniteur Smart 4K - Apple AirPlay - Tizen - Wi-Fi - 32 pouces,Samsung,3860 x 2160,LS32DM801UUXEN,32 Inch,571,bol.com,MONITEUR
"Moniteur de jeu portable IPS - Écran 15,6 pouces - HDMI & USB-C - Full HD - Pora&Co - Écran d'ordinateur - Moniteur portable",Pora&co,1920 x 1020,12345ASDF,15.6 Inch,111,bol.com,MONITEUR
"iiyama XUB2492HSU-W6, 60,5 cm (23.8""), 1920 x 1080 pixels, Full HD, LED, 0,4 ms, Blanc",Iiyama,1920 x 1080,XUB2492HSU-W6,24 Inch,149,bol.com,MONITEUR
"Moniteurs de Gaming TITAN ARMY C32C1S avec écran 32 pouces, résolution 2K, taux de rafraîchissement élevé de 240 Hz",TITAN ARMY,2560 x 1440,TITAN ARMY-C32C1S,32 Inch,292,bol.com,MONITEUR
"LG 34WN750-B LED display 86,4 cm (34"") 3440 x 1440 pixels UltraWide Quad HD Noir",LG,3440 x 1440,34WN750,34 Inch,396,bol.com,MONITEUR
GAME HERO® 28 pouces Moniteur de Gaming ultra large incurvé - 100 Hz,Game Hero,2560 x 1080,LC-M29-UW-UXGA-100-C,29.5 Inch,285,bol.com,MONITEUR
"Samsung LS27BG400EUXEN écran plat de PC 68,6 cm (27"") 1920 x 1080 pixels Full HD LED Noir",Samsung,1920 x 1080,LS27BG400EUXEN,27 Inch,,bol.com,MONITEUR
Samsung ViewFinity LS32D800UAUXEN - 4K - Dalle VA - Moniteur USB-C - 90w - RJ45 - 60 Hz - réglable en hauteur - 32 pouces,Samsung,3840 x 2160,LS32D800UAUXEN,32 Inch,399,bol.com,MONITEUR
Samsung Odyssey G9 G93SD - Moniteur de Gaming OLED DQHD - 240 Hz - 49 pouces,Samsung,5120 x 1440,LS49DG934SUXEN,49 Inch,1249,bol.com,MONITEUR
"ASUS TUF Gaming VG249Q1R 60,5 cm (23.8"") 1920 x 1080 pixels Full HD LCD Noir",ASUS,1920 x 1080,VG249Q1R,24 Inch,138,bol.com,MONITEUR
"LG 29WQ600-W.AEU écran plat de PC 73,7 cm (29"") 2560 x 1080 pixels Full HD LCD Dessus de table Blanc",LG,2560 x 1080,29WQ600-W.AEU,29 Inch,205,bol.com,MONITEUR
"RAIDER 144Hz 4K ULTRA GAMING - 28 pouces - 144Hz - 0,5 ms - 3840x2160 - 120Hz et 4K sur PS5 Xbox series X/ S - Zwart",Raider,3840 x 2160,8720648508929,28 Inch,389,bol.com,MONITEUR
"LG 27GN800-B LED display 68,6 cm (27"") 2560 x 1440 pixels Quad HD Noir, Rouge",LG,2560 x 1440,27GN800,27 Inch,299,bol.com,MONITEUR
"Lenovo D27-40 68,6 cm (27"") 1920 x 1080 pixels Full HD LED Noir",Lenovo,1920 x 1080,67A3KAC6EU,27 Inch,99,bol.com,MONITEUR
LG UltraGear 27GS60F-B - Moniteur de Gaming Full HD - 180hz - 27 pouces,LG,1920 x 1080,27GS60F-B,27 Inch,174,bol.com,MONITEUR
"Samsung LS24R35AFHU 60,5 cm (23.8"") 1920 x 1080 pixels Full HD Noir",Samsung,1920 x 1080,S24R350,24 Inch,123,bol.com,MONITEUR
"AOC G2 24G2ZU/BK LED display 60,5 cm (23.8"") 1920 x 1080 pixels Full HD Noir, Rouge",AOC,1920 x 1080,24G2ZU/BK,24 Inch,195,bol.com,MONITEUR
ASUS ZenScreen Smart Monitor MS27UC - Moniteur Google TV 4K - USB-C 90w - Enceintes Harman Kardon - 27 pouces,ASUS,3840 x 2160,90LM0A3H-B01O70,27 Inch,459,bol.com,MONITEUR
"Samsung Odyssey Neo G8 LS34BG850SUXEN écran plat de PC 86,4 cm (34"") 3440 x 1440 pixels UltraWide Quad HD OLED Argent",Samsung,3440 x 1440,LS34BG850SUXEN,34 Inch,869,bol.com,MONITEUR
"ViewFinity S80PB 32"" - Noir - UHD 4K - Écran PC Professionnel",Samsung,3840 x 2160,LS32B800PXPXEN,32 Inch,480,bol.com,MONITEUR
"Moniteur portable - Moniteur d'écran Extra - Écran d'ordinateur portable - Triscreen - Full HD - Comprenant 4 Câbles et support de moniteur -1366X768 - 11,6 pouces",Sans marque,1024 x 768,00,3.5 Inch,39,bol.com,MONITEUR
"LG 27GP850-B LED display 68,6 cm (27"") 2560 x 1440 pixels Quad HD Noir, Rouge",LG,2560 x 1440,27GP850-B.AEU,27 Inch,339,bol.com,MONITEUR
"Philips Evnia 8000 27M2N8500/00 écran d'ordinateur 67,3 cm (26.5"") 2560 x 1440 pixels Quad HD QDOLED Wit",Philips,2560 x 1440,27M2N8500/00,27 Inch,699,bol.com,MONITEUR
Philips V Line Moniteur LCD Full HD 273V7QDSB/00,Philips,1920 x 1080,273V7QDSB/00,27 Inch,118,bol.com,MONITEUR
Gigabyte GS27QXA - Écran de Gaming - 27'' - 2560 x 1440 QHD - 240 Hz - SS IPS - 1 ms - 350 cd/m² 1000:1 - 2x HDMI 1x DisplayPort - Zwart,GIGABYTE,2560 x 1440,GS27QXA EU,27 Inch,271,bol.com,MONITEUR
Business Monitor 243S1 Moniteur LCD avec station d'accueil USB-C,Philips,1920 x 1080,243S1/00,24 Inch,201,bol.com,MONITEUR
BenQ - Moniteur Gaming XL2540K - 240Hz - Réglages XL - 24 pouces,BenQ,1920 x 1080,9H.LJMLB.QBE,25 Inch,309,bol.com,MONITEUR
Philips Evnia 34M2C5501A/00 - Moniteur de Gaming ultra-large incurvé QHD - 180 Hz - 34 pouces,Philips,3440 x 1440,34M2C5501A/00,34 Inch,373,bol.com,MONITEUR
Arzopa - Z1RC - Moniteur portable 2K - 16 pouces - 2 x USB-C - 1 x Mini HDMI,Arzopa,2560 x 1600,764143512157,16 Inch,159,bol.com,MONITEUR
Iiyama LED _ _ _,Iiyama,1920 x 1080,XUB2792HSU-B6,27 Inch,168,bol.com,MONITEUR
Iiyama G- Master GB2470HSU-B5 - Moniteur de Gaming Full HD - Réglable - 165hz - 24 pouces,Iiyama,1920 x 1080,GB2470HSU-B5,24 Inch,135,bol.com,MONITEUR
"Moniteur portable 15,6 pouces Tri-écran - 1 Variant de câble - Moniteur portable pour ordinateur portable - USB-C et HDMI - Écran d'ordinateur portable Extra - Écran Icd - Extension d'écran d'ordinateur portable portable - Plug & Play",Office Goods Online,1920 x 1080,6152855243201,15.6 Inch,349,bol.com,MONITEUR
LG 27US550 - Moniteur IPS 4K - 27 pouces,LG,3840 x 2160,27US550,27 Inch,282,bol.com,MONITEUR
"Samsung Odyssey S57CG954NU, 144,8 cm (57""), 7680 x 2160 pixels, 8K Ultra HD, QLED, 1 ms, Noir, Blanc",Samsung,7680 x 2160,LS57CG954NUXEN,57 Inch,1690,bol.com,MONITEUR
"ViewFinity S65VC 34"" - Noir - UWQHD - Écran PC Professionnel",Samsung,3440 x 1440,527910246,34 Inch,472,bol.com,MONITEUR
"Cooler Master Tempest GZ2711 Moniteur de Gaming 27'' 2K QHD (2560x1440), 240 Hz, MPRT 0,03 ms, dalle OLED, FreeSync Premium, DCI-P3 98,5%",Cooler Master,2560 x 1440,CMI-GZ2711-EK,27 Inch,569,bol.com,MONITEUR
"ASUS ZenScreen MB249C, 60,5 cm (23.8""), 1920 x 1080 pixels, Full HD, LED, 5 ms, Noir",ASUS,1920 x 1080,90LM0865-B01170,24 Inch,386,bol.com,MONITEUR
"Odyssey Neo G7 32"" G75NB - Noir - QHD - Écran PC Gaming",Samsung,3840 x 2160,LS32BG750NPXEN,32 Inch,684,bol.com,MONITEUR
Curved Gaming Monitor 27M1C5200W Moniteur gaming Full HD,Philips,1920 x 1080,27M1C5200W/00,27 Inch,197,bol.com,MONITEUR
LG 34BQ77QC-B - Moniteur incurvé - 3440X1440 - Zwart,LG,3440 x 1440,34BQ77QC-B,34 Inch,484,bol.com,MONITEUR
"LG 34WQ650-W, 86,4 cm (34""), 2560 x 1080 pixels, 4K Ultra HD, LCD, 5 ms, Argent, Blanc",LG,2560 x 1080,34WQ650-W.AEU,34 Inch,319,bol.com,MONITEUR
Écran de conférence HP M27m,HP,1920 x 1080,678U8AA#ABB,27 Inch,210,bol.com,MONITEUR
HP V24i G5 FHD Monitor,HP,1920 x 1080,65P58AA#ABB,23.8 Inch,115,bol.com,MONITEUR
"ASUS VY249HGE, 60,5 cm (23.8""), 1920 x 1080 pixels, Full HD, 1 ms, Noir",ASUS,1920 x 1080,90LM06A5-B02370,23.8 Inch,120,bol.com,MONITEUR
"E3 Tri-screen - Moniteur portable - Triple écran - Écran - Moniteurs - Housse de protection - 2x 12 pouces Full HD - Écran d'ordinateur portable : 13"" - 16""",E3MAX,1920 x 1080,-,12 Inch,239,bol.com,MONITEUR
"ASUS TUF Gaming VG246H1A, 60,5 cm (23.8""), 1920 x 1080 pixels, Full HD, LED, 0,5 ms, Noir",ASUS,1920 x 1080,VG246H1A,24 Inch,149,bol.com,MONITEUR
"LG 34GN850P-B.AEU, 86,4 cm (34""), 3440 x 1440 pixels, 2K Ultra HD, LED, 1 ms, Noir",LG,3440 x 1440,34GN850P-B,34 Inch,537,bol.com,MONITEUR
"ASUS TUF Gaming VG279Q3A, 68,6 cm (27""), 1920 x 1080 pixels, Full HD, LCD, 1 ms, Noir",ASUS,1920 x 1080,90LM0990-B01170,27 Inch,197,bol.com,MONITEUR
"Moniteur BenQ GW2791 27"" - 1080p - FHD - 100 Hz - Écran IPS - HDMI, DisplayPort - 1080x1920 - Lunette Ultra fine - Certifié TUV - Sans scintillement - Low Blue Light Plus - Eye-CareU",BenQ,1920 x 1080,9H.LNFLJ.LBE,27 Inch,99,bol.com,MONITEUR
iiyama ProLite LE4341S-B2 - 43 pouces - IPS - Full HD - autonomie 18/7 - 350 cd/m²,Iiyama,1920 x 1080,LE4341S-B2,43 Inch,369,bol.com,MONITEUR
Series 5 27 inch FHD Monitor - 527sf,HP,1920 x 1080,94F44AA#ABB,27 Inch,169,bol.com,MONITEUR
"TuTu TU245J03 Moniteur Smart TV Full HD 25 pouces - Google TV - 2x HDMI, 2x USB avec télécommande et câble HDMI",Tutu,1920 x 1080,F245J,25 Inch,149,bol.com,MONITEUR
"AOC G2 27G2ZN3/ BK moniteur d'ordinateur 68 cm (27"") 1920 x 1080 pixels Full HD LCD Zwart, Rouge",AOC,1920 x 1080,27G2ZN3/BK,27 Inch,186,bol.com,MONITEUR
Dahua LM24-E230C - Moniteur Gaming incurvé Full HD VA - 24 pouces - 165hz - 1ms,Dahua,1920 x 1080,DHI-LM24-E230C,24 Inch,129,bol.com,MONITEUR
Monitor 241V8AW Moniteur LCD,Philips,1920 x 1080,241V8AW/00,23.8 Inch,89,bol.com,MONITEUR
"ASUS TUF Gaming VG279QM1A, 68,6 cm (27""), 1920 x 1080 pixels, Full HD, LCD, 1 ms, Noir",ASUS,1920 x 1080,90LM05X0-B01370,27 Inch,279,bol.com,MONITEUR
"Alienware AW2524HF, 62,2 cm (24.5""), 1920 x 1080 pixels, Full HD, LCD, 0,5 ms, Noir",Dell,1920 x 1080,GAME-AW2524HF,24.5 Inch,559,bol.com,MONITEUR
Monitor 241E1SC Moniteur LCD incurvé Full HD,Philips,1920 x 1080,241E1SC,24 Inch,119,bol.com,MONITEUR
Acer CB272Ebmiprx | UM.HB2EE.E02,Acer,1920 x 1080,UM.HB2EE.E02,27 Inch,159,bol.com,MONITEUR
"MSI MAG 325CQRF QD - Moniteur de Gaming QHD incurvé - 170 Hz - 31,5 pouces",MSI,2560 x 1440,MAG 325CQRF-QD,31.5 Inch,249,bol.com,MONITEUR
Pora&Co - Moniteur de jeu portable IPS - Écran 14 pouces - HDMI & USB-C - Full HD - Écran d'ordinateur - Moniteur portable,Pora&co,1920 x 1080,12345612,14 Inch,103,bol.com,MONITEUR
"32"", IPS, 3840x2160 UHD, 350 cd/m², 1000:1, 4 ms, 2 x 3W, USB-C, DisplayPort, HDMI, KVM, USB 3.0x2, 714 x 452 (602) x 239.5 mm, noir",Iiyama,3840 x 2160,XUB3293UHSN-B5,32 Inch,449,bol.com,MONITEUR
"MSI G27C4 E2 écran plat de PC 68,6 cm (27"") 1920 x 1080 pixels Full HD LCD Noir",MSI,1920 x 1080,G27C4 E2,27 Inch,209,bol.com,MONITEUR
"Samsung Odyssey G5 G50D - Moniteur LED- 32"" - 2560 x 1440 QHD @ 180 Hz - IPS - 350 cdm² - 1000:1 - DisplayHDR 400 - 1 ms - HDMI, DisplayPort - noir",Samsung,2560 x 1440,LS32DG502EUXEN,32 Inch,345,bol.com,MONITEUR
"Horivue Portable Monitor Pro - 15,6 pouces - Écran pour ordinateur portable - Ajustable - Écran IPS Full HD - USB-C & HDMI",Sans marque,1920 x 1080,0,15.6 Inch,349,bol.com,MONITEUR
"68,6 cm (27"") 2 560 x 1 440 W - LED IPS, 16:9, 300 cd/m², 16,7 M, 6 ms, 178°/178°, 1000:1",Lenovo,2560 x 1440,67C2GAC1EU,27 Inch,178,bol.com,MONITEUR
Moniteur de Gaming KTC H27P22S 27 pouces IPS rapide 3840 × 2160 160 Hz,KTC,3840 x 2160,KTC-H27P22S,27 Inch,339,bol.com,MONITEUR
"ASUS ZenScreen MB17AHG, 43,9 cm (17.3""), 1920 x 1080 pixels, Full HD, 5 ms, Noir",ASUS,1920 x 1080,90LM08PG-B01170,17.3 Inch,349,bol.com,MONITEUR
Écran QHD E27q G5 HP,HP,2560 x 1440,6N6F2AA#ABB,27 Inch,248,bol.com,MONITEUR
"Lenovo Legion R25f-30 Écran LED 62,2 cm (24.5"") 1920 x 1080 pixels Full HD Zwart",Lenovo,1920 x 1080,67B8GACBEU,24.5 Inch,191,bol.com,MONITEUR
Samsung Smart M5 LS32DM502EUXEN - Full HD - Dalle VA - 32 pouces,Samsung,1920 x 1080,LS32DM502EUXEN,32 Inch,279,bol.com,MONITEUR
HDMI TFT,Iiyama,2560 x 1440,XUB2790QSUH-B1,27 Inch,249,bol.com,MONITEUR
"BenQ - Zowie - Moniteur de Gaming XL2546X - 240 Hz - DyAc 2 - Fast TN - Full HD 1080p - 24,5 pouces",BenQ,1920 x 1080,9H.LLRLB.QBE,24.5 Inch,399,bol.com,MONITEUR
"ASUS ProArt PA279CRV, 68,6 cm (27""), 3840 x 2160 pixels, 4K Ultra HD, LCD, 5 ms, Noir",ASUS,3840 x 2160,90LM08E0-B01K70,27 Inch,531,bol.com,MONITEUR
"RAIDER Ultra Wide Gaming Monitor - Curved, 30 inch, 200Hz, 1 ms - 2560x1080",Raider,2560 x 1080,8719327336854,30 Inch,229,bol.com,MONITEUR
Moniteur BenQ eSports & Gaming ZOWIE XL2566X+ - 400 Hz - HDMI - DP - Écran TN - DyAc 2 - 24 pouces,BenQ,1920 x 1080,9H.LMRLB.QBE,24.1 Inch,609,bol.com,MONITEUR
Philips 27B2G5500 - Moniteur QHD IPS - EnergyStar 8.0 - Certifié EPEAT - 27 pouces,Philips,2560 x 1440,27B2G5500/00,27 Inch,229,bol.com,MONITEUR
"AOC G2 CU34G2X/BK écran plat de PC 86,4 cm (34"") 3440 x 1440 pixels Quad HD LED Noir, Rouge",AOC,3440 x 1440,CU34G2X/BK,34 Inch,344,bol.com,MONITEUR
"Moniteur de Gaming TITAN ARMY C49SHC avec panneau CSOT HVA, écran surdimensionné 32:9, résolution DFHD, taux de rafraîchissement de 144 Hz et Technologie de synchronisation adaptative",TITAN ARMY,3840 x 1080,TITAN ARMY-C49SHC,49 Inch,649,bol.com,MONITEUR
"GAME HERO® 31,5 pouces Moniteur de Gaming incurvé QHD - 165 Hz - Écran large 16:9",Game Hero,2560 x 1440,LC-M32-QHD-165-C-V2,32 Inch,269,bol.com,MONITEUR
MSI G27C4X - 250Hz - Incurvé - Full HD - 27 pouces - Moniteur de Gaming,MSI,1920 x 1080,G27C4X,27 Inch,253,bol.com,MONITEUR
"Philips 27E1N1800AE/00 écran d'ordinateur 68 cm (27"") 3840 x 2160 pixels 4K Ultra HD LED Zwart",Philips,3840 x 2160,27E1N1800AE/00,27 Inch,209,bol.com,MONITEUR
Écran de conférence HP M24m,HP,1920 x 1080,678U5AA#ABB,23.8 Inch,174,bol.com,MONITEUR
"ASUS TUF Gaming VG27AQL3A, 68,6 cm (27""), 2560 x 1440 pixels, Wide Quad HD, LCD, 1 ms, Noir",ASUS,2560 x 1440,90LM09A0-B01370,27 Inch,301,bol.com,MONITEUR
iiyama ProLite XU2293HSU-B7 - 22 pouces - Full HD - IPS - Hub USB (2x),Iiyama,1920 x 1080,XU2293HSU-B7,21.5 Inch,99,bol.com,MONITEUR
"Moniteur portable Lipa HDR-60 Full HD 17,3"" / 144 Hz / Écran portable / HDMI / 2x USB C / Avec couvercle et béquille / Aussi pour Nintendo Switch, Xbox et Playstation / Facile à transporter / 1920 x 1080 pixels / Dual haut- Enceintes",LIPA,1920 x 1080,mon08,17.3 Inch,289,bol.com,MONITEUR
"LG 32UN650-W écran plat de PC 80 cm (31.5"") 3840 x 2160 pixels 4K Ultra HD Blanc",LG,3840 x 2160,32UN650P-B.AEU,32 Inch,403,bol.com,MONITEUR
Iiyama HD _,Iiyama,1920 x 1080,XUB2792HSU-W6,27 Inch,159,bol.com,MONITEUR
Zwart LED,Iiyama,2560 x 1440,XUB2797QSN-B2,27 Inch,259,bol.com,MONITEUR
Philips Evnia 32M2C3500L - Moniteur de Gaming QHD incurvé - 180 Hz - 32 pouces,Philips,2560 x 1440,32M2C3500L/00,32 Inch,239,bol.com,MONITEUR
"Samsung ViewFinity LS27A800UNPXEN, 68,6 cm (27""), 3840 x 2160 pixels, 4K Ultra HD, 5 ms, Noir",Samsung,3840 x 2160,527444773,27 Inch,417,bol.com,MONITEUR
"LG 32UP550-W, 80 cm (31.5""), 3840 x 2160 pixels, 4K Ultra HD, LED, 4 ms, Argent",LG,3840 x 2160,32UP55NP-W.AEU,32 Inch,370,bol.com,MONITEUR
"LG UltraFine 27UQ850V-W - Moniteur LED série UQ850V - 27"" - 3840 x 2160 4K @ 60 Hz - IPS - 500 cdm² - 2000:1 - DisplayHDR 400 - 5 ms - 2xHDMI, DisplayPort, USB-C - haut-parleurs",LG,3840 x 2160,27UQ850V-W.AEU,27 Inch,515,bol.com,MONITEUR
iiyama ProLite XUB2797QSNP-B1 27 pouces - QHD - IPS - Hub USB (2x) - réglable en hauteur - USB-C Dock - Switch KVM,Iiyama,2560 x 1440,XUB2797QSNP-B1,27 Inch,288,bol.com,MONITEUR
"Moniteur à écran tactile portable UPerfect 15,6"" – Moniteur portable et écran portable pour le travail, les Gaming et le Divertissement",Uperfect,1920 x 1080,9349833,15.6 Inch,129,bol.com,MONITEUR
Dahua LM34-E330C - Moniteur de Gaming QHD VA ultra-large incurvé - 34 pouces - 165hz - 1ms - Câble DisplayPort inclus,Dahua,3440 x 1440,DHI-LM34-E330C,34 Inch,299,bol.com,MONITEUR
Gaming Monitor 32M2C5500W Moniteur gaming Quad HD,Philips,2560 x 1440,32M2C5500W/00,32 Inch,379,bol.com,MONITEUR
"Écran Full HD 31,5 pouces HP Série 5 - 532sf",HP,1920 x 1080,94F50AA#ABB,32 Inch,219,bol.com,MONITEUR
"AOC B2 AG493UCX2 écran plat de PC 124 cm (48.8"") 5120 x 1440 pixels Quad HD LED Noir",AOC,5120 x 1440,AG493UCX2,49 Inch,929,bol.com,MONITEUR
"HP E-Series E27m G4 68,6 cm (27"") 2560 x 1440 pixels Quad HD Noir",HP,1920 x 1080,40Z29AA#ABB,27 Inch,363,bol.com,MONITEUR
"iiyama ProLite XUB3493WQSU-B5, 86,4 cm (34""), 3440 x 1440 pixels, UltraWide Quad HD, LED, 4 ms, Noir",Iiyama,3440 x 1440,XUB3493WQSU-B5,34 Inch,329,bol.com,MONITEUR
"Iiyama G-MASTER GCB4580DQSN-B1 - Moniteur LED- 45"" - DQHD - VA - Incurvé - 450 cd/m² - 3000:1 - 0.8 ms - DisplayPort, HDMI - haut-parleurs - noir",Iiyama,5120 x 1440,GCB4580DQSN-B1,45 Inch,699,bol.com,MONITEUR
Curved Gaming Monitor 27M1C5500VL Moniteur gaming Quad HD,Philips,2560 x 1440,27M1C5500VL/00,27 Inch,210,bol.com,MONITEUR
"21.5"", 10P Touch, MPP2.0, 1920x1080, IPS, HDMI, Displayport, 400 cd/m², USB Hub 2x 3.0, 493.5 x 289.5 x 48.5 mm, noir",Iiyama,1920 x 1080,T2255MSC-B1,24 Inch,289,bol.com,MONITEUR
"Fujitsu Displays B22-8 TS Pro, 54,6 cm (21.5""), 1920 x 1080 pixels, Full HD, LED, 10 ms, Noir",Fujitsu,1920 x 1080,VFY:B228TDXSP2EU,21.5 Inch,91,bol.com,MONITEUR
GAME HERO 35 pouces Moniteur de Gaming incurvé Ultra-Wide Quad HD - Free Sync Premium - 120 Hz - 21:9 Ultra Widescreen,Game Hero,3440 x 1440,LC-M35-UWQHD-120-C,35 Inch,485,bol.com,MONITEUR
"BenQ MA270U - Moniteur 27"" 4K UHD pour MacBook Pro/ Air - 2 x HDMI - Gamme 2 couleurs - Mode M-book - Nano Nano mate",BenQ,3840 x 2160,9H.LMWLB.QBE,27 Inch,535,bol.com,MONITEUR
AOC 27B3CF2 - Moniteur Full HD USB-C - 65w - 100hz - 1ms - FreeSync - Enceintes - 27 pouces,AOC,1920 x 1080,27B3CF2,27 Inch,149,bol.com,MONITEUR
"Philips Evnia 5000 27M2C5200W/00 écran d'ordinateur 68 cm (27"") 1920 x 1080 pixels Full HD LCD Zwart",Philips,1920 x 1080,27M2C5200W/00,27 Inch,199,bol.com,MONITEUR
"Écran gamer QHD 165 Hz OMEN 31,5 pouces - OMEN 32q",HP,2560 x 1440,780K0AA#ABB,32 Inch,306,bol.com,MONITEUR
Moniteur portable Lipa S14 14 pouces - Écran d'ordinateur portable Extra - Écran portable - HDR - Full HD avec 60 Hz - USB-C et HDMI - Pour ordinateurs portables entre 14 et 17 pouces - Haut-parleurs - Peut également être utilisé séparément,LIPA,1920 x 1080,mon12,15 Inch,198,bol.com,MONITEUR
"Moniteur de Gaming RAIDER Ultra , 165 Hz, 32 pouces, QHD ULTRA (2560 x 1440), IPS, 1 ms, FreeSync/G-Sync - Zwart avec RVB",Raider,2560 x 1440,8719327336809,32 Inch,239,bol.com,MONITEUR
Écran tactile FHD E24t G5 HP,HP,1920 x 1080,6N6E6AA#ABB,23.8 Inch,266,bol.com,MONITEUR
"Moniteur gaming OLED, Evnia 8000",Philips,3840 x 2160,42M2N8900/00,42 Inch,1049,bol.com,MONITEUR
"Philips Evnia 8000 32M2N8900/00 écran d'ordinateur 80 cm (31.5"") 3840 x 2160 pixels 4K Ultra HD QDOLED Wit",Philips,3840 x 2160,32M2N8900/00,31.5 Inch,,bol.com,MONITEUR
Acer SB322QAbi,Acer,1920 x 1080,UM.JS2EE.A17,32 Inch,185,bol.com,MONITEUR
"AOC G2 24G2SPAE/BK LED display 60,5 cm (23.8"") 1920 x 1080 pixels Full HD Noir, Rouge",AOC,1920 x 1080,24G2SPAE/BK,24 Inch,122,bol.com,MONITEUR
"Lenovo Legion R27q-30, 68,6 cm (27""), 2560 x 1440 pixels, Quad HD, LED, 4 ms, Noir",Lenovo,2560 x 1440,67B4G4C1EU,27 Inch,259,bol.com,MONITEUR
"27"", IPS, 5K 5120 x 2880, 60 Hz, 5 ms, 600 cd/m2, Smart, Mini-Display Port, USB-C, Thunderbolt 4, WiFi 5, Bluetooth 4.2, F/G",Samsung,5120 x 2880,LS27C902PAUXEN,27 Inch,1029,bol.com,MONITEUR
Gebogen PC-scherm - ACER - Nitro XZ340CUHbiiphx - 34 - 100Hz - 1ms - 2 HDMI 1 DP - Zwart,Acer,3440 x 1440,VS18453,34 Inch,316,bol.com,MONITEUR
Moniteur de jeu Digitalewarenhuis® - 24 pouces 1920 x 1080 - 165 MHz jusqu'à un angle de vision de 180 degrés - temps de réponse de seulement 1 ms,Sans marque,1920 x 1080,00,24 Inch,159,bol.com,MONITEUR
"Acer Predator X45bmiiphuzx, 113 cm (44.5""), 3440 x 1440 pixels, 4K Ultra HD, OLED, 0,3 ms, Noir",Acer,3440 x 1440,UM.MXXEE.001,44.5 Inch,1400,bol.com,MONITEUR
"68.6cm (27"") Quad HD 2560 x 1440 Edge LED IPS, 16:9, 350cd/m², 1.07B, 8ms, 178°/178°, 2000:1",Dell,2560 x 1440,U2724DE,27 Inch,505,bol.com,MONITEUR
"Apple Studio Display 68,6 cm (27"") 5120 x 2880 pixels 5K Ultra HD Argent",Apple,5120 x 2880,MK0U3D/A,27 Inch,1628,bol.com,MONITEUR
"ASUS ZenScreen MB16QHG, 40,6 cm (16""), 2560 x 1600 pixels, WQXGA, LCD, 5 ms, Noir",ASUS,2560 x 1440,90LM08NG-B01170,16 Inch,448,bol.com,MONITEUR
Écran gamer incurvé WQHD 165 Hz OMEN 34 pouces - OMEN 34c,HP,3440 x 1440,780K8E9#ABB,34 Inch,369,bol.com,MONITEUR
Sony Inzone M9 - Moniteur de Gaming 4K - PS5 - HDMI 2.1 - Switch KVM - 144hz - 27 pouces,Sony,3840 x 2160,M9,27 Inch,965,bol.com,MONITEUR
Moniteur avec support - Écran tactile avec support TV mobile - Écran 1920*1080 (LCD) - Moniteur comparable à Android - Écran avec support TV,AgoDeo,1920 x 1080,AG-MMS-01,32 Inch,1199,bol.com,MONITEUR
iiyama ProLite LH5541UHS-B2 - 55 pouces - IPS - 4K - autonomie 24h/24 et 7j/7 - 500 cd/m²,Iiyama,3840 x 2160,LH5541UHS-B2,55 Inch,629,bol.com,MONITEUR
"86,8 cm (34,18"") UltraWide Quad HD 3440 x 1440 LED, 21:9, 250cd/m², 1,07B, 0,1ms, 178°/178°, 1000000:1",Alienware,3440 x 1440,GAME-AW3423DWF,34 Inch,848,bol.com,MONITEUR
Samsung ViewFinity LS32D600UAUXEN - QHD - Dalle IPS - Moniteur USB-C - 90w - RJ45 - 100 Hz - réglable en hauteur - 32 pouces,Samsung,2560 x 1440,LS32D600UAUXEN,32 Inch,399,bol.com,MONITEUR
"32"" IPS, Curved 4K UHD (3840 x 2160), 350 cd/㎡, 1000R, 240 Hz, Quantum HDR 2000, Display Port, HDMI, USB",Samsung,3840 x 2160,527444784,32 Inch,862,bol.com,MONITEUR
"AOC B3 U27B3A écran d'ordinateur 68 cm (27"") 3840 x 2160 pixels 4K Ultra HD LCD Zwart",AOC,3840 x 2160,U27B3A,27 Inch,189,bol.com,MONITEUR
"BenQ GW3290QT, 68,6 cm (27""), 2560 x 1440 pixels, Quad HD, LED, 5 ms, Blanc",BenQ,2560 x 1440,527764794,27 Inch,299,bol.com,MONITEUR
"LG 49WQ95C-W, 124,5 cm (49""), LED, 5 ms",LG,5120 x 1440,49WQ95C,49 Inch,1147,bol.com,MONITEUR
"Gigabyte AORUS FO27Q2 - Moniteur QD-OLED - 27' - QD-OLED - 2560x1440 Quad HD - 240 Hz - 0,03 ms - 250 cd/m² - 1500000:1 - FreeSync Premium Pro - Zwart",GIGABYTE,2560 x 1440,FO27Q2 EK,27 Inch,627,bol.com,MONITEUR
"Gigabyte M32UC 80 cm (31.5"") 3840 x 2160 pixels 4K Ultra HD LED Noir",GIGABYTE,3840 x 2160,M32UC EK,32 Inch,573,bol.com,MONITEUR
"Lenovo L27i-4A écran d'ordinateur 68 cm (27"") 1920 x 1080 pixels LCD Grijs",Lenovo,1920 x 1080,67BEKAC1EU,27 Inch,143,bol.com,MONITEUR
LED HD,Iiyama,1920 x 1080,XUB2497HSN-B2,24 Inch,189,bol.com,MONITEUR
"Gamers Vault Mini écran IPS 3,5 pouces - Sous-écran avancé - Résolution 480x320 à 1920x1080 - Station d'accueil intégrée",Gamers Vault,1920 x 1080,609790,3.5 Inch,119,bol.com,MONITEUR
"DELL S Series S2725DS, 68,6 cm (27""), 2560 x 1440 pixels, Quad HD, LCD, 8 ms, Noir, Argent",Dell,1920 x 1080,DELL-S2725DS,27 Inch,158,bol.com,MONITEUR
"LG 24QP750-B écran plat de PC 60,5 cm (23.8"") 2560 x 1440 pixels Quad HD LED Noir",LG,2560 x 1440,24QP750-B,24 Inch,279,bol.com,MONITEUR
"Écran incurvé WQHD ThinkVision P34w-20 34,14"" (USB-C, station d'accueil), sans Webcam",Lenovo,3440 x 1440,63F2RAR3U3,34.14 Inch,469,bol.com,MONITEUR
ASUS TUF GAMING VG259Q3A - Moniteur de Gaming Full HD IPS 180 Hz - 25 pouces,ASUS,1920 x 1080,90LM09N0-B01170,25 Inch,207,bol.com,MONITEUR
iiyama ProLite XUB2793QS-B7 - 27 pouces - QHD - IPS - réglable en hauteur,Iiyama,2560 x 1440,XUB2793QS-B7,27 Inch,189,bol.com,MONITEUR
"32"", VA, 3840x2160 UHD, 300 cd/m², 3 ms, FreeSync, 2 x 3W, DisplayPort, 2xHDMI, USB3.0x2, 730 x 455.5 (605.5) x 239.5 mm, noir",Iiyama,3860 x 2160,XB3288UHSU-B5,32 Inch,418,bol.com,MONITEUR
Curved Gaming Monitor 34M2C6500 QD OLED gaming monitor,Philips,3440 x 1440,34M2C6500/00,34 Inch,749,bol.com,MONITEUR
"AOC Q27B3MA LED display 68,6 cm (27"") 2560 x 1440 pixels Quad HD Noir",AOC,2560 x 1440,1854287,27 Inch,132,bol.com,MONITEUR
Philips P Line Moniteur LCD incurvé 32:9 SuperWide 499P9H/00,Philips,5120 x 1440,499P9H/00,49 Inch,1044,bol.com,MONITEUR
"ASUS ROG Strix XG49VQ 124,5 cm (49"") 3840 x 1080 pixels Full HD Ultra large LED Noir",ASUS,3840 x 1080,90LM04H0-B01170,49 Inch,838,bol.com,MONITEUR
"LG 34WP85C-B 86,4 cm (34"") 3440 x 1440 pixels UltraWide Quad HD LED Noir",LG,3440 x 1440,34WP85C,34 Inch,671,bol.com,MONITEUR
Moniteur portable,Arzopa,1920 x 1080,9506978785235,17.3 Inch,249,bol.com,MONITEUR
ASUS TUF VG27AQM1A - Moniteur de Gaming QHD IPS 260 Hz - 27 pouces,ASUS,2560 x 1440,90LM05Z0-B08370,27 Inch,358,bol.com,MONITEUR
"ASUS ROG Swift PG42UQ 105,4 cm (41.5"") 3840 x 2160 pixels 4K Ultra HD OLED Noir",ASUS,3840 x 2160,PG42UQ,42 Inch,1267,bol.com,MONITEUR
"AOC V5 U34V5C/BK écran plat de PC 86,4 cm (34"") 3440 x 1440 pixels UltraWide Quad HD LCD Noir",AOC,3440 x 1440,U34V5C/BK,34 Inch,319,bol.com,MONITEUR
328E1CA Moniteur LCD incurvé avec Ultra Wide-Color,Philips,3840 x 2160,328E1CA/00,32 Inch,349,bol.com,MONITEUR
Curved PC Gamer-scherm - MEDION MD22093 - 32 FHD - VA-paneel - 1 ms - 165 Hz - HDMI / DP - Freesync,MEDION,2560 x 1440,VS18453,32 Inch,230,bol.com,MONITEUR
AOC AG405UXC - Moniteur de Gaming ultra-large QHD - USB-C 90w - 144hz - 40 pouces,AOC,3440 x 1440,AG405UXC,40 Inch,479,bol.com,MONITEUR
"Verbatim 49592, 39,6 cm (15.6""), 1920 x 1080 pixels, Full HD, LCD, 6 ms, Noir",Verbatim,1920 x 1080,49592,15 Inch,197,bol.com,MONITEUR
iiyama G- Master G2470HSU-B6 Red Eagle - 24 pouces - Full HD - IPS - 180 Hz,Iiyama,1920 x 1080,G2470HSU-B6,23.8 Inch,121,bol.com,MONITEUR
"Philips Evnia 34M2C3500L/00 - Moniteur LED- 34"" - 3440x1440 @ 180 Hz - Courbé - VA Fast - 300 cdm² - 4000:1 - 0 ms - 2x HDMI, 1x DisplayPort - Zwart",Philips,3440 x 1440,34M2C3500L/00,34 Inch,319,bol.com,MONITEUR
Curved Business Monitor 45B1U6900C Moniteur incurvé SuperWide 32:9 avec USB-C,Philips,5120 x 1440,45B1U6900C/00,44.5 Inch,724,bol.com,MONITEUR
Sony Inzone M9 II – 27 pouces – 4K Ultra HD – 160 Hz – Moniteur de Gaming,Sony,3840 x 2160,SDM27U9M2B.CEI,27 Inch,999,bol.com,MONITEUR
GAME HERO® 27 pouces Moniteur de Gaming incurvé Full HD - 240 Hz,Game Hero,1920 x 1080,LC-M27-FHD-240-C,27 Inch,219,bol.com,MONITEUR
"Xiaomi Mi Curved Gaming Monitor 34"" 86,4 cm (34"") 3440 x 1440 pixels Wide Quad HD Noir",Xiaomi,1920 x 1080,BHR5133GL,34 Inch,349,bol.com,MONITEUR
GAME HERO® 44 pouches UltraWide Full HD IPS 120Hz Gaming Monitor,Game Hero,3840 x 1080,LC-M44-DFHD-120,44 Inch,589,bol.com,MONITEUR
"HP Z24m G3 60,5 cm (23.8"") 2560 x 1440 pixels Quad HD Argent",HP,2560 x 1440,4Q8N9AA#ABB,23.8 Inch,329,bol.com,MONITEUR
Monitor 241B8QJEB Moniteur LCD,Philips,1920 x 1080,241B8QJEB/00,24 Inch,175,bol.com,MONITEUR
iiyama ProLite LH4341UHS-B2 - 43 pouces - IPS - 4K - autonomie 24h/24 et 7j/7 - 500 cd/m²,Iiyama,3840 x 2160,LH4341UHS-B2,42.5 Inch,469,bol.com,MONITEUR
"Écran PC Haute Résolution 32"" - UJ590 - Noir - UHD 4K",Samsung,3840 x 2160,LU32J590UQPXEN,32 Inch,286,bol.com,MONITEUR
"Acer NITRO VG0 VG270 E, 68 cm (27""), 1920 x 1080 pixels, Full HD, LCD, 1 ms, Noir",Acer,1920 x 1080,UM.HV0EE.E06,27 Inch,146,bol.com,MONITEUR
Écran tactile Raspberry Pi 7 pouces,Raspberry Pi®,800 x 480,SC0880,7 Inch,84,bol.com,MONITEUR
iiyama G- Master GB2795HSU-B1 Gold Phoenix - 27 pouces - QHD - IPS - 280 Hz - réglable en hauteur,Iiyama,1920 x 1080,GB2795HSU-B1,27 Inch,199,bol.com,MONITEUR
Moniteur HP Series 5 27'' - 527sh - Hauteur réglable sur 100m - FHD - 100 Hz - 300 Nits,HP,1920 x 1080,94C50AA,27 Inch,183,bol.com,MONITEUR
"27"", 68.5cm , IPS, 2560 x 1440, 100Hz, 16:9, 250 cd/m², 1300:1, 80M:1, 30 - 151kHz, 611.5 x 434 x 192.5mm, 688 x 465 x 125mm, 4.2kg, 5.9kg",Iiyama,2560 x 1440,G2745QSU-B1,27 Inch,179,bol.com,MONITEUR
TITAN ARMY P2510S Moniteurs de Gaming plats 16:9 IPS rapides QHD 240 Hz,TITAN ARMY,2560 x 1440,TITAN ARMY-P2510S,24.5 Inch,249,bol.com,MONITEUR
"Verbatim 49591, 35,6 cm (14""), 1920 x 1080 pixels, Full HD, 6 ms, Noir",Verbatim,1920 x 1080,49591,14 Inch,176,bol.com,MONITEUR
"LG 27QP88D-B2 LED display 68,6 cm (27"") 2560 x 1440 pixels Quad HD IPS Noir",LG,2560 x 1440,27QP88D-B.AEU,27 Inch,575,bol.com,MONITEUR
"HP V27i G5 68,6 cm (27"") 1920 x 1080 pixels Full HD Noir",HP,1920 x 1080,65P64AA#ABB,27 Inch,131,bol.com,MONITEUR
Curved Business Monitor 45B1U6900CH Moniteur incurvé SuperWide 32:9 avec USB-C,Philips,5120 x 1440,45B1U6900CH/00,44.5 Inch,834,bol.com,MONITEUR
"Acer NITRO VG0 VG240Y E, 60,5 cm (23.8""), 1920 x 1080 pixels, Full HD, LCD, Noir",Acer,1920 x 1080,UM.QV0EE.E09,23.8 Inch,104,bol.com,MONITEUR
ASUS ROG Strix OLED XG27ACDNG - Moniteur de Gaming QHD OLED - 360 Hz - 27 pouces,ASUS,2560 x 1440,90LM0AN0-B01970,27 Inch,820,bol.com,MONITEUR
LED HD,Iiyama,1920 x 1080,XU2793HS-B7,27 Inch,119,bol.com,MONITEUR
GAME HERO® Moniteur de Gaming incurvé 27 pouces Quad HD - 165 Hz - Temps de réponse 1 MS - Adaptive Sync - Blanc,Game Hero,2560 x 1440,LC-M27-QHD-165-C,27 Inch,245,bol.com,MONITEUR
"61.0cm (24"") Full HD 1920 x 1080 LED IPS, 16:9, 250cd/m², 16.7M, 8ms, 178°/178°, 1500:1",Dell,1920 x 1080,DELL-P2425HE,24 Inch,229,bol.com,MONITEUR
"ASUS MB14AC, 35,6 cm (14""), 1920 x 1080 pixels, Full HD, 5 ms, Gris",ASUS,1920 x 1080,MB14AC,14 Inch,203,bol.com,MONITEUR
Gaming Type-C,ASUS,,90LM0A70-B01370,,369,bol.com,MONITEUR
Moniteur portable 32 pouces - avec écran intelligent rotatif 1080p - écran tactile - système d'exploitation Android (Google Store) - batterie intégrée - rotation complète à 360 degrés - télécommande,Sidek,1920 x 1080,ITV32-02S,32 Inch,809,bol.com,MONITEUR
"Moniteur portable - Écran portable - Moniteur Full HD 18,5 pouces - 120 Hz - Écran Ordinateur - Écran d'ordinateur portable - Adapté aux Gaming - Écran externe - Avec Dual Enceintes",Sans marque,1920 x 1080,Informatie komt later,18.5 Inch,219,bol.com,MONITEUR
iiyama G- Master GCB3481WQSU-B1 Red Eagle - 34 pouces - WQHD - VA - 180 Hz - réglable en hauteur - Courbé,Iiyama,3440 x 1440,GCB3481WQSU-B1,34 Inch,329,bol.com,MONITEUR
"ASUS ZenScreen MB165B 39,6 cm (15.6"") 1366 x 768 pixels WXGA LCD Noir",ASUS,1366 x 768,90LM0703-B01170,15.6 Inch,128,bol.com,MONITEUR
DELL E Series Écran 22 - E2222H,Dell,1920 x 1080,E2222H,22 Inch,99,bol.com,MONITEUR
"Philips Evnia 5000 32M2C5501/00 écran d'ordinateur 68 cm (27"") 1920 x 1080 pixels Full HD LCD Wit",Philips,1920 x 1080,32M2C5501/00,32 Inch,269,bol.com,MONITEUR
"ASUS ZenScreen OLED MQ16AHE 15,6 USB Type-C Portable FHD",ASUS,1920 x 1080,90LM07SV-B02170,15.6 Inch,399,bol.com,MONITEUR
ASUS ROG Swift OLED PG32UCDM,ASUS,3860 x 2160,PG32UCDM,32 Inch,1578,bol.com,MONITEUR
"AOC AGON PRO AG256FS écran d'ordinateur 62,2 cm (24.5"") 1920 x 1080 pixels Full HD LCD Zwart",AOC,1920 x 1080,AG256FS,24.5 Inch,399,bol.com,MONITEUR
"AOC G2 27G2SPAE/BK LED display 68,6 cm (27"") 1920 x 1080 pixels Full HD Noir, Rouge",AOC,1920 x 1080,27G2SPAE,27 Inch,164,bol.com,MONITEUR
"LC-Power LC-M49-DFHD-144-C-Q LED display 124,5 cm (49"") 3840 x 1080 pixels Full HD Ultra large QLED Noir",Lc-Power,3840 x 1080,LC-M49-DFHD-144-C-Q,49 Inch,676,bol.com,MONITEUR
RAIDER 155Hz 4K ULTRA GAMING - 32 pouces - 155Hz - 1 ms - 3840x2160 - 120Hz et 4K sur PS5 Xbox series X/ S - Zwart,Raider,3840 x 2160,8720955460095,32 Inch,449,bol.com,MONITEUR
Fast VA Gaming monitor 27M2N3500NL Quad HD gaming monitor,Philips,2560 x 1440,27M2N3500NL/00,27 Inch,169,bol.com,MONITEUR
"Odyssey G5 27"" G51C - Noir - WQHD - Écran PC Gaming",Samsung,2560 x 1440,LS27CG510EUXEN,27 Inch,209,bol.com,MONITEUR
"iiyama ProLite X4373UHSU-B1 écran plat de PC 108 cm (42.5"") 3840 x 2160 pixels 4K Ultra HD Noir",Iiyama,3840 x 2160,X4373UHSU-B1,43 Inch,555,bol.com,MONITEUR
iiyama ProLite XB3270QSU-B1 - 32 pouces - IPS - QHD - Hub USB - Réglable en hauteur,Iiyama,2560 x 1440,XB3270QSU-B1,32 Inch,249,bol.com,MONITEUR
Sony INZONE M3 - Full HD 240Hz - Moniteur de Gaming - 27 pouces - 2022,Sony,1980 x 1080,SDMF27M30AEP,27 Inch,354,bol.com,MONITEUR
iiyama G- Master GC2480HSU-B1 Red Eagle - 24 pouces - Full HD - VA - 180 Hz - Courbé,Iiyama,1920 x 1080,GC2480HSU-B1,23.6 Inch,139,bol.com,MONITEUR
BenQ - Moniteur Ultrawide PD3420Q - WQHD - USB-C - IPS - 34 pouces,BenQ,3440 x 1440,523022042,34 Inch,699,bol.com,MONITEUR
Iiyama LED _,Iiyama,2560 x 1440,XUB2792QSU-B6,27 Inch,219,bol.com,MONITEUR
MSI MAG 342CQR E2 - Moniteur de Gaming incurvé QHD Ultra large - 180 Hz - 34 pouces,MSI,3440 x 1440,MAG 342CQR E2,34 Inch,340,bol.com,MONITEUR
iiyama G- Master G2770HS-B1 Red Eagle - 24 pouces - Full HD - IPS - 180 Hz,Iiyama,1920 x 1080,G2770HS-B1,27 Inch,149,bol.com,MONITEUR
"Moniteur essentiel Samsung 24"" S36GD FHD",Samsung,1920 x 1080,LS24D364GAUXEN,24 Inch,126,bol.com,MONITEUR
"LG 34GP63AP-B, 86,4 cm (34""), 3440 x 1440 pixels, Quad HD, LCD, 1 ms, Noir, Rouge",LG,3440 x 1440,34GP63A,34 Inch,375,bol.com,MONITEUR
"iiyama T2455MSC-B1, Panneau plat de signalisation numérique, 61 cm (24""), LED, 1920 x 1080 pixels",Iiyama,1920 x 1080,T2455MSC-B1,24 Inch,329,bol.com,MONITEUR
ASUS ROG Swift 39 PG39WCDM (3440 x 1440) Oled 240 Hz 2HDM,ASUS,3440 x 1440,90LM09R0-B01170,39 Inch,1499,bol.com,MONITEUR
Iiyama LED _,Iiyama,5120 x 1440,XCB4594DQSN-B1,44.5 Inch,719,bol.com,MONITEUR
AOC 24B3CF2 - Moniteur Full HD USB-C - 65w - 100hz - 1ms - FreeSync - Enceintes - 24 pouces,AOC,1920 x 1080,24B3CF2,24 Inch,129,bol.com,MONITEUR
iiyama ProLite XUB2793QSU-B7 - 27 pouces - QHD - IPS - Hub USB (2x) - réglable en hauteur,Iiyama,2560 x 1440,XUB2793QSU-B7,27 Inch,199,bol.com,MONITEUR
BenQ - Écran 4K EW3270U - 3840x2160p - Moniteur USB-C - 32 pouces,BenQ,3840 x 2160,9H.LGVLA.TSE,32 Inch,329,bol.com,MONITEUR
"Samsung G3A, 68,6 cm (27""), 1920 x 1080 pixels, 1 ms, Noir",Samsung,1920 x 1080,SAMSUNG_527400994,27 Inch,170,bol.com,MONITEUR
Iiyama G-MASTER G2445HSU-B2 - 24,Iiyama,1920 x 1080,G2445HSU-B2,24 Inch,109,bol.com,MONITEUR
"Philips 34M2C8600/00 écran plat de PC 86,4 cm (34"") 3440 x 1440 pixels Wide Quad HD OLED Blanc",Philips,3440 x 1440,34M2C8600/00,34 Inch,849,bol.com,MONITEUR
Écran gamer incurvé WQHD 165 Hz OMEN 34 pouces - OMEN 34c,HP,3440 x 1440,780K8AA#ABB,34 Inch,369,bol.com,MONITEUR
Monitor 275B1H Moniteur LCD avec webcam Windows Hello,Philips,2560 x 1440,275B1H/00,27 Inch,283,bol.com,MONITEUR
"Acer Predator X28, 71,1 cm (28""), 3840 x 2160 pixels, 4K Ultra HD, LCD, 1 ms, Noir",Acer,3840 x 2160,UM.PX0EE.007,28 Inch,449,bol.com,MONITEUR
"AOC 24P3CV, 60,5 cm (23.8""), 1920 x 1080 pixels, Full HD, LED, 4 ms, Noir",AOC,1920 x 1080,24P3CV,24 Inch,175,bol.com,MONITEUR
"Samsung F27T452FQR 68,6 cm (27"") 1920 x 1080 pixels Full HD LED Noir",Samsung,1920 x 1080,LF27T452FQRXEN,27 Inch,152,bol.com,MONITEUR
"ASUS ZenScreen MB16ACE 39,6 cm (15.6"") 1920 x 1080 pixels Full HD LED Gris",ASUS,1920 x 1080,3719629,15 Inch,198,bol.com,MONITEUR
ASUS ROG Strix XG27WCS,ASUS,2560 x 1440,90LM09P1-B01370,27 Inch,259,bol.com,MONITEUR
ASUS ROG Swift OLED PG27AQDP - Moniteur de Gaming QHD OLED - 480 Hz - 27 pouces,ASUS,2560 x 1440,90LM0A20-B01A70,27 Inch,1164,bol.com,MONITEUR
HP E27q G4 QHD Monitor,HP,1920 x 1080,527574536,22 Inch,150,bol.com,MONITEUR
GAME HERO® 39 pouces Moniteur de Gaming incurvé Quad HD - 165 Hz,Game Hero,2560 x 1440,LC-M39-QHD-165-C,39 Inch,529,bol.com,MONITEUR
"PHILIPS 32"" 32E1N1800LA, FHD, 75 Hz, VA, hauteur",Philips,3820 x 2160,32E1N1800LA/00,32 Inch,249,bol.com,MONITEUR
ASUS ROG Swift PG248QP - Moniteur de Gaming Full HD LCD 540 Hz - 24 pouces,ASUS,1920 x 1080,90LM08T0-B01370,24 Inch,946,bol.com,MONITEUR
"DELL S Series S2722DC 68,6 cm (27"") 2560 x 1440 pixels Quad HD LCD Gris",Dell,2560 x 1440,S2722DC,27 Inch,274,bol.com,MONITEUR
Fast IPS Gaming monitor 27M2N5500 Moniteur gaming Quad HD,Philips,2560 x 1440,27M2N5500/00,27 Inch,206,bol.com,MONITEUR
"Philips Evnia 24M2N3201A/00 Écran LED 60,5 cm (23.8"") 1920 x 1080 pixels Full HD LCD Wit",Philips,1920 x 1080,24M2N3201A/00,23.8 Inch,149,bol.com,MONITEUR
"Screen size (inch) 23.8, Panel resolution 1920x1080, Refresh rate 100 Hz, Response time MPRT 1 ms, Panel type IPS, HDMI HDMI 1.4 x 1, D-SUB (VGA) 1x, DVI 0x, Sync technology (VRR) Adaptive Sync",AOC,1920 x 1080,24B3HA2,23.8 Inch,94,bol.com,MONITEUR
"Samsung S49CG950EU, 124,5 cm (49""), 5120 x 1440 pixels, Dual QHD, LED, 1 ms, Noir",Samsung,5120 x 1440,LS49CG950EUXEN,49 Inch,1002,bol.com,MONITEUR
"Samsung S27C364EAU, 68,6 cm (27""), 1920 x 1080 pixels, Full HD, LCD, 4 ms, Noir",Samsung,1920 x 1080,LS27C364EAUXEN,27 Inch,127,bol.com,MONITEUR
Series 5 23.8 inch FHD Monitor - 524sf,HP,1920 x 1080,94C17AA#ABB,23.8 Inch,144,bol.com,MONITEUR
"Alienware AW2723DF 68,6 cm (27"") 2560 x 1440 pixels Quad HD LCD Argent",Alienware,2560 x 1440,GAME-AW2723DF,27 Inch,497,bol.com,MONITEUR
PHILIPS27E1N1800A,AOC,3840 x 2160,U27B3CF,27 Inch,249,bol.com,MONITEUR
"LG UltraFine Ergo, 68,6 cm (27""), 3840 x 2160 pixels, 4K Ultra HD, LED, 5 ms, Noir",LG,3860 x 2160,27UN880,27 Inch,419,bol.com,MONITEUR
Cooler Master CMI-GM34-CWQ2-EK,Cooler Master,3440 x 1440,CMI-GM34-CWQ2-EK,34 Inch,399,bol.com,MONITEUR
Samsung S32CG554EU,Samsung,2560 x 1440,LS32CG554EUXEN,32 Inch,305,bol.com,MONITEUR
Écran gamer UHD 144 Hz OMEN 27 pouces - OMEN 27k,HP,3840 x 2160,780G8AA#ABB,27 Inch,509,bol.com,MONITEUR
