Nom du produit,Marque,Type CPU,Implémentation CPU,Référence,Stockage,RAM,Taille écran,Prix,Site web,Catégorie
"Lenovo IdeaPad 3, Intel® Celeron® N, 1,1 GHz, 39,6 cm (15.6""), 1920 x 1080 pixels, 8 Go, 128 Go",Lenovo,Intel Celeron,N4500,82N4003YMH,128 GB,8 GB,15.6 Inch,249,bol.com,ORDINATEUR
"MSI Thin 15 B12UCX-2076NL - Ordinateur portable de Gaming - 15,6 pouces - 144 Hz",MSI,Intel Core i5,i5-12450H,9S7-16R831-2076,512 GB,16 GB,15.6 Inch,549,bol.com,ORDINATEUR
Lenovo IdeaPad Slim 3 16IAH8 83ES0030MH - Ordinateur portable - 16 pouces,Lenovo,Intel Core i5,12450H,83ES0030MH,512 GB,8 GB,16 Inch,389,bol.com,ORDINATEUR
Lenovo Legion Slim 5 16ARP9 83EX001JMH - Ordinateur portable de Gaming - 16 pouces - 165 Hz,Lenovo,AMD Ryzen 7,7435HS,83EX001JMH,512 GB,16 GB,16 Inch,959,bol.com,ORDINATEUR
"ASUS Vivobook Go 15 E1504FA-NJ1254W - Ordinateur portable - 15,6 pouces",ASUS,AMD Ryzen 5,7520U,90NB0ZR2-M026V0,512 GB,16 GB,15.6 Inch,399,bol.com,ORDINATEUR
"Acer Aspire 3 A317-54-50KW - Ordinateur portable - 17,3 pouces",Acer,Intel Core i5,i5-1235U,NX.K9YEH.01C,1000 GB,16 GB,17.3 Inch,552,bol.com,ORDINATEUR
"Lenovo IdeaPad Slim 3 15AMN8 82XQ00JBMH - Ordinateur portable - 15,6 pouces",Lenovo,AMD Ryzen 5,7520U,82XQ00JBMH,512 GB,16 GB,15.6 Inch,449,bol.com,ORDINATEUR
Lenovo IdeaPad Slim 5 16IAH8 83BG006CMH - Ordinateur portable - 16 pouces,Lenovo,Intel Core i5,12450H,83BG006CMH,512 GB,16 GB,16 Inch,599,bol.com,ORDINATEUR
HP Pavilion x360 14-ek0742nd - ordinateur portable 2-en1 - 14 pouces,HP,Intel Core i3,i3-1215U,A4CR8EA#ABH,512 GB,8 GB,14 Inch,599,bol.com,ORDINATEUR
Lenovo IdeaPad Slim 3 16ABR8 82XR008VMH - Ordinateur portable - 16 pouces,Lenovo,AMD Ryzen 5,7430U,82XR008VMH,1000 GB,16 GB,16 Inch,469,bol.com,ORDINATEUR
"Lenovo LOQ 15ARP9 83JC0070MH - Ordinateur portable de Gaming - 15,6 pouces - 144 Hz",Lenovo,AMD Ryzen 7,7435HS,83JC0070MH,512 GB,24 GB,15.6 Inch,779,bol.com,ORDINATEUR
"Lenovo IdeaPad Gaming 3 15ACH6 82K202CYMH - Ordinateur portable de Gaming - 15,6 pouces",Lenovo,AMD Ryzen 5,5500H,82K202CYMH,512 GB,16 GB,15.6 Inch,549,bol.com,ORDINATEUR
Lenovo IdeaPad Slim 5 16IRL8 82XF00AAMH - Ordinateur portable - 16 pouces,Lenovo,Intel Core i7,13620H,82XF00AAMH,512 GB,16 GB,16 Inch,659,bol.com,ORDINATEUR
"MSI Katana A15 AI B8VG-462NL - Ordinateur portable de Gaming - 15,6 pouces - 144 Hz",MSI,AMD Ryzen 7,8845HS,9S7-158N31-462,1000 GB,16 GB,15.6 Inch,1099,bol.com,ORDINATEUR
"HP Chromebook 15a-nb0704nd - 15,6 pouces",HP,,N100,B8CM8EA#ABH,128 GB,8 GB,15.6 Inch,249,bol.com,ORDINATEUR
"ASUS Vivobook Go 14 E1404FA-NK385W, AMD Ryzen™ 5, 2,8 GHz, 35,6 cm (14""), 1920 x 1080 pixels, 16 Go, 512 Go",ASUS,AMD Ryzen 5,7520U,90NB0ZS1-M00HC0,512 GB,16 GB,14 Inch,429,bol.com,ORDINATEUR
"Acer Aspire 3 A315-59-536D - Ordinateur portable - 15,6 pouces",Acer,Intel Core i5,i5-1235U,NX.K6SEH.017,512 GB,8 GB,15.6 Inch,425,bol.com,ORDINATEUR
"MSI Katana A17 AI B8VF-881NL - Ordinateur portable de Gaming - 17,3 pouces - 144 Hz",MSI,AMD Ryzen 7,8845HS,9S7-17LN31-881,1000 GB,16 GB,17.3 Inch,999,bol.com,ORDINATEUR
ASUS ROG Strix G18 G814JIR-N6003W - Ordinateur portable de Gaming - 180 pouces - 240 Hz,ASUS,Intel Core i9,i9-14900HX,90NR0ID6-M002B0,1000 GB,32 GB,18 Inch,1799,bol.com,ORDINATEUR
"HP 17-cp2752nd - Ordinateur portable - 17,3 pouces",HP,AMD Ryzen 5,7520U,A4CT4EA#ABH,512 GB,16 GB,17.3 Inch,609,bol.com,ORDINATEUR
"MSI Thin A15 B7UC-004NL - Ordinateur portable de Gaming - 15,6 pouces - 144 Hz",MSI,AMD Ryzen 5,7535HS,THIN A15 B7UC-004NL,512 GB,16 GB,15.6 Inch,699,bol.com,ORDINATEUR
ASUS Zenbook 14 OLED UX3405MA-PP701W - Ordinateur portable - 14 pouces,ASUS,,185H,90NB11R1-M01480,1000 GB,32 GB,14 Inch,1199,bol.com,ORDINATEUR
"Ordinateur portable Blackview AceBook 8 - 15,6 pouces Intel N97 de 12e génération - 16 GB de RAM 512 GB SSD Windows 11 Grijs",Blackview,Intel Celeron,N97,6931548317913,512 GB,16 GB,15.6 Inch,279,bol.com,ORDINATEUR
Lenovo IdeaPad Flex 5 14ABR8 82XX00CLMH - Ordinateur portable 2-en-1 - 14 pouces,Lenovo,AMD Ryzen 5,7430U,82XX00CLMH,512 GB,8 GB,14 Inch,549,bol.com,ORDINATEUR
"MSI Cyborg 15 A13VFK-1218NL - Ordinateur portable de Gaming - 15,6 pouces - 144 Hz",MSI,Intel Core i7,i7-13620H,9S7-15K111-1218,512 GB,16 GB,15.6 Inch,899,bol.com,ORDINATEUR
Acer Aspire 3 A314-23P-R8XX - Ordinateur portable - 14 pouces,Acer,AMD Ryzen 3,7320U,NX.KDDEH.00P,128 GB,8 GB,14 Inch,339,bol.com,ORDINATEUR
"Lenovo IdeaPad 1 15ALC7 82R400UMMH - Ordinateur portable - 15,6 pouces",Lenovo,AMD Ryzen 5,5625U,82R400UMMH,512 GB,16 GB,15.6 Inch,449,bol.com,ORDINATEUR
ASUS ROG Zephyrus G16 GU605MI-QR268W - Ordinateur portable de Gaming - 16 pouces - 240 Hz,ASUS,,155H,90NR0IS1-M00DU0,1000 GB,16 GB,16 Inch,1499,bol.com,ORDINATEUR
"ASUS Vivobook Go 14 E1404FA-NK383W, AMD Ryzen™ 5, 2,8 GHz, 35,6 cm (14""), 1920 x 1080 pixels, 8 Go, 512 Go",ASUS,AMD Ryzen 5,7520U,90NB0ZS1-M00HA0,512 GB,8 GB,14 Inch,549,bol.com,ORDINATEUR
Lenovo Legion Slim 5 16AHP9 83DH006JMH - Ordinateur portable de Gaming - 16 pouces - 165 Hz,Lenovo,AMD Ryzen 7,8845HS,83DH006JMH,1000 GB,16 GB,16 Inch,1099,bol.com,ORDINATEUR
"Samsung Galaxy Book4 (15,6"", Intel Core™ i5, 8 Go, 512 Go)",Samsung,Intel Core i5,1335U,NP750XGJ-KS3NL,512 GB,8 GB,15.6 Inch,495,bol.com,ORDINATEUR
"ROG Zephyrus G14 GA403UI-QS024W (2024) - Ordinateur portable - 14"" WQHD - 120 Hz - AMD Ryzen 9 8945HS - NVIDIA GeForce RTX 4070 - 32 GB LPDDR5X - 1 To SSD - Windows 11 Home - tsb QWERTY US International - Grijs",ASUS,AMD Ryzen 9,8945HS,90NR0HX1-M00240,1000 GB,32 GB,14 Inch,1849,bol.com,ORDINATEUR
"Lenovo V15 G3, Intel Core™ i5, 39,6 cm (15.6""), 1920 x 1080 pixels, 16 GB, 512 GB, Windows 11 Home",Lenovo,Intel Core i5,i5-1235U,83C4000BPB,512 GB,16 GB,15.6 Inch,459,bol.com,ORDINATEUR
Acer Aspire 3 14 A314-42P-R4J5 - Ordinateur portable - 14 pouces,Acer,AMD Ryzen 7,5700U,NX.KSFEH.00D,512 GB,16 GB,14 Inch,519,bol.com,ORDINATEUR
"ASUS VivoBook S 15 OLED M5506UA-MA067W - Ordinateur portable - 15,6 pouces",ASUS,AMD Ryzen 7,8845HS,90NB1473-M004C0,1000 GB,16 GB,15.6 Inch,799,bol.com,ORDINATEUR
MSI Sword 16 HX B14VGKG-448NL - Ordinateur portable de Gaming - 16 pouces - 240 Hz,MSI,Intel Core i7,i7-14650HX,9S7-15P214-448,1000 GB,16 GB,16 Inch,1299,bol.com,ORDINATEUR
ASUS TUF A16 FA617NSR-RL071W - Ordinateur portable de Gaming - 16 pouces - 144 Hz,ASUS,AMD Ryzen 7,7435HS,90NR0JM1-M00420,512 GB,16 GB,16 Inch,799,bol.com,ORDINATEUR
"MSI Cyborg 15 A13UC-689NL - Ordinateur portable de Gaming - 15,6 pouces - 144 Hz",MSI,Intel Core i7,i7-13620H,9S7-15K111-689,512 GB,16 GB,15.6 Inch,799,bol.com,ORDINATEUR
"Acer Nitro V 15 ANV15-41 - Ordinateur portable de Gaming - 15,6 pouces - 144 Hz",Acer,AMD Ryzen 7,7735HS,NH.QPDEH.00F,1000 GB,16 GB,15.6 Inch,939,bol.com,ORDINATEUR
"Acer Aspire 3 A317-54-727G, Intel® Core™ i7, 1,7 GHz, 43,9 cm (17.3""), 1920 x 1080 pixels, 16 Go, 1 To",Acer,Intel Core i7,i7-1255U,NX.K9YEH.00J,1000 GB,16 GB,17.3 Inch,719,bol.com,ORDINATEUR
"Lenovo IdeaPad Slim 3 Chrome 14M868, MediaTek, 35,6 cm (14""), 1920 x 1080 pixels, 8 Go, 128 Go, ChromeOS",Lenovo,MediaTek Kompanio 520,Kompanio 520,82XJ002AMH,128 GB,8 GB,14 Inch,249,bol.com,ORDINATEUR
ASUS ROG Zephyrus G16 GU605MI-QP121W - Ordinateur portable de Gaming - 16 pouces - 240 Hz,ASUS,,155H,90NR0IS3-M005N0,1000 GB,32 GB,16 Inch,1749,bol.com,ORDINATEUR
Ordinateur portable Asus X5155KA-EJ217 - 15 pouces FullHD - Intel - 512 Go - Windows 11 - Argent,ASUS,Intel Celeron,N4500,X515KA-EJ217,512 GB,8 GB,15.6 Inch,339,bol.com,ORDINATEUR
Apple MacBook Air (2024) 13.6 - M3 - 16 GB - 256 GB - Minuit,Apple,Apple M3,M3,MC8K4N/A,256 GB,16 GB,13.6 Inch,1112,bol.com,ORDINATEUR
"HP Probook 450 G10 - ordinateur portable professionnel - 15,6 FHD - i5-1335U - 16 Go - 512 Go - W11P - Éclairage du clavier - Garantie 3 ans",HP,Intel Core i5,i5-1335U,969H0ET#ABB,512 GB,16 GB,15.6 Inch,745,bol.com,ORDINATEUR
Lenovo Legion Slim 5 16ARP9 83EX001KMH - Ordinateur portable de Gaming - 16 pouces - 165 Hz,Lenovo,AMD Ryzen 7,7435HS,83EX001KMH,512 GB,16 GB,16 Inch,1199,bol.com,ORDINATEUR
"Qualcomm Snapdragon X1E78100 (42MB Cache, 3.4GHz), 16GB LPDDR5x-SDRAM, 1000GB SSD, 39.6 cm (15.6"") 3K 2880 x 1620 OLED, Qualcomm Adreno GPU, LAN, WLAN, Webcam, Windows 11 Home 64-bit",ASUS,Qualcomm Snapdragon X Elite,X1E-78-100,90NB14Q2-M002D0,1000 GB,16 GB,15.6 Inch,899,bol.com,ORDINATEUR
"ASUS VivoBook S 15 OLED S5506MA-MA074W - Ordinateur portable - 15,6 pouces",ASUS,,155H,90NB14E1-M009P0,1000 GB,16 GB,15.6 Inch,899,bol.com,ORDINATEUR
Lenovo IdeaPad 1 15ALC7 | 82R400F6MH,Lenovo,AMD Ryzen 7,5700U,82R400F6MH,512 GB,16 GB,15.6 Inch,499,bol.com,ORDINATEUR
"Ordinateur portable ProBook 450 15,6 pouces G10 Wolf Pro Security Edition, 15,6"", Windows 11 Pro, Intel Core™ i7, 16 Go de RAM, 512 Go SSD, FHD",HP,Intel Core i7,i7-1355U,85D30EA#ABH,512 GB,16 GB,15.6 Inch,799,bol.com,ORDINATEUR
MSI Sword 17 HX B14VGKG-094NL - Ordinateur portable de Gaming - 17 pouces - 240 Hz,MSI,Intel Core i7,i7-14650HX,9S7-17T214-094,2000 GB,32 GB,17 Inch,1599,bol.com,ORDINATEUR
HP Pavilion x360 14-ek1771nd - Ordinateur portable 2-en-1 - 14 pouces,HP,Intel Core i7,i7-1355U,A4CS0EA#ABH,1000 GB,16 GB,14 Inch,869,bol.com,ORDINATEUR
"Apple MacBook Pro 2024 14,2'' - M4, processeur 10 Core , GPU 10 Core , 16 Go de RAM, SSD 512 GB , Qwerty, Zwart",Apple,Apple M4,M4,MW2U3N/A,512 GB,16 GB,14.2 Inch,1844,bol.com,ORDINATEUR
ASUS VivoBook S 16 Flip TN3604YA-MC131W - Ordinateur portable 2-en-1 - 16 pouces,ASUS,AMD Ryzen 7,7730U,90NB1042-M005L0,1000 GB,16 GB,16 Inch,699,bol.com,ORDINATEUR
"MEDION AKOYA 30035743, Intel® Celeron® N, 1,1 GHz, 35,6 cm (14""), 1920 x 1080 pixels, 4 Go, 128 Go",MEDION,Intel Celeron,Intel Celeron N,MD62560,1000 GB,4 GB,14 Inch,199,bol.com,ORDINATEUR
Lenovo Yoga Pro 9 16IMH9 83DN006WMH - Ordinateur portable Creator - 16 pouces - 165 Hz,Lenovo,,185H,83DN006WMH,1000 GB,32 GB,16 Inch,1799,bol.com,ORDINATEUR
"AMD Ryzen AI 9 365 (34Mo Cache, 2GHz), 24Go LPDDR5x-SDRAM, 1000Go SSD, 40.6 cm (16"") 3K 2880 x 1800 OLED, AMD Radeon 880M, WLAN, Webcam, Windows 11 Home 64-bit",ASUS,,365,90NB13M1-M00140,1000 GB,24 GB,16 Inch,1299,bol.com,ORDINATEUR
"ASUS ROG Strix G17 G713PV-LL166W - Ordinateur portable de Gaming - 17,3 pouces - 240 Hz",ASUS,AMD Ryzen 9,7940HX,90NR0C34-M00D70,2000 GB,32 GB,17.3 Inch,1549,bol.com,ORDINATEUR
Acer Chromebook Spin 314 CP314-2HN-C8RG - Chromebook 2-en-1 - 14 pouces,Acer,,100,NX.KYHEH.008,128 GB,8 GB,14 Inch,499,bol.com,ORDINATEUR
"HP Victus 15-fb2772nd - Ordinateur portable de Gaming - 15,6 pouces - 144 Hz",HP,AMD Ryzen 7,8845HS,B4MK1EA#ABH,1000 GB,16 GB,15.6 Inch,865,bol.com,ORDINATEUR
MSI Vector 16 HX A14VHG-671NL,MSI,Intel Core i9,i9-14900HX,9S7-15M142-671,1000 GB,32 GB,16 Inch,2199,bol.com,ORDINATEUR
Lenovo IdeaPad 5 2-en-1 16IRU9 83DU0043MH - Ordinateur portable 2-en-1 - 16 pouces,Lenovo,,150U,83DU0043MH,1000 GB,16 GB,16 Inch,799,bol.com,ORDINATEUR
"MSI Vector 16 HX A14VHG-677NL 16 QHD+, i7-14650HX, 16 Go, 1 To, 4080, W11",MSI,Intel Core i7,i7-14650HX,9S7-15M142-677,1000 GB,16 GB,16 Inch,1799,bol.com,ORDINATEUR
ASUS ROG Strix G16 G614JIR-N4002W - Ordinateur portable de Gaming - 16 pouces - 240 Hz,ASUS,Intel Core i9,i9-14900HX,90NR0IG5-M005Z0,1000 GB,32 GB,16 Inch,1899,bol.com,ORDINATEUR
"ASUS ProArt PX13 HN7306WV-LX006X - Ordinateur portable Creator - 13,3 pouces",ASUS,,HX 370,90NB14L1-M00100,1000 GB,32 GB,13.3 Inch,1699,bol.com,ORDINATEUR
"Lenovo IdeaPad Flex 3 Chromebook 15IJL7 82T3001RMH - 15,6 pouces - 2-en-1",Lenovo,Intel Celeron,N4500,82T3001RMH,128 GB,8 GB,15.6 Inch,399,bol.com,ORDINATEUR
Acer Aspire 5 14 A514-56P-54QA - Ordinateur portable - 14 pouces,Acer,Intel Core i5,i5-1335U,NX.KHREH.00H,512 GB,16 GB,14 Inch,549,bol.com,ORDINATEUR
Acer Aspire 3 15 A315-24P-R7GH,Acer,AMD Ryzen 5,7520U,NX.KDEEH.00C,512 GB,16 GB,15 Inch,313,bol.com,ORDINATEUR
"Lenovo V15 G4 15,6 F- HD / I5-13420H / 8 Go / 512 Go / W11P",Lenovo,Intel Core i5,13420H,83A1008WRM,512 GB,8 GB,15.6 Inch,469,bol.com,ORDINATEUR
"AMD Ryzen AI 9 365 (34Mo Cache, 2GHz), 24Go LPDDR5x-SDRAM, 1000Go SSD, 40.6 cm (16"") 3K 2880 x 1800 OLED, AMD Radeon 880M, WLAN, Webcam, Windows 11 Home 64-bit",ASUS,,365,90NB13M2-M00AM0,1000 GB,24 GB,16 Inch,1199,bol.com,ORDINATEUR
Acer Aspire 3 15 A315-44P-R9PH - AZERTY,Acer,AMD Ryzen 7,AMD Ryzen 7-5700U,A315-44P,512 GB,16 GB,15.6 Inch,529,bol.com,ORDINATEUR
"ASUS ROG GV601VV-NF019W, Intel® Core™ i9, 40,6 cm (16""), 2560 x 1600 pixels, 16 Go, 1 To, Windows 11 Home",ASUS,Intel Core i9,i9-13900H,90NR0D11-M001R0,1000 GB,16 GB,16 Inch,1499,bol.com,ORDINATEUR
"ACER Chromebook 311 C723T-TCO-K7NP MediaTek Kompanio 528 11,6 pouces HD tactile 4 Go DDR4X 32 Go eMMC Wi-Fi 6 AX Chrome OS noir schiste",Acer,MediaTek Kompanio 520,Kompanio 528 - MT8186TV/AZA,NX.KK5EH.001,32 GB,4 GB,11.6 Inch,265,bol.com,ORDINATEUR
"HP , 512 Go, SSD, DOS gratuit",HP,,125U,9Y7S7ET,512 GB,16 GB,16 Inch,799,bol.com,ORDINATEUR
"HP Victus Gaming 15-fb2287nw, AMD Ryzen™ 5, 4,3 GHz, 39,6 cm (15.6""), 1920 x 1080 pixels, 16 Go, 512 Go",HP,AMD Ryzen 5,8645HS,A58STEA,512 GB,16 GB,15.6 Inch,779,bol.com,ORDINATEUR
Intel Core Intel _ _ _ _ _,ASUS,Intel Core i5,i5-1235U,Vivobook 15 - X1504Z,512 GB,16 GB,15.6 Inch,519,bol.com,ORDINATEUR
"MacBook Pro, 14"" Liquid Retina XDR, 3024x1964, 8-core Apple M3 chip, 512GB SSD, 8GB RAM, 10-core GPU, 2x Thunderbolt 4, HDMI, Wi-Fi 6E, Bluetooth 5.3, Force Touch, macOS",Apple,Apple M3,Apple M3 8-core,MTL73N/A,512 GB,8 GB,14 Inch,1498,bol.com,ORDINATEUR
Lenovo Ideapad 17.3 F- HD - i5-1235U - 16 Go RAM - 512 Go SSD - W11P,Lenovo,Intel Core i5,1235U,82RL00CEPB,512 GB,16 GB,17.3 Inch,659,bol.com,ORDINATEUR
"Acer Aspire 5 17 A517-58GM-76JM - Ordinateur portable Creator - 17,3 pouces",Acer,Intel Core i7,1355U,NX.KJLEH.00K,1000 GB,16 GB,17.3 Inch,899,bol.com,ORDINATEUR
"MSI Katana 17 AI B8VG-833NL - Ordinateur portable de Gaming - 17,3 pouces - 240 Hz",MSI,AMD Ryzen 9,8945HS,KATANA A17 AI B8VG-833NL,1000 GB,16 GB,17.3 Inch,1571,bol.com,ORDINATEUR
Acer A315 15.6 F- HD Ryzen 5 5500U - 16Go -512Go - W11Pro,Acer,AMD Ryzen 5,5500U,NX.KSJEX.00X,512 GB,16 GB,15.6 Inch,439,bol.com,ORDINATEUR
"Lenovo IdeaPad 3 17ALC6 82KV00LEMH - Ordinateur portable - 17,3 pouces",Lenovo,AMD Ryzen 7,5700U,82KV00LEMH,512 GB,8 GB,17.3 Inch,640,bol.com,ORDINATEUR
ASUS ROG Zephyrus G16 GA605WI-QR024W - Ordinateur portable de Gaming - 16 pouces - 240 Hz,ASUS,,HX 370,90NR0J91-M000Z0,1000 GB,16 GB,16 Inch,1999,bol.com,ORDINATEUR
"Acer Aspire 3 A315-59-70GU - Ordinateur portable - 15,6 pouces",Acer,Intel Core i7,i7-1255U,NX.K6SEH.01A,512 GB,16 GB,15.6 Inch,599,bol.com,ORDINATEUR
Razer Blade 18 - RZ09-05092EM4-R3E1 - Ordinateur portable de Gaming - 18 pouces - 200 Hz,Razer,Intel Core i9,i9-14900HX,RZ09-05092EM4-R3E1,2000 GB,32 GB,18 Inch,3999,bol.com,ORDINATEUR
"Lenovo Thinkbook 16 G7 IML 16'' FHD+ WUXGA Cam IR 300 nits Intel Ultra Core 7-155H 16 Go DDR5, 512 Go SSD W11P BL KB FPR 3Y Depot",Lenovo,,Intel® Core™ Ultra 7 155H,21MS005DRM,512 GB,16 GB,16 Inch,899,bol.com,ORDINATEUR
MSI Raider GE68 HX 14VHG-632NL - Ordinateur portable 16'' - 2560 x 1600 Quad HD+ - Intel Core i9-14900HX - NVIDIA GeForce RTX 4080 - 32 GB DDR5 - 2 To SSD - Windows 11 Home - QWERTY - noir,MSI,Intel Core i9,i9-14900HX,9S7-15M131-632,2000 GB,32 GB,16 Inch,2449,bol.com,ORDINATEUR
"HP Probook 450 G10 - ordinateur portable professionnel - 15,6 FHD - i5-1335U - 16 Go - 512 Go - W11P - Éclairage du clavier - Garantie 3 ans",HP,Intel Core i5,i5-1335U,968N8ET#ABB,512 GB,16 GB,15.6 Inch,775,bol.com,ORDINATEUR
Lenovo Legion 5 16IRX9 - Ordinateur portable de Gaming - 16 pouces - 165Hz,Lenovo,Intel Core i7,14650HX,83DG00FBMH,512 GB,16 GB,16 Inch,1249,bol.com,ORDINATEUR
Lenovo IdeaPad Slim 3 - 83EQ004XMH,Lenovo,Intel Core i5,i5-12450H,83EQ004XMH,512 GB,16 GB,14 Inch,,bol.com,ORDINATEUR
HP Chromebook 14a-nf0702nd - 14 pouces,HP,Intel N200,N200,AE1B6EA#ABH,128 GB,8 GB,14 Inch,279,bol.com,ORDINATEUR
Acer Aspire 3 A314-23P-R2LW - Ordinateur portable - 14 pouces,Acer,AMD Athlon Silver,7120U,NX.KDDEH.00Q,128 GB,8 GB,14 Inch,299,bol.com,ORDINATEUR
"Acer Chromebook 315 CB315-5H-C97W - Chromebook - 15,6 pouces",Acer,,N100,NX.KPPEH.007,128 GB,8 GB,15.6 Inch,389,bol.com,ORDINATEUR
Acer Nitro V 16 ANV16-41-R3MX - Ordinateur portable de Gaming - 16 pouces - 165Hz,Acer,AMD Ryzen 7,8845HS,NH.QP0EH.00G,1000 GB,16 GB,16 Inch,1129,bol.com,ORDINATEUR
Lenovo Legion Slim 5 16AHP9 83DH006EMH - Ordinateur portable de Gaming - 16 pouces - 240 Hz,Lenovo,AMD Ryzen 7,8845HS,83DH006EMH,1000 GB,32 GB,16 Inch,1499,bol.com,ORDINATEUR
Acer Nitro V 16 ANV16-41-R816 - Ordinateur portable de Gaming - 16 pouces - 165 Hz,Acer,AMD Ryzen 5,8645HS,NH.QP1EH.006,512 GB,16 GB,16 Inch,835,bol.com,ORDINATEUR
"ASUS TUF A15 FA507UI-LP034W - Ordinateur portable de Gaming - 15,6 pouces - 144 Hz",ASUS,AMD Ryzen 9,8945HS,90NR0I65-M00570,1000 GB,16 GB,15.6 Inch,1299,bol.com,ORDINATEUR
ASUS TUF A16 FA607PV-N3095W - Ordinateur portable de Gaming 16 pouces - 165 Hz,ASUS,AMD Ryzen 9,7940HX,90NR0IX4-M004N0,1000 GB,32 GB,16 Inch,1299,bol.com,ORDINATEUR
"Lenovo IdeaPad Slim 3 15ABR8 82XM00GMMH - Ordinateur portable - 15,6 pouces",Lenovo,AMD Ryzen 5,7430U,82XM00GMMH,512 GB,8 GB,15.6 Inch,449,bol.com,ORDINATEUR
"Acer Aspire 3 A315-59-31N1 - Ordinateur portable - 15,6 pouces",Acer,Intel Core i3,i3-1215U,NX.K6SEH.016,512 GB,8 GB,15.6 Inch,429,bol.com,ORDINATEUR
"Acer Nitro 5 AN517-55-57Y1, Intel® Core™ i5, 2 GHz, 43,9 cm (17.3""), 1920 x 1080 pixels, 16 Go, 512 Go",Acer,Intel Core i5,12450H,NH.QLFEH.00D,512 GB,16 GB,17.3 Inch,919,bol.com,ORDINATEUR
"Lenovo IdeaPad 3, Intel® Core™ i7, 39,6 cm (15.6""), 1920 x 1080 pixels, 16 Go, 512 Go, Windows 11 Home",Lenovo,Intel Core i7,1255U,82RK00VFMH,512 GB,16 GB,15.6 Inch,446,bol.com,ORDINATEUR
MSI Raider GE68 HX 14VHG-417NL - Ordinateur portable de Gaming - 16 pouces,MSI,Intel Core i9,i9-14900HX,9S7-15M131-417,2000 GB,32 GB,16 Inch,2399,bol.com,ORDINATEUR
"MSI Thin GF63 12UC-2209NL - Ordinateur portable de Gaming - 15,6 pouces - 144 Hz",MSI,Intel Core i5,12450H,THIN GF63 12UC-2209NL,512 GB,16 GB,15.6 Inch,789,bol.com,ORDINATEUR
"Ordinateur portable HP 15-fd0130nd Intel® Core™ i3 i3-1215U 39,6 cm (15.6"") Full HD 8 GB DDR4-SDRAM 512 GB SSD Wi-Fi 6E (802.11ax) Windows 11 Home Grijs",HP,Intel Core i3,i3-1215U,B32BSEA#ABH,512 GB,8 GB,15.6 Inch,372,bol.com,ORDINATEUR
"MSI Thin A15 B7VE-002NL - Ordinateur portable de Gaming - 15,6 pouces - 144 Hz",MSI,AMD Ryzen 7,7735HS,THIN A15 B7VE-002NL,512 GB,16 GB,15.6 Inch,869,bol.com,ORDINATEUR
"Samsung Galaxy Book5 360 - Ordinateur portable Copilot+ – 15,6 pouces",Samsung,,256V,NP750QHA-KA1NL,512 GB,16 GB,15.6 Inch,1404,bol.com,ORDINATEUR
MSI GE66 Raider 11UG-063IT Intel,MSI,Intel Core i7,063IT,11UG-063IT,64 GB,32 GB,15.6 Inch,862,bol.com,ORDINATEUR
"Ordinateur portable MEDION E17223 (MD62638) de 43,9 cm (17,3"")",MEDION,Intel Core i5,Intel® Prozessor,MD62638,1000 GB,4 GB,17.3 Inch,349,bol.com,ORDINATEUR
Acer Aspire 3 A317-55P-C236,Acer,,N100,NX-KDREH-003,128 GB,4 GB,17.3 Inch,366,bol.com,ORDINATEUR
"Acer Aspire 5 17 A517-58GM-740W - Ordinateur portable Creator - 17,3 pouces",Acer,Intel Core i7,1355U,NX.KJLEH.00D,2000 GB,16 GB,17.3 Inch,1049,bol.com,ORDINATEUR
Ordinateur portable de Gaming MSI Cyborg 14 A13VE-016NL,MSI,Intel Core i7,i7-13620H,CYBORG 14 A13VE-016NL,512 GB,16 GB,14 Inch,899,bol.com,ORDINATEUR
"AMD Ryzen AI 9 AI 9 HX 370 (36Mo Cache, 2GHz), 32Go LPDDR5x-SDRAM, 1000Go SSD, 40.6 cm (16"") 2.5K 2560 x 1600 IPS, AMD Radeon 890M, NVIDIA GeForce RTX 4070 (8Go GDDR6), WLAN, Webcam, Windows 11 Home 64-bit",ASUS,,HX 370,90NR0J93-M00290,1000 GB,32 GB,16 Inch,2099,bol.com,ORDINATEUR
"Lenovo IdeaPad 3 17IAU7 82RL00BQMH - Ordinateur portable - 17,3 pouces",Lenovo,Intel Core i3,1215U,82RL00BQMH,512 GB,8 GB,17.3 Inch,499,bol.com,ORDINATEUR
"MSI Modern 15 F13MG-019NL Intel® Core™ i5 i5-1335U Ordinateur portable 39,6 cm (15.6"") Full HD 16 GB DDR4-SDRAM 512 GB SSD Wi-Fi 6E (802.11ax) Windows 11 Home Argent",MSI,Intel Core i5,i5-1335U,MODERN 15 F13MG-019NL,512 GB,16 GB,15.6 Inch,513,bol.com,ORDINATEUR
"Lenovo IdeaPad Slim 3 15IAH8 83ER00G6MH - Ordinateur portable - 15,6 pouces",Lenovo,Intel Core i5,12450H,83ER00G6MH,512 GB,16 GB,15.6 Inch,529,bol.com,ORDINATEUR
ASUS TUF A16 FA607PI-QT091W - Ordinateur portable de Gaming - 16 pouces - 165 Hz,ASUS,AMD Ryzen 9,7940HX,90NR0IV4-M004H0,1000 GB,16 GB,16 Inch,1349,bol.com,ORDINATEUR
"Intel Core i5-1235U (1,3 GHz, 12 Mo L3), 43,9 cm (17,3"") HD+ ComfyView (1 600 × 900 ), 8 Go de SDRAM DDR4, SSD PCIe NVMe de 512 Go, Graphiques Intel Iris Xe, Wi-Fi 6 AX (1x1), Windows 11 Home, États-Unis Int",Acer,Intel Core i5,i5-1235U,NX.K9YEH.01D,512 GB,8 GB,17.3 Inch,499,bol.com,ORDINATEUR
"MSI Thin 15 B12UC-1253NL - Ordinateur portable de Gaming - 15,6 pouces - 144 Hz",MSI,Intel Core i7,12650H,THIN 15 B12UC-1253NL,512 GB,16 GB,15.6 Inch,799,bol.com,ORDINATEUR
"Ordinateur portable professionnel Dell Latitude 3540 15,6' i5-1345U 8 Go de RAM 256 Go Dysk SSD Win11 Pro",Dell,Intel Core i5,1235U,Latitude 3540,256 GB,8 GB,15.6 Inch,539,bol.com,ORDINATEUR
"AMD Ryzen 7 5700U (1,8 GHz, 8 Mo L3), 39,6 cm (15,6"") FHD ComfyView (1 920 x 1 080), 32 Go de SDRAM DDR4, SSD PCIe NVMe de 1 To, Graphiques AMD Radeon, Wi-Fi 6 AX (2x2) + BT, Windows 11 Home, clavier QWERTY",Acer,AMD Ryzen 7,5700U,NX.KSJEH.006,1000 GB,32 GB,15.6 Inch,599,bol.com,ORDINATEUR
"MacBook Air, 15.3"" Liquid Retina, 2880x1864, Apple M3 8-core CPU, 10-core GPU, 512GB SSD, 8GB unified memory, 2 x Thunderbolt 3, 802.11ax, Bluetooth 5.3, macOS",Apple,Apple M3,M3,MRYN3N/A,512 GB,8 GB,15.3 Inch,1658,bol.com,ORDINATEUR
Acer Nitro 16 AN16-42-R1PZ - Ordinateur portable de Gaming - 16 pouces - 165 Hz,Acer,AMD Ryzen 9,8945HS,NH.QPLEH.00A,1000 GB,16 GB,16 Inch,1399,bol.com,ORDINATEUR
ASUS ROG Zephyrus G14 GA403UI-QS041W - Ordinateur portable de Gaming - 14 pouces,ASUS,AMD Ryzen 9,8945HS,90NR0HX2-M00250,1000 GB,32 GB,14 Inch,2029,bol.com,ORDINATEUR
"HP ProBook 450 G10 - i5-1335U - 16 Go - 512 Go SSD - 15,6"" FHD - W10P - 3 ans Gar. -Verl. Clé. NL",HP,Intel Core i5,1335,817S9EA,512 GB,16 GB,15.6 Inch,775,bol.com,ORDINATEUR
Ordinateur portable Intel Pentium N 3700 - 14 pouces - 16 Go de Ram 256 Go SSD - Ordinateur portable - Résolution 1920*1080 - Windows 11 - Déverrouillage - Ordinateur - Office - Étude - Gamer - PC - Grijs,Merkloos’,Intel Pentium,N3700,FH8066501715923,256 GB,16 GB,14 Inch,239,bol.com,ORDINATEUR
Lenovo LOQ 15IAX9 - 83GS009TMH - Gaming - Geforce RTX 3050 - 144 Hz - Intel Core i5-12450HX - 16 Go,Lenovo,Intel Core i5,i5-12450HX,83GS009TMH,512 GB,16 GB,15.6 Inch,729,bol.com,ORDINATEUR
ASUS Vivobook 16 Flip TP3607SA-RJ022W - Ordinateur portable 2-en-1 - 16 pouces,ASUS,,258V,90NB1511-M003L0,1000 GB,32 GB,16 Inch,1449,bol.com,ORDINATEUR
Acer Nitro V ANV15-51-9637 - QWERTY,Acer,Intel Core i9,i9-13900H,NH.QQEEH.00J,512 GB,16 GB,15.6 Inch,999,bol.com,ORDINATEUR
"Intel Core Ultra 7 155H (24 Mo de cache), 16 Go DDR5-SDRAM, 1 000 Go SSD, 35,6 cm (14"") 2,8K 2 880 x 1 800, Intel Arc Graphiques, NVIDIA GeForce RTX 4060 (8 Go GDDR6), WLAN, Webcam, Windows 11 Pro",MSI,,155H,STEALTH 14 AI STUDIO A1VFG-014NL,1000 GB,16 GB,14 Inch,1249,bol.com,ORDINATEUR
"ASUS VivoBook M1502YA - 15,6 pouces FHD IPS - Ryzen 7 7730U - Mémoire 16 GB - SSD M.2 512 GB - Clavier lumineux - Windows 11 Pro",ASUS,AMD Ryzen 7,7730U,90NB0X22-M00680,512 GB,16 GB,15.6 Inch,555,bol.com,ORDINATEUR
"Ordinateur portable 17-cn4099nd, Windows 11 Home, 17,3"", Intel Core™ 7, 16 Go de RAM, SSD 1 To, FHD, argent naturel",HP,Intel Core i7,150U,A12MSEA#ABH,1000 GB,16 GB,17.3 Inch,949,bol.com,ORDINATEUR
"Lenovo LOQ 15IRX9 83DV00PBMH - Ordinateur portable de Gaming - 15,6 pouces - 144 Hz",Lenovo,Intel Core i7,13650HX,83DV00PBMH,512 GB,24 GB,15.6 Inch,949,bol.com,ORDINATEUR
"Acer Chromebook 515 CB515-1W-73QM - Chromebook - 15,6 pouces",Acer,Intel Core i7,1165G7,NX.AYGEH.006,256 GB,8 GB,15.6 Inch,389,bol.com,ORDINATEUR
"HP 470 G10 - ordinateur portable professionnel - 17,3 FHD - i7-1355U - 16 Go - 512 Go - W11P - éclairage du clavier",HP,Intel Core i7,i7-1355U,9G1F5ET#ABB,512 GB,16 GB,17.3 Inch,909,bol.com,ORDINATEUR
"Ordinateur portable E15223, processeur Intel N100, Windows 11 Home (mode S), écran FHD de 39,6 cm (15,6''), SSD 128 GB , RAM 4 GB",MEDION,,Intel® Processor,MD62644,1000 GB,4 GB,15.6 Inch,249,bol.com,ORDINATEUR
"Acer Chromebook 315 (CB315-4H-C3SW) Ordinateur portable 15,6 pouces Argent N4500 Celeron 4 Go de RAM 128 Go de RAM",Acer,Intel Celeron,N4500,N21Q9,128 GB,4 GB,15.6 Inch,298,bol.com,ORDINATEUR
"Lenovo IdeaPad Slim 5 AMD Ryzen™ 7 7730U Ordinateur portable 40,6 cm (16"") WUXGA 16 GB DDR4-SDRAM 512 GB SSD Wi-Fi 6 (802.11ax) Windows 11 Home Grijs",Lenovo,AMD Ryzen 7,7730U,82XG008VMH,512 GB,16 GB,16 Inch,715,bol.com,ORDINATEUR
"Lenovo IdeaPad Gaming 3 - 15,6"" F- HD - i5 11320H - 16 Go - 512 Go - W11P",Lenovo,Intel Core i5,11320H,82K101F1PB,512 GB,16 GB,15.6 Inch,695,bol.com,ORDINATEUR
"Lenovo Yoga Pro 7 14AHP9 83E30039MH - Ordinateur portable Creator - 14,5 pouces",Lenovo,AMD Ryzen 7,8845HS,83E30039MH,1000 GB,16 GB,14.5 Inch,999,bol.com,ORDINATEUR
HP 17-cn3139nd - B87Z0EA#ABH - AZERTY,HP,Intel Core i3,i3-N305,B87Z0EA#ABH,512 GB,8 GB,17.3 Inch,514,bol.com,ORDINATEUR
"Acer Aspire 3 Spin 14 A3SP14-31PT-C6NT, Intel® N, 35,6 cm (14""), 1920 x 1200 pixels, 4 Go, 128 Go, Windows 11 Home in S mode",Acer,Intel Core M,N100,NX.KENEH.001,128 GB,4 GB,14 Inch,379,bol.com,ORDINATEUR
ASUS TUF Gaming F17 FX707VI-HX057W,ASUS,Intel Core i7,i7-13620H,90NR0FI5-M00780,2000 GB,32 GB,17.3 Inch,2099,bol.com,ORDINATEUR
"HP 250 G10 Business - 15,6″ FHD IPS AG - i5-1335U - 16 GB de RAM - 512 Go SSD M.2 NVMe - Windows 11 Pro",HP,Intel Core i5,1334U,85C48EA,512 GB,16 GB,15.6 Inch,599,bol.com,ORDINATEUR
"Lenovo Thinkbook 16 G7 IML 16'' FHD+ WUXGA 300 Nits IR Cam Intel Ultra Core 5-125U 16 Go DDR5, 512 Go SSD W11P - TB rétroéclairé - Lecteur d'empreintes digitales - Garantie 3 ans",Lenovo,,Intel® Core™ Ultra 5 125U,21MS005MRM,512 GB,16 GB,16 Inch,739,bol.com,ORDINATEUR
"Lenovo V15 G4 - 15,6' pouces - Ryzen 5 - 8 Go de RAM - 512 Go - W11 pro",Lenovo,AMD Ryzen 5,7520U,82YU0133PB,512 GB,8 GB,15.6 Inch,438,bol.com,ORDINATEUR
"13.6"" Retina, IPS, 2560 x 1664px, Apple M3 (8-core CPU, 8-core GPU, 16-core Neural Engine), 8GB, 256GB SSD, 2x Thunderbolt/USB 4, 802.11ax Wi-Fi 6E, Bluetooth 5.3, macOS",Apple,Apple M3,M3,MRXT3N/A,256 GB,8 GB,13.6 Inch,1159,bol.com,ORDINATEUR
"Ordinateur portable de Gaming Budget Ryzen 5 6 Core 15,6""|16 Go de RAM, 512 Go de SSD|5625U 6 Core@2,3-4,3 - Alimenté par HP 255 G9 Series - Windows 11 Professionnel",LalaShops,AMD Ryzen 5,5625U,ZLAP_AKD_A4,512 GB,16 GB,24 Inch,459,bol.com,ORDINATEUR
"ASUS VivoBook 17 X1704ZA-AU044W, Intel® Core™ i5, 1,3 GHz, 43,9 cm (17.3""), 1920 x 1080 pixels, 8 Go, 512 Go",ASUS,Intel Core i5,i5-1235U,90NB10F2-M001H0,512 GB,8 GB,17.3 Inch,609,bol.com,ORDINATEUR
"Ordinateur portable Asus X1704VA 17,3"" FullHD - Intel Core i5-1335U - 16 Go RAM - SSD 1,0 To - Windows 11 Pro",ASUS,Intel Core i5,1335U,X1704VA-AU157,1000 GB,16 GB,17.3 Inch,699,bol.com,ORDINATEUR
"16.2"" MacBook Pro, Liquid Retina XDR, 3456 x 2234px, Apple M3 Max 14‑core, 30‑core GPU, 36GB unified memory, 1000GB SSD, SDXC, HDMI, 3 x Thunderbolt 4, Wi-Fi 6E, Bluetooth 5.3, macOS Sonoma",Apple,Apple M3 Max,Apple M3 14-core,MRW33N/A,1000 GB,36 GB,16 Inch,3687,bol.com,ORDINATEUR
"Intel Core i7-13700H (24MB Cache), 16GB DDR5-SDRAM, 512GB SSD, 35.6 cm (14"") WUXGA 1920 x 1200 IPS, Intel Iris Xe Graphics, LAN, WLAN, Webcam, Windows 11 Pro",Lenovo,Intel Core i7,13700H,ThinkBook 14 G6,512 GB,16 GB,14 Inch,999,bol.com,ORDINATEUR
MSI Sword 16 HX B13VFKG-469NL - Ordinateur portable de Gaming - 17 pouces - 144 Hz,MSI,Intel Core i7,i7-13700HX,9S7-15P214-469,512 GB,16 GB,16 Inch,1099,bol.com,ORDINATEUR
"HP ZBook Fury 17 G7 - Ordinateur portable station de travail - 17,3 pouces - Intel Core i7-10750H - 32 GB de RAM, 1 To SSD - Nvidia Quadro RTX 4000 - Windows 10 Pro",HP,Intel Core i7,i7-10750H,2C9V2EA,1000 GB,32 GB,17.3 Inch,1499,bol.com,ORDINATEUR
Lenovo IdeaPad Flex 5 14IAU7 82R700N0MH - Ordinateur portable 2-en-1 - 14 pouces,Lenovo,Intel Core i5,i5-1235U,82R700N0MH,512 GB,16 GB,14 Inch,709,bol.com,ORDINATEUR
MSI Modern 14 F13MG-019NL - Ordinateur portable - 14 pouces,MSI,Intel Core i3,i3-1315U,MODERN 14 F13MG-019NL,512 GB,8 GB,14 Inch,354,bol.com,ORDINATEUR
"Lenovo V V15, Intel® Core™ i5, 39,6 cm (15.6""), 1920 x 1080 pixels, 16 Go, 512 Go, Windows 11 Pro",Lenovo,Intel Core i5,i5-13420H,V15 G4,512 GB,16 GB,15.6 Inch,569,bol.com,ORDINATEUR
"MSI Modern 15 H C13M-203NL - Ordinateur portable - 15,6 - 60 Hz",MSI,Intel Core i9,13900H,9S7-15H431-203,1000 GB,16 GB,15.6 Inch,899,bol.com,ORDINATEUR
HP Omen 16-u1080nd,HP,Intel Core i7,14700HX,9U5U4EA#ABH,2000 GB,32 GB,16 Inch,2499,bol.com,ORDINATEUR
HP ProBook 440 G11 - ordinateur portable professionnel - 14FHD - Ultra 5-125U - 16 Go - 512 Go - éclairage du clavier - W11P - 3 ans de garantie sur site,HP,,125U,A37RZET#ABB,512 GB,16 GB,14 Inch,879,bol.com,ORDINATEUR
"MacBook Pro, 14.2"" Liquid Retina XDR, 3024x1964, 8-core Apple M1 Pro chip, 512GB SSD, 16GB unified memory, 14-core GPU, 3 x Thunderbolt 4, HDMI, 802.11ax, Bluetooth 5.0, Force Touch, macOS",Apple,Apple M1 Pro,Apple M1 Pro 8-core,MKGP3N/A,512 GB,16 GB,14 Inch,1449,bol.com,ORDINATEUR
"DELL Latitude 5540, Intel® Core™ i5, 39,6 cm (15.6""), 1920 x 1080 pixels, 8 Go, 256 Go, Windows 11 Pro",Dell,Intel Core i5,i5-1335U,CD3NY,256 GB,16 GB,15.6 Inch,749,bol.com,ORDINATEUR
"Acer Aspire 5 A515-57-79HT, Intel® Core™ i7, 2,3 GHz, 39,6 cm (15.6""), 1920 x 1080 pixels, 32 Go, 512 Go",Acer,Intel Core i7,i7-12650H,NX.KN4EH.00E,512 GB,32 GB,15.6 Inch,849,bol.com,ORDINATEUR
"Acer Aspire 5 A517-53-74FQ 17"" FHD, i7-12650H, 32 Go, 1 To, W11H",Acer,Intel Core i7,12650H,NX.KQBEH.00J,1000 GB,32 GB,17.3 Inch,1059,bol.com,ORDINATEUR
"Apple MacBook Air 2024 13,6'' - M3, CPU 8 Core , GPU 8 Core , 16 Go de RAM, 256 Go SSD, Qwerty, Beige",Apple,Apple M3,8 core,MC8J4N/A,256 GB,16 GB,13.6 Inch,1112,bol.com,ORDINATEUR
"13.6"" Retina, IPS, 2560 x 1664px, Apple M3 (8-core CPU, 10-core GPU, 16-core Neural Engine), 8GB, 512GB SSD, 2x Thunderbolt/USB 4, 802.11ax Wi-Fi 6E, Bluetooth 5.3, macOS",Apple,Apple M3,M3,MRXW3N/A,512 GB,8 GB,13.6 Inch,1399,bol.com,ORDINATEUR
Acer Aspire 7 Pro A715-76G-51CU,Acer,Intel Core i5,i5-12450H,A715-76G,512 GB,16 GB,15.6 Inch,639,bol.com,ORDINATEUR
"Lenovo Legion Slim 7, AMD Ryzen™ 7, 3,8 GHz, 40,6 cm (16""), 3200 x 2000 pixels, 16 Go, 1 To",Lenovo,AMD Ryzen 7,7840HS,82Y4001WMH,1000 GB,16 GB,16 Inch,1499,bol.com,ORDINATEUR
"Intel Core Ultra 7 155H (1,4 GHz), 16 Go DDR5-SDRAM, 512 Go SSD, 39,6 cm (15,6"") Full HD 1920 x 1080, Intel Arc Graphiques, NVIDIA GeForce RTX 4050 (6 Go GDDR6), LAN, WLAN, Webcam, Windows 11 Home",MSI,,155H,9S7-15K211-019,512 GB,16 GB,15.6 Inch,899,bol.com,ORDINATEUR
"DELL XPS 13 9310, Intel® Core™ i7, 34 cm (13.4""), 3840 x 2400 pixels, 32 Go, 1 To, Windows 10 Pro",Dell,Intel Core i7,i7-1165G7,8D5RH,1000 GB,32 GB,13.4 Inch,1585,bol.com,ORDINATEUR
"Lenovo IdeaPad Duet 3 Chrome 11Q727, Qualcomm Snapdragon, 2,55 GHz, 27,8 cm (10.9""), 2000 x 1200 pixels, 8 Go, 128 Go",Lenovo,Qualcomm Snapdragon,7c Gen 2,82T6003FMH,128 GB,8 GB,10.95 Inch,416,bol.com,ORDINATEUR
Lenovo IdeaPad Gaming 3 - 82K202CLMH,Lenovo,AMD Ryzen 5,5500H,82K202CLMH,512 GB,16 GB,15.6 Inch,619,bol.com,ORDINATEUR
Lenovo Thinkbook 16 G6 IRL - I7 13700H - 16 GB DDR5 - 512 GB PCIE 4.0 - 16'' WUXGA IPS 300 NITS - BATTERIE PUISSANTE 71WH - CAMÉRA HYBRIDE IR - WINDOWS 11 PRO - GARANTIE 3 ANS - CLAVIER ÉCLAIRÉ,Lenovo,Intel Core i7,Intel® Core™ i7-13700H,21KH007VRM,512 GB,16 GB,16 Inch,869,bol.com,ORDINATEUR
"Apple MacBook Pro 2024 16,2'' - M4 Pro, processeur 14 Core , GPU 20 Core , 24 Go de RAM, SSD 512 Go, Qwerty, Zwart",Apple,Apple M4 Pro,M4 pro 14 core,MX2X3N/A,512 GB,24 GB,16.2 Inch,2874,bol.com,ORDINATEUR
"HP Pavilion Aero 13-be2013nc AMD Ryzen™ 7 7735U Ordinateur portable 33,8 cm (13.3"") WUXGA 16 GB LPDDR5-SDRAM 1 To SSD Wi-Fi 6E (802.11ax) Windows 11 Home Argent",HP,AMD Ryzen 7,7735U,AS1J6EA,1000 GB,16 GB,13.3 Inch,640,bol.com,ORDINATEUR
ASUS Zenbook 14 OLED UX3405MA-PP278W - Ordinateur portable - 14 pouces,ASUS,,185H,90NB11R1-M00P80,1000 GB,32 GB,14 Inch,1309,bol.com,ORDINATEUR
MSI Vector 17 HX A14VIG-877NL - Ordinateur portable de Gaming - 17 pouces - 240 Hz,MSI,Intel Core i9,14900HX,VECTOR 17 HX A14VIG-877NL,2000 GB,32 GB,17 Inch,3529,bol.com,ORDINATEUR
"MSI Modern 15 F13MG-023NL ordinateur portable Intel Core™ i3 i3-1315U 39,6 cm (15.6"") Full HD 8 GB DDR4-SDRAM 512 GB SSD Wi-Fi 6E (802.11ax) Windows 11 Home Argent",MSI,Intel Core i3,i3-1315U,MODERN 15 F13MG-023NL,512 GB,8 GB,15.6 Inch,429,bol.com,ORDINATEUR
"Acer Extensa 15 EX215-55-58EM, Intel® Core™ i5, 39,6 cm (15.6""), 1920 x 1080 pixels, 16 Go, 512 Go, Windows 11 Home",Acer,Intel Core i5,i5-1235U,EX215-55,512 GB,16 GB,15.6 Inch,492,bol.com,ORDINATEUR
"Dynabook Satellite Pro C40-G-109, Intel® Celeron®, 1,9 GHz, 35,6 cm (14""), 1366 x 768 pixels, 4 Go, 128 Go",Dynabook,Intel Celeron,5205U,A1PYS26E111T,128 GB,4 GB,14 Inch,259,bol.com,ORDINATEUR
"MEDION AKOYA E15423, Intel® Core™ i5, 39,6 cm (15.6""), 1920 x 1080 pixels, 8 Go, 512 Go, Windows 11 Home",MEDION,Intel Core i5,i5-1155G7,30035763,512 GB,8 GB,15.6 Inch,400,bol.com,ORDINATEUR
"ASUS Vivobook Go 15 E1504FA-NJ1278W - Ordinateur portable - 15,6"" Full HD - AMD Ryzen 5 7520U - AMD Radeon 610M - 16 Go DDR5 - 512 GB SSD - Wi-Fi 6E - Windows 11 Home - tsb QWERTY Néerlandais - Zwart",ASUS,AMD Ryzen 5,7520U,90NB0ZR2-M02820,512 GB,16 GB,15.6 Inch,471,bol.com,ORDINATEUR
"AMD Ryzen 7 7735HS (3,2 GHz, 16 Mo L3), 39,6 (15,6"") FHD IPS 144 Hz (1 920 x 1 080), 32 Go de SDRAM DDR5, SSD PCIe NVMe de 1 To, NVIDIA GeForce RTX 4060 (8 Go GDDR6), Wi-Fi 6 AX ( 2x2) + BT, Windows 11 Home, Rétroéclairé US Int",Acer,AMD Ryzen 7,7735HS,NH.QPDEH.00B,1000 GB,32 GB,15.6 Inch,1099,bol.com,ORDINATEUR
"Ordinateur portable HP 15-fd0150nd Intel® Core™ i5 i5-1235U 39,6 cm (15.6"") Full HD 8 GB DDR4-SDRAM 512 GB SSD Wi-Fi 6E (802.11ax) Windows 11 Home Grijs",HP,Intel Core i5,i5-1235U,B35TKEA#ABH,512 GB,8 GB,15.6 Inch,439,bol.com,ORDINATEUR
Lenovo IdeaPad Flex 5 16ABR8 82XY007VMH - Ordinateur portable 2-en-1 - 16 pouces,Lenovo,AMD Ryzen 5,7430U,82XY007VMH,512 GB,16 GB,16 Inch,659,bol.com,ORDINATEUR
Acer Extensa 15 EX215-54-58TN,Acer,Intel Core i5,i5-1135G7,NX.EGJEH.00G,512 GB,8 GB,15.6 Inch,505,bol.com,ORDINATEUR
"Lenovo V V14, AMD Ryzen™ 5, 2,8 GHz, 35,6 cm (14""), 1920 x 1080 pixels, 8 Go, 256 Go",Lenovo,AMD Ryzen 5,7520U,82YT00M3MH,256 GB,8 GB,14 Inch,429,bol.com,ORDINATEUR
"ROG Zephyrus G16 GU605MZ-QR029W (2024) - Ordinateur portable - 16"" WQXGA - 240 Hz - Intel Core Ultra 9 185H - NVIDIA GeForce RTX 4080 - 32 GB LPDDR5X - 1 To SSD - Windows 11 Home - tsb QWERTY - Grijs, Zwart",ASUS,,185H,90NR0IR5-M002S0,1000 GB,32 GB,16 Inch,2809,bol.com,ORDINATEUR
"ASUS VivoBook 17 X1704ZA-AU053W, Intel® Core™ i7, 1,7 GHz, 43,9 cm (17.3""), 1920 x 1080 pixels, 16 Go, 512 Go",ASUS,Intel Core i7,i7-1255U,90NB10F2-M001W0,512 GB,16 GB,17.3 Inch,834,bol.com,ORDINATEUR
"MSI Modern 15 F13MG-017NL Intel® Core™ i7 i7-1355U Ordinateur portable 39,6 cm (15.6"") Full HD 16 GB DDR4-SDRAM 512 GB SSD Wi-Fi 6E (802.11ax) Windows 11 Home Argent",MSI,Intel Core i7,i7-1355U,MODERN 15 F13MG-017NL,512 GB,16 GB,15.6 Inch,649,bol.com,ORDINATEUR
Acer Predator Helios 18 PH18-72-98BX,Acer,Intel Core i9,i9-14900HX,NH.QSTEH.004,1000 GB,64 GB,18 Inch,4299,bol.com,ORDINATEUR
ASUS Vivobook S 14 S5406SA-QD077W - Ordinateur portable - 14 pouces,ASUS,,258V,90NB15R2-M009H0,1000 GB,32 GB,14 Inch,1199,bol.com,ORDINATEUR
Microsoft Surface Pro 11e édition - Copilot+ Laptop - Écran tactile OLED 13 pouces - Snapdragon X Plus/ 16 Go de RAM / 256 Go de SSD - Platinum,Microsoft,Qualcomm Snapdragon X Plus,X Plus,EP2-08340,256 GB,16 GB,13 Inch,1199,bol.com,ORDINATEUR
"DELL Latitude 3540, Intel® Core™ i5, 39,6 cm (15.6""), 1920 x 1080 pixels, 8 Go, 512 Go, Windows 11 Pro",Dell,Intel Core i5,i5-1235U,Latitude 3540,512 GB,8 GB,15.6 Inch,599,bol.com,ORDINATEUR
ASUS ROG Zéphyrus G16 | GU603VV-N3030W,ASUS,Intel Core i7,13620H,90NR0BL5-M00780,512 GB,16 GB,16 Inch,1199,bol.com,ORDINATEUR
"Ordinateur portable Ultra fin 15,6"" - 16 Go de RAM 2 To SSD - Ordinateur portable Intel N3700 - Gamer - Écran 1920*1080 - PC Windows 11 Pro - Argent - 35,8 x 1,8 x 24,5",Sans marque,Intel Pentium,N3700,Deze informatie volgt nog.,128 GB,16 GB,15.6 Inch,224,bol.com,ORDINATEUR
ASUS M1605YA-MB556W,ASUS,AMD Ryzen 5,7430U,M1605YA,512 GB,16 GB,16 Inch,608,bol.com,ORDINATEUR
"MSI Stealth 18 AI Studio A1VIG-050NL - Ordinateur portable 18"" WQUXGA - Intel Core Ultra 9 185H - NVIDIA GeForce RTX 4090 - 32 GB DDR5 - 2 To SSD - Windows 11 Pro - Zwart",MSI,,14900HX,9S7-183111-050,2000 GB,32 GB,18 Inch,3569,bol.com,ORDINATEUR
Ordinateur Microsoft Surface Pro 11 Elite Copilot+ + clavier Surface Pro - Platinum,Microsoft,Qualcomm Snapdragon X Elite,X1E-80-100,0664404552437,512 GB,16 GB,13 Inch,1699,bol.com,ORDINATEUR
"HP ZBook Fury 15 G7 - Ordinateur portable station de travail - Core i7-10850H - 32 GB de RAM, 1 To SSD - Nvidia Quadro RTX 3000 - Windows 10 Pro",HP,Intel Core i7,i7-10850H,119X5EA#ABH,1000 GB,32 GB,15.6 Inch,1099,bol.com,ORDINATEUR
"Acer Nitro V 15 ANV15-51-7647, Intel® Core™ i7, 2,4 GHz, 39,6 cm (15.6""), 1920 x 1080 pixels, 16 Go, 512 Go",Acer,Intel Core i7,13620H,NH.QNBEH.009,512 GB,16 GB,15.6 Inch,899,bol.com,ORDINATEUR
"MSI Cyborg 15 A12VF-003NL-1TB-32GB DDR5 - Gaming - 15,6 pouces - 144 Hz",MSI,Intel Core i7,i7-12650H,MSI Cyborg 15 A12VF-003NL-1TB-32GB,2000 GB,32 GB,15.6 Inch,1249,bol.com,ORDINATEUR
Acer Nitro V 15 ANV15-41-R3EG - Ordinateur portable de Gaming - AMD Ryzen 7 - GeForce RTX 4060,Acer,AMD Ryzen 7,7735HS,ANV15-41-R3EG,1000 GB,16 GB,15.6 Inch,900,bol.com,ORDINATEUR
"Acer Aspire 5 17 A517-58GM-799W - Ordinateur portable Creator - 17,3 pouces",Acer,Intel Core i7,1355U,NX.KJLEH.00E,2000 GB,32 GB,17.3 Inch,1149,bol.com,ORDINATEUR
"Lenovo 500e Yoga Chromebook, Intel® N, 0,8 GHz, 31 cm (12.2""), 1920 x 1200 pixels, 4 Go, 32 Go",Lenovo,Intel Celeron,N100,82W40000MH,32 GB,4 GB,12.2 Inch,,bol.com,ORDINATEUR
Lenovo IdeaPad Flex 5 Chromebook 14IAU7 82T5003YMH - 14 pouces - 2-en-1,Lenovo,Intel Core i3,1215U,82T5003YMH,128 GB,8 GB,14 Inch,549,bol.com,ORDINATEUR
"HP 15-fd0017nd, Intel® N, 39,6 cm (15.6""), 1920 x 1080 pixels, 4 Go, 128 Go, Windows 11 Home en mode S",HP,,N100,A12MBEA#ABH,128 GB,4 GB,15.6 Inch,340,bol.com,ORDINATEUR
Razer Blade 16 - RZ09-0510TEN3-R3E1 - Ordinateur portable de Gaming - 16 pouces - 240 Hz,Razer,Intel Core i9,14900HX,RZ09-0510TEN3-R3E1,1000 GB,32 GB,16 Inch,3299,bol.com,ORDINATEUR
"Intel Core i5-12500H (18 Mo de cache), 16 Go DDR4-SDRAM, 512 Go SSD, 40,6 cm (16"") WUXGA 1920 x 1200 IPS, Graphiques Intel Iris Xe, WLAN, Webcam, Windows 11 Home 64 bits",ASUS,Intel Core i5,i5-12500H,90NB0ZA3-M019L0,512 GB,16 GB,16 Inch,541,bol.com,ORDINATEUR
"Lenovo IdeaPad Slim 3 15IRH8 83EM00BKMH - Ordinateur portable - 15,6 pouces",Lenovo,Intel Core i7,13620H,83EM00BKMH,512 GB,16 GB,15.6 Inch,719,bol.com,ORDINATEUR
Acer Chromebook 314 CB314-1H-C57A - 14 pouces,Acer,Intel Celeron,N4100,NX.HKDEH.00E,64 GB,4 GB,14 Inch,329,bol.com,ORDINATEUR
"Lenovo Legion Slim 5, AMD Ryzen™ 7, 3,8 GHz, 40,6 cm (16""), 2560 x 1600 pixels, 16 Go, 512 Go",Lenovo,AMD Ryzen 7,7840HS,82Y9008PMH,512 GB,16 GB,16 Inch,999,bol.com,ORDINATEUR
Lenovo Legion Slim 5 16AHP9 83DH006KMH - Ordinateur portable de Gaming - 16 pouces - 240 Hz,Lenovo,AMD Ryzen 7,8845HS,83DH006KMH,1000 GB,32 GB,16 Inch,1609,bol.com,ORDINATEUR
Lenovo IdeaPad 1 14ALC7 | 82R3006WMH,Lenovo,AMD Ryzen 7,R7-5700U,82R3006WMH,512 GB,16 GB,14 Inch,499,bol.com,ORDINATEUR
Chromebook Acer - 15 pouces (CB315-3H-P3DN),Acer,Intel Pentium,-,-,128 GB,4 GB,15.6 Inch,242,bol.com,ORDINATEUR
"Medion AKOYA E16433 MD62604 NL 16"" IPS, 1920 x 1080p, Intel Core i7-1255U, 16 Go DDR4, 1 To",MEDION,Intel Core i7,i7-1255U,30036835,1000 GB,16 GB,16 Inch,698,bol.com,ORDINATEUR
Ordinateur portable HP 830 G7 | Intel Core i5 | 16 Go de mémoire DDR4 | SSD 256 Go | Windows 11 Pro | Retour 2 école,HP,Intel Core i5,10210U,8PV73AV,256 GB,16 GB,13.3 Inch,625,bol.com,ORDINATEUR
HP Probook 440 G10 - ordinateur portable professionnel - 14 FHD - i5-1335U - 16Go - 512Go - W11P - Éclairage clavier - Garantie 5 ans,HP,Intel Core i5,i5-1335U,859Z0EA#ABB,512 GB,16 GB,14 Inch,845,bol.com,ORDINATEUR
"Ordinateur portable 15-fc0035nd, Windows 11 Home en mode S, 15,6"", AMD Ryzen™ 3, 8 Go de RAM, 256 Go de SSD, FHD, argent naturel",HP,AMD Ryzen 3,7320U,832Y6EA#ABH,256 GB,8 GB,15.6 Inch,485,bol.com,ORDINATEUR
"MEDION AKOYA E15423, Intel® Core™ i3, 39,6 cm (15.6""), 1920 x 1080 pixels, 8 Go, 256 Go, Windows 11 Home",MEDION,Intel Core i3,i3-1115G4,30035717,256 GB,8 GB,15.6 Inch,359,bol.com,ORDINATEUR
"MSI Cyborg 15 A13VE-693NL, Intel Core i7-13620H (24 Mo de cache), 16 Go DDR5-SDRAM, 512 Go SSD, 39,6 cm (15,6"") Full HD 1920 x 1080, Graphiques Intel UHD, NVIDIA GeForce RTX 4050 (6 Go GDDR6), Réseau local, Wi-Fi, Webcam, Windows 11 Home",MSI,Intel Core i7,13620H,CYBORG 15 A13VE-693NL,512 GB,16 GB,15.6 Inch,899,bol.com,ORDINATEUR
"Ordinateur portable HP Elitebook 840 G8 Écran PC 14"", Intel® Core™ i5 11e génération 16 Go + 512 Go",HP,Intel Core i5,1145G7,6A3P1AV,256 GB,16 GB,14 Inch,595,bol.com,ORDINATEUR
Acer Aspire 5 17 A517-58M-78K7,Acer,Intel Core i7,1355U,NX.KHNEH.007,512 GB,16 GB,17.3 Inch,849,bol.com,ORDINATEUR
ASUS VivoBook X1605VA-MB183W - AZERTY,ASUS,Intel Core i9,i9-13900H,90NB10N3-M00700,1000 GB,16 GB,16 Inch,889,bol.com,ORDINATEUR
"Fujitsu LIFEBOOK U7512, Intel® Core™ i5, 39,6 cm (15.6""), 1920 x 1080 pixels, 8 Go, 256 Go, Windows 11 Pro",Fujitsu,Intel Core i5,i5-1235U,VFY:U7512MF5IMNL,256 GB,8 GB,15.6 Inch,399,bol.com,ORDINATEUR
"Ordinateur portable MEDION E15223 39,6 cm (15,6 Zoll) Full HD (Intel N100, SSD PCIe 128 Go, Intel UHD, RAM DDR5 4 Go, WLAN, Win 11 Home S- Modus)",MEDION,Intel Core i5,Intel® Prozessor,MD62644,1000 GB,4 GB,15.6 Inch,249,bol.com,ORDINATEUR
"Intel Core i7-1355U (1,7 GHz, 12 Mo L3), 43,9 cm (17,3"") FHD IPS (1 920 x 1 080), 32 Go SDRAM LPDDR5, SSD PCIe NVMe 1 To, Graphiques Intel Iris Xe, Wi-Fi 6E AX (2x2) + BT, Windows 11 Home, Rétroéclairé US Int",Acer,Intel Core i7,i7-1355U,NX.KHNEH.00B,1000 GB,32 GB,17.3 Inch,1005,bol.com,ORDINATEUR
"Lenovo IdeaPad 3 MT8183 Chromebook 35,6 cm (14"") Full HD MediaTek 4 Go LPDDR4x-SDRAM 64 Go eMMC Wi-Fi 5 (802.11ac) ChromeOS Bleu",Lenovo,MediaTek MT8183,MT8183,82KN000JMH,64 GB,4 GB,14 Inch,279,bol.com,ORDINATEUR
ASUS Vivobook Go 15 E1504FA-NJ1181W,ASUS,AMD Ryzen 5,7520U,90NB0ZR2-M02340,512 GB,16 GB,15.6 Inch,435,bol.com,ORDINATEUR
Lenovo IdeaPad 5 16AHP9 83DS0042MH - Ordinateur portable 2-en-1 - 16 pouces,Lenovo,AMD Ryzen 7,8845HS,83DS0042MH,1000 GB,16 GB,16 Inch,869,bol.com,ORDINATEUR
"Lenovo V15 G3 - 15,6 pouces - Intel i5 - 8 Go - 512 Go - Windows 11 Home",Lenovo,Intel Core i5,i5-1235U,83C40005PB,512 GB,8 GB,15.6 Inch,439,bol.com,ORDINATEUR
MSI Sword 17 HX B14VFKG-008NL - Ordinateur portable de Gaming - 17 pouces - 165 Hz,MSI,Intel Core i9,14900HX,9S7-17T214-008,1000 GB,16 GB,17 Inch,1399,bol.com,ORDINATEUR
"Acer Aspire 5 15 A515-58P-54SU - Ordinateur portable - 15,6 pouces",Acer,Intel Core i5,i5-1335U,NX.KHJEH.00L,512 GB,16 GB,15.6 Inch,669,bol.com,ORDINATEUR
Lenovo IdeaPad Flex 5 14IAU7 | Intel Core i3-1215U | 8Go | 256GB SSD | Écran tactile 14 WUXGA 2-en-1 | Clavier éclairé | Lecteur d'empreintes digitales | Win 11 Home | QWERTY,Lenovo,Intel Core i3,i3-1215U,82R700L4US,256 GB,8 GB,14 Inch,495,bol.com,ORDINATEUR
SKIKK Idavoll II - Ordinateur portable 17 pouces en déplacement avec DVD R/W et VGA,Skikk,Intel Core i7,1355U,Idavoll-II,1000 GB,32 GB,17.3 Inch,949,bol.com,ORDINATEUR
Acer Nitro V 16 ANV16-41-R93Y - Ordinateur portable de Gaming - 16 pouces - 165Hz,Acer,AMD Ryzen 5,8645HS,NH.QP0EH.00F,512 GB,16 GB,16 Inch,1029,bol.com,ORDINATEUR
"ASUS X515EA-EJ3288W, Intel® Core™ i5, 39,6 cm (15.6""), 1920 x 1080 pixels, 16 Go, 512 Go, Windows 11 Home",ASUS,Intel Core i5,i5-1135G7,90NB0TY1-M04L80,512 GB,16 GB,15.6 Inch,499,bol.com,ORDINATEUR
"MSI Cyborg 15 A12VE-695NL i7-12650H, 16 Go de RAM DDR5, SSD 1 To, NVIDIA GeForce RTX 4050",MSI,Intel Core i7,i7-12650H,MSI Cyborg 15 A12VE-695NL-1TB,1000 GB,16 GB,15.6 Inch,999,bol.com,ORDINATEUR
ASUS Zenbook 14 UM3402YA-KP640W - AZERTY,ASUS,AMD Ryzen 7,7730U,90NB0W95-M01350,512 GB,16 GB,14 Inch,789,bol.com,ORDINATEUR
Acer Extensa 15 - I3-1215U - 8 Go RAM - 256 Go SSD - W11 pro,Acer,Intel Core i3,1215U,EX215,256 GB,8 GB,15.6 Inch,359,bol.com,ORDINATEUR
"Ordinateur portable HP 15-fc0155nd AMD Ryzen™ 5 7520U 39,6 cm (15.6"") Full HD 16 GB LPDDR5-SDRAM 512 GB SSD Wi-Fi 6 (802.11ax) Windows 11 Home Grijs",HP,AMD Ryzen 5,7520U,B32BQEA#ABH,512 GB,16 GB,15.6 Inch,469,bol.com,ORDINATEUR
"HP Pavilion Aero 13-be2011nc AMD Ryzen™ 5 7535U Ordinateur portable 33,8 cm (13.3"") WUXGA 16 GB LPDDR5-SDRAM 512 GB SSD Wi-Fi 6E (802.11ax) Windows 11 Home Argent",HP,AMD Ryzen 5,7535U,AS1J5EA,512 GB,16 GB,13.3 Inch,599,bol.com,ORDINATEUR
HP,HP,Intel Core i5,i5-12450H,9T9R8UA,512 GB,8 GB,15.6 Inch,749,bol.com,ORDINATEUR
HP EliteBook 650 G10 - ordinateur portable professionnel - 16 FHD - i5-1335U - 16 Go - 512 Go - W11P - 3 ans NBD - éclairage du clavier,HP,Intel Core i5,i5-1335U,7L740ET#ABB,512 GB,16 GB,15.6 Inch,899,bol.com,ORDINATEUR
"ASUS ROG Strix SCAR 16 G634JZ-NM032W, Intel® Core™ i9, 40,6 cm (16""), 2560 x 1600 pixels, 32 Go, 1 To, Windows 11 Home",ASUS,Intel Core i9,i9-13980HX,90NR0C81-M00590,1000 GB,32 GB,16 Inch,2812,bol.com,ORDINATEUR
ASUS ProArt P16 H7606WI-ME006X - AZERTY,ASUS,,370,90NB1421-M00760,1000 GB,32 GB,16 Inch,2499,bol.com,ORDINATEUR
"Ordinateur portable HP 15-fd1080nd, Windows 11 Home, 15,6"", Intel Core™ 7, 16 Go de RAM, SSD 1 To, FHD, argent naturel",HP,Intel Core i7,150U,A12N7EA#ABH,1000 GB,16 GB,15.6 Inch,945,bol.com,ORDINATEUR
"Ordinateur portable HP Pavilion 15-eh3170nd AMD Ryzen™ 7 7730U 39,6 cm (15.6"") Full HD 16 GB DDR4-SDRAM 1 To SSD Wi-Fi 6 (802.11ax) Windows 11 Home Argent",HP,AMD Ryzen 7,7730U,B32BNEA#ABH,1000 GB,16 GB,15.6 Inch,679,bol.com,ORDINATEUR
"Lenovo IdeaPad Slim 3 15IAN8 15"" FHD, I5-12450H, 16 Go, 512 Go, W11",Lenovo,Intel Core i5,12450H,83ER008PMH,512 GB,16 GB,15.6 Inch,549,bol.com,ORDINATEUR
"Intel N N100 (6 Mo de cache), 4 Go LPDDR5-SDRAM, 128 Go Flash, écran LCD HD 29,5 cm (11,6"") HD 366 x 768, Graphiques Intel UHD, LAN, WLAN, Webcam, Windows 11 Pro Education 64 bits",ASUS,,N100,90NX07M1-M003J0,128 GB,4 GB,11.6 Inch,294,bol.com,ORDINATEUR
Acer Nitro 5 AN515-58-93PK,Acer,Intel Core i9,i9-12900H,NH.QM0EH.00C,1000 GB,32 GB,15.6 Inch,1436,bol.com,ORDINATEUR
"Acer Aspire 3 A314-23P-R8ZL, AMD Ryzen™ 3, 2,4 GHz, 43,9 cm (17.3""), 1920 x 1080 pixels, 8 Go, 512 Go",Acer,AMD Ryzen 3,7320U,NX.KDDEH.00G,512 GB,8 GB,14 Inch,399,bol.com,ORDINATEUR
Acer Aspire 3 15 (A315-44P-R4B2),Acer,AMD Ryzen 5,5500u,A315,512 GB,16 GB,15.6 Inch,449,bol.com,ORDINATEUR
Ordinateur portable Acer ASPIRE 1 A114-33-C0L1 (Argent) - Intel Celeron - 128 GB de mémoire Flash,Acer,Intel Celeron,N4500,A114-33-C0L1,128 GB,4 GB,14 Inch,310,bol.com,ORDINATEUR
HP 17.3 F- HD IPS AMD Ryzen 7 7730U 16 Go 512 Go W11H,HP,AMD Ryzen 7,7730U,81D60EA#ABH,512 GB,16 GB,17.3 Inch,719,bol.com,ORDINATEUR
Ordinateur portable Lenovo IdeaPad Slim 1i,Lenovo,Intel Celeron,N4020,1i,128 GB,4 GB,14 Inch,193,bol.com,ORDINATEUR
MSI Stealth A16 AI+ A3XVGG-223NL - Ordinateur portable de Gaming - 16 pouces - 240 Hz,MSI,,370,STEALTH A16 AI+ A3XVGG-223NL,2000 GB,32 GB,16 Inch,2999,bol.com,ORDINATEUR
HP ProBook 460 G11 - ordinateur portable professionnel - 16 FHD - Ultra5-125U - 16 Go - 512 Go - Caméra IR - W11P - Éclairage du clavier - Garantie sur site 3 ans,HP,,125U,9G1V1ET,512 GB,16 GB,16 Inch,940,bol.com,ORDINATEUR
Lenovo Légion 7 - 83FD0071MH,Lenovo,Intel Core i9,i9-14900HX,83FD0071MH,1000 GB,32 GB,16 Inch,2279,bol.com,ORDINATEUR
"Lenovo IdeaPad 1 15IGL7 (82V700FHRM) 15,6 F- HD / N4020 / 4 Go / 256 Go / W11P",Lenovo,Intel Celeron,N4020,82V700FHRM,256 GB,4 GB,15.6 Inch,285,bol.com,ORDINATEUR
"HP Victus 16-r0035nd - Ordinateur portable de Gaming - 16,1 pouces - 165 Hz",HP,Intel Core i7,13620H,A12MNEA#ABH,1000 GB,16 GB,16.1 Inch,1199,bol.com,ORDINATEUR
"HP ProBook 460 16 inch G11 Notebook PC, Intel Core Ultra 7, 40,6 cm (16""), 1920 x 1200 pixels, 32 Go, DDR5-SDRAM",HP,,155U,A1LE0UT,512 GB,32 GB,16 Inch,1099,bol.com,ORDINATEUR
"ASUS ROG Zephyrus G14 (2024) GA403UV-QS020W AMD Ryzen 9 8945HS (24 Mo de cache, 4 GHz), 16 Go LPDDR5x-SDRAM, 1000 Go SSD, 35,6 cm (14"") 3K 2880 x 1800 OLED, NVIDIA GeForce RTX 4060, 8 Go GDDR6",ASUS,AMD Ryzen 9,8945HS,90NR0I01-M002N0,1000 GB,16 GB,14 Inch,1719,bol.com,ORDINATEUR
"HP Probook 450 G10 - ordinateur portable professionnel - 15,6 FHD - i7-1355U - 16 Go - 1 To - RTX2050 - W11P - Éclairage du clavier - Garantie 3 ans",HP,Intel Core i7,i7-1355U,816A3EA#ABB,1000 GB,16 GB,15.6 Inch,1299,bol.com,ORDINATEUR
"Lenovo V15 G4 IRU (83A1007CRM) 15,6 IPS F- HD / i3-1315U / 8 Go / 256 Go / Windows 11 Pro",Lenovo,Intel Core i3,1315U,83A1007CRM,256 GB,8 GB,15.6 Inch,379,bol.com,ORDINATEUR
"Acer Nitro 17 AN17-42-R27B - Ordinateur portable 17,3"" - 2560x1440 (Quad HD) - AMD Ryzen 7 8845HS - GeForce RTX 4070 - 16 GB DDR5 - 512 GB SSD - Windows 11 Home - tsb QWERTY",Acer,AMD Ryzen 7,8845HS,NH.QP9EH.009,512 GB,16 GB,17.3 Inch,1399,bol.com,ORDINATEUR
"Microsoft Surface 7 - Ordinateur portable CoPilot+ - Écran tactile 13,8 pouces - Snapdragon X Plus/16 Go de RAM/256 Go SSD - Platinum",Microsoft,Qualcomm Snapdragon X Plus,X1P-64-100,ZGJ-00009,256 GB,16 GB,13.8 Inch,1199,bol.com,ORDINATEUR
"HP ZBook Fury 16 G11 Intel® Core™ i9 i9-13950HX Station de travail mobile 40,6 cm (16"") WQUXGA 32 GB DDR5-SDRAM 1 To SSD NVIDIA Quadro RTX 5000 Wi-Fi 7 (802.11be) Windows 11 Pro Grijs",HP,Intel Core i9,i9-13950HX,98K69ET#ABH,1000 GB,32 GB,16 Inch,6257,bol.com,ORDINATEUR
"Apple MacBook Pro 2024 16,2'' - M4 Max, processeur 16 Core , Core 40 cœurs, RAM 48 Go, SSD 1 To, Qwerty, Argent",Apple,Apple M4 Max,Apple M Max 4th Gen,MX2W3N/A,1000 GB,48 GB,16.2 Inch,4684,bol.com,ORDINATEUR
"ASUS ROG GV601VI-NL016W, Intel® Core™ i9, 40,6 cm (16""), 2560 x 1600 pixels, 32 Go, 1 To, Windows 11 Home",ASUS,Intel Core i9,i9-13900H,90NR0G01-M001Y0,1000 GB,32 GB,16 Inch,2109,bol.com,ORDINATEUR
"Lenovo IdeaPad Slim 3 - Ordinateur portable - 15,6 - 16 Go DDR4 - AMD Ryzen 5 7430U 4,3 GHz - AMD Radeon RX Vega 7",Lenovo,AMD Ryzen 5,7430U,82XM00E3MH,512 GB,16 GB,15.6 Inch,486,bol.com,ORDINATEUR
"Ordinateur portable HP 15-dy5885wm Intel® Core™ i5 i5-1235U 39,6 cm (15.6"") Full HD 8 GB DDR4-SDRAM 256 GB SSD Wi-Fi 5 (802.11ac) Windows 11 Home Blauw",HP,Intel Core i5,i5-1235U,A14MMUA,256 GB,8 GB,15.6 Inch,449,bol.com,ORDINATEUR
"MSI Modern 15 H C13M-205NL - Ordinateur portable - 15,6 pouces - 60 Hz",MSI,Intel Core i7,13700H,9S7-15H431-205,1000 GB,16 GB,15.6 Inch,799,bol.com,ORDINATEUR
Samsung Galaxy Book4 360 | NP750QGK-KG1NL,Samsung,,150U,NP750QGK-KG1NL,512 GB,16 GB,15.6 Inch,1469,bol.com,ORDINATEUR
Lenovo IdeaPad Slim 5 16IMH9 83DC007DMH - Ordinateur portable - 16 pouces,Lenovo,,125H,83DC007DMH,1000 GB,16 GB,16 Inch,829,bol.com,ORDINATEUR
"Lenovo ThinkPad X1 Carbon, Intel® Core™ i7, 35,6 cm (14""), 1920 x 1200 pixels, 16 Go, 512 Go, Windows 11 Pro",Lenovo,Intel Core i7,i7-1255U,21CB009SMH,512 GB,16 GB,14 Inch,1245,bol.com,ORDINATEUR
"HP ProBook 450 G10 - i5-1335U - 16 Go - 512 Go SSD - 15,6"" FHD - W11P - 3 ans Gar. -Verl. Clé. NL",HP,Intel Core i5,1335,725J6EA-NL,512 GB,16 GB,15.6 Inch,789,bol.com,ORDINATEUR
"Lenovo V15 G4 AMN - 15,6"" FHD AG - Ryzen 5-7520U - 16 Go DDR5 - 512 Go SSD M.2 - Windows 11 Home",Lenovo,AMD Ryzen 5,7520U,82YU0132PB,512 GB,16 GB,15.6 Inch,499,bol.com,ORDINATEUR
Acer Swift Go 14 OLED SFG14-63-R6 - 14 pouces - AMD Ryzen 5 8645HS - 16 Go de RAM - Écran 2880 x 1800 WQ2.8K 90 Hz - 512 Go SSD - Clavier QWERTY,Acer,AMD Ryzen 5,AMD Ryzen 5 8645HS,SFG14-63-R6,512 GB,16 GB,14 Inch,768,bol.com,ORDINATEUR
"MSI Cyborg 15 A12VE-695NL i7-12650H, 16 Go de RAM DDR5, 512 Go de SSD, NVIDIA GeForce RTX 4050",MSI,Intel Core i7,i7-12650H,CYBORG 15 A12VE-695NL,512 GB,16 GB,15.6 Inch,899,bol.com,ORDINATEUR
"Ordinateur portable Hot Pepper Chili R14B - 512 Go - 16 Go - 3,4 GHz - Quad Core - QWERTY",Hot Pepper,Intel Celeron,N100,R14B,512 GB,16 GB,14 Inch,430,bol.com,ORDINATEUR
"ASUS VivoBook Go - 15,6 pouces - Ryzen 5 - 8 Go RAM - 512 Go SSD - W11 Pro",ASUS,AMD Ryzen 5,7520U,E1504FA-BQ050,512 GB,8 GB,15.6 Inch,399,bol.com,ORDINATEUR
"HP ProBook 450 G10 - ordinateur portable professionnel - 15,6 FHD - i7-1355U - 16 Go - 512 Go - W11P - 2 ans - éclairage du clavier",HP,Intel Core i7,i7-1355U,7L751ET#ABB,512 GB,16 GB,15.6 Inch,959,bol.com,ORDINATEUR
Lenovo IdeaPad Slim 3 15IAH8 (83ER0006PB) - Garantie 3 ans,Lenovo,Intel Core i5,i5-12450H,83ER0006PB,512 GB,8 GB,15.6 Inch,479,bol.com,ORDINATEUR
Lenovo IdeaPad 1 14ALC7,Lenovo,AMD Ryzen 5,5625U,82R3009DMH,512 GB,16 GB,14 Inch,465,bol.com,ORDINATEUR
"HP 250 G10 - ordinateur portable professionnel - 15,6 FHD - i3-1315U - 8 Go - 512 Go - W11P - Turbo argent",HP,Intel Core i3,i3-1315U,85C52EA#ABB,512 GB,8 GB,15.6 Inch,449,bol.com,ORDINATEUR
"Acer Aspire Go 17 AG17-31P-31FX 17"" FHD, i3-N355, 16 Go, 512 Go, W11",Acer,Intel Core i3,N355,NX.J45EH.002,512 GB,16 GB,17.3 Inch,549,bol.com,ORDINATEUR
"ASUS X515EA-EJ4325W, Intel® Core™ i5, 2,4 GHz, 39,6 cm (15.6""), 1920 x 1080 pixels, 16 Go, 512 Go",ASUS,Intel Core i5,i5-1135G7,90NB0TY1-M04SV0,512 GB,16 GB,15.6 Inch,483,bol.com,ORDINATEUR
Lenovo IdeaPad Slim 3 - 82XN005RMH,Lenovo,AMD Ryzen 3,7320U,82XN005RMH,512 GB,8 GB,14 Inch,415,bol.com,ORDINATEUR
"Acer Aspire 3 A317-54-36HD, Intel® Core™ i3, 1,2 GHz, 43,9 cm (17.3""), 1920 x 1080 pixels, 16 Go, 512 Go",Acer,Intel Core i3,i3-1215U,NX.K9YEH.009,512 GB,16 GB,17.3 Inch,623,bol.com,ORDINATEUR
"ThinkPad P14s Gen4 Intel Core i7 1370P 14C jusqu'à 5,2 GHz 64 Go 1 To SSD 14 pouces 1920 x 1200 IPS antireflet NVIDIA RTX A500 4 Go 4G Caméra 720p évolutive Windows 11 Pro",Lenovo,Intel Core i7,1370P,21HF005XMH,1000 GB,64 GB,14 Inch,1799,bol.com,ORDINATEUR
Acer Swift 5 SF514-56T 54LM,MSI,,Processormodel: i5-1240P,-,1000 GB,16 GB,14 Inch,799,bol.com,ORDINATEUR
MSI Commercial 14H A13MG VPRO-098NL - Ordinateur portable,MSI,Intel Core i7,i7-13700H,9S7-14L111-098,1000 GB,32 GB,14 Inch,999,bol.com,ORDINATEUR
"Acer Nitro 17 AN17-42-R1GA AMD Ryzen™ 7 8845HS Ordinateur portable 43,9 cm (17.3"") Quad HD 32 GB DDR5-SDRAM 1 To SSD NVIDIA GeForce RTX 4070 Wi-Fi 6E (802.11ax) Windows 11 Home Zwart",Acer,AMD Ryzen 7,8845HS,NH.QP9EH.007,1000 GB,32 GB,17.3 Inch,1759,bol.com,ORDINATEUR
"Lenovo V V15, Intel® Core™ i5, 39,6 cm (15.6""), 1920 x 1080 pixels, 8 Go, 256 Go, Windows 11 Pro",Lenovo,Intel Core i5,i5-1235U,82TT00A5RM,512 GB,8 GB,15.6 Inch,539,bol.com,ORDINATEUR
"DELL Latitude 7420, Intel® Core™ i5, 35,6 cm (14""), 1920 x 1080 pixels, 16 Go, 256 Go, Windows 10 Pro",Dell,Intel Core i5,i5-1135G7,TGVM3,256 GB,16 GB,14 Inch,599,bol.com,ORDINATEUR
"HP 15s-eq2935nc, AMD Ryzen™ 7, 1,8 GHz, 39,6 cm (15.6""), 1920 x 1080 pixels, 16 Go, 512 Go",HP,AMD Ryzen 7,5700U,A48V5EA,512 GB,16 GB,15.6 Inch,575,bol.com,ORDINATEUR
"Acer Aspire 3 A314-23P-R432, AMD Ryzen™ 5, 2,8 GHz, 35,6 cm (14""), 1920 x 1080 pixels, 16 Go, 512 Go",Acer,AMD Ryzen 5,7520U,NX.KDDEH.00B,512 GB,16 GB,14 Inch,496,bol.com,ORDINATEUR
"MacBook Pro, 14"" Liquid Retina XDR, 3024x1964, 11-core Apple M3 Pro chip, 512TB SSD, 18GB RAM, 14-core GPU, 2x Thunderbolt 4, HDMI, Wi-Fi 6E, Bluetooth 5.3, Force Touch, macOS",Apple,Apple M3 Pro,Apple M3 Pro 11-core CPU,MRX63N/A,512 GB,18 GB,14 Inch,,bol.com,ORDINATEUR
"MSI Katana 15 B13VGK-1808NL i7-13620H, 16 Go de RAM, SSD 1 To, NVIDIA GeForce RTX 4070",MSI,Intel Core i7,i7-13620H,9S7-158571-1808,1000 GB,16 GB,15.6 Inch,1259,bol.com,ORDINATEUR
"DELL Latitude 3330, Intel® Core™ i5, 33,8 cm (13.3""), 1920 x 1080 pixels, 8 Go, 256 Go, Windows 10 Pro",Dell,Intel Core i5,i5-1155G7,C1TCG,256 GB,8 GB,13.3 Inch,599,bol.com,ORDINATEUR
Acer Aspire 3 | A315-59-566S,Acer,Intel Core i5,1235U,NX.K6SEH.003,512 GB,8 GB,15.6 Inch,449,bol.com,ORDINATEUR
"Lenovo V15 G4 15,6 F- HD / RYZEN 3 7320U / 8 Go / 256 Go / W11P",Lenovo,AMD Ryzen 3,7320U,82YU00YWRM,256 GB,8 GB,15.6 Inch,371,bol.com,ORDINATEUR
Lenovo Yoga 7 155H - Ordinateur portable 2-en-1 - 14 pouces,Lenovo,,Ultra 7-155H,83DJ00DJMH,1000 GB,16 GB,14 Inch,1139,bol.com,ORDINATEUR
HP HP ProBook 460 G11 - ordinateur portable professionnel - 16FHD - Ultra 7-155U - 16 Go - 512 Go - FPR - éclairage du clavier - W11P - 3 ans de garantie sur site NBD,HP,,155U,A37SLET,512 GB,16 GB,16 Inch,1099,bol.com,ORDINATEUR
"Intel Core i7-13620H (24 Mo de cache), 16 Go DDR5-SDRAM, 1 000 Go SSD, 43,9 cm (17,3"") Full HD 1920 x 1080, Graphiques Intel UHD, NVIDIA GeForce RTX 4070 (8 Go GDDR6), LAN, WLAN, Webcam, Windows 11 Home",MSI,Intel Core i7,i7-13620H,9S7-17L541-1058,1000 GB,16 GB,17.3 Inch,1359,bol.com,ORDINATEUR
"DELL Latitude 3550, Intel® Core™ i7, 39,6 cm (15.6""), 1920 x 1080 pixels, 16 Go, 512 Go, Windows 11 Pro",Dell,Intel Core i7,i7-1355U,JFH86,512 GB,16 GB,15.6 Inch,,bol.com,ORDINATEUR
"Lenovo IdeaPad Gaming 3 - Ordinateur portable - 15,6"" Full HD - AMD Ryzen 5 5500H - NVIDIA GeForce RTX 2050 - 16 GB DDR4 - 512 GB SSD - Windows 11 Home - QWERTY",Lenovo,AMD Ryzen 5,5500H,82K202BWMH,512 GB,16 GB,15.6 Inch,602,bol.com,ORDINATEUR
"Lenovo LOQ 15IRX9 83DV00PLMH - Ordinateur portable de Gaming - 15,6 pouces - 144 Hz",Lenovo,Intel Core i7,13650HX,83DV00PLMH,1000 GB,24 GB,15.6 Inch,1189,bol.com,ORDINATEUR
Lenovo Legion 5 16IRX9 - Ordinateur portable de Gaming - 16 pouces - 165Hz,Lenovo,Intel Core i7,13650HX,83DG00FAMH,512 GB,16 GB,16 Inch,1259,bol.com,ORDINATEUR
"Ordinateur portable HP 250 G9 - 15,6"" FullHD - Intel Core i5-1235U - 16 Go de RAM - 256 Go SSD - Windows 11 Pro",HP,Intel Core i5,Intel Core i5-1235U,6F1Z9EA#ABB,256 GB,16 GB,15.6 Inch,549,bol.com,ORDINATEUR
"MSI Cyborg 15 A12VF-003NL-2TB-32GB DDR5 - Gaming - 15,6 pouces - 144 Hz",MSI,Intel Core i7,i7-12650H,MSI Cyborg 15 A12VF-003NL-2TB-32GB,2000 GB,32 GB,15.6 Inch,,bol.com,ORDINATEUR
"AMD Ryzen AI 9 HX 370 (36Mo Cache, 2GHz), 32Go LPDDR5x-SDRAM, 1000Go SSD, 40.6 cm (16"") WUXGA 1920 x 1200 IPS, AMD Radeon 890M, NVIDIA GeForce RTX 4070 (8Go GDDR6), LAN, WLAN, Webcam, Windows 11 Home 64-bit",ASUS,,370,90NR0J21-M001N0,1000 GB,32 GB,16 Inch,1669,bol.com,ORDINATEUR
Samsung Galaxy Book4 Pro - NP940XGK-KG2NL,Samsung,,155H,NP940XGK-KG2NL,512 GB,16 GB,14 Inch,1599,bol.com,ORDINATEUR
"ASUS X515EA - Ordinateur portable - 15,6 pouces - Core i5 - Windows 11 Pro",ASUS,Intel Core i5,Intel Core i5-1135G7,X515EA,256 GB,8 GB,15.6 Inch,489,bol.com,ORDINATEUR
Samsung Galaxy Book4 Ultra | NP960XGL-XG2NL,Samsung,,185H,NP960XGL-XG1NL,1000 GB,32 GB,16 Inch,2394,bol.com,ORDINATEUR
"ASUS BR1104FGA-NS0174XA - Ordinateur portable 11,6"" HD - Intel N100 - Intel UHD Graphiques - 8 GB LPDDR5 - 128 GB Flash - Windows 11 Pro Education - QWERTY - noir-gris",ASUS,,N100,90NX07L1-M005S0,128 GB,8 GB,11.6 Inch,466,bol.com,ORDINATEUR
"Intel Core i5-13420H (12Mo Cache), 16Go DDR5-SDRAM, 512Go SSD, 40.6 cm (16"") WUXGA 1920 x 1200 IPS, Intel UHD Graphics, LAN, WLAN, Webcam, Windows 11 Pro 64-bit",Lenovo,Intel Core i5,i5-13420H,21KH00R1MH,512 GB,16 GB,16 Inch,746,bol.com,ORDINATEUR
Acer Predator Helios Neo 16 PHN16-72-920V,Acer,Intel Core i9,i9-14900HX,NH.QQUEH.004,2000 GB,32 GB,16 Inch,1997,bol.com,ORDINATEUR
"HP ProBook 470 G10 Intel® Core™ i7 i7-1355U Ordinateur portable 43,9 cm (17.3"") Full HD 16 GB DDR4-SDRAM 512 GB SSD Wi-Fi 6 (802.11ax) Windows 11 Pro Argent",HP,Intel Core i7,i7-1355U,86R32PA,512 GB,16 GB,17.3 Inch,900,bol.com,ORDINATEUR
"Wortmann AG TERRA MOBILE US1220788, Intel® Core™ i3, 39,6 cm (15.6""), 1920 x 1080 pixels, 8 Go, 500 Go, Windows 11 Home",Terra,Intel Core i3,1215U,US1220788,500 GB,8 GB,15.6 Inch,679,bol.com,ORDINATEUR
"Acer Chromebook 511 C741LT-S9W3 - 11,6 pouces",Acer,Qualcomm Snapdragon,7c,NX.A71EH.00F,32 GB,4 GB,11.6 Inch,199,bol.com,ORDINATEUR
"Lenovo Yoga Slim 7 Pro, AMD Ryzen™ 7, 2,8 GHz, 35,6 cm (14""), 2880 x 1800 pixels, 16 Go, 512 Go",Lenovo,AMD Ryzen 7,5800HS,82NK0040MH,512 GB,16 GB,14 Inch,779,bol.com,ORDINATEUR
HP OMEN 17-ck2190nd,HP,Intel Core i9,i9-12900HX,7N441EA#ABH,2000 GB,32 GB,17.3 Inch,4399,bol.com,ORDINATEUR
Acer Nitro 16 AN16-42-R9LW - Ordinateur portable de Gaming - 16 pouces - 180 Hz,Acer,AMD Ryzen 7,8845HS,NH.QPKEH.004,512 GB,16 GB,16 Inch,1079,bol.com,ORDINATEUR
Lenovo IdeaPad Slim 5 14Q8X9 83HL004JMH - Ordinateur portable Copilot+ - 14 pouces,Lenovo,Qualcomm Snapdragon X Plus,X1P-42-100,83HL004JMH,512 GB,16 GB,14 Inch,879,bol.com,ORDINATEUR
"MSI Cyborg 15 A12VE-695NL i7-12650H, 32 Go de RAM DDR5, SSD 1 To, NVIDIA GeForce RTX 4050",MSI,Intel Core i7,i7-12650H,MSI Cyborg 15 A12VE-695NL-1TB-32GB,1000 GB,32 GB,15.6 Inch,1149,bol.com,ORDINATEUR
Acer Aspire 5 A517-53-53V1,Acer,Intel Core i5,i5-12450H,NX.KQBEH.004,512 GB,16 GB,17.3 Inch,799,bol.com,ORDINATEUR
"Acer Aspire 3 A317-54-5986, Intel® Core™ i5, 43,9 cm (17.3""), 1920 x 1080 pixels, 32 Go, 1 To, Windows 11 Home",Acer,Intel Core i5,i5-1235U,NX.K9YEH.00U,1000 GB,32 GB,17.3 Inch,799,bol.com,ORDINATEUR
"HP 250 G10 - ordinateur portable professionnel - 15,6 FHD - i3-1315U - 8 Go - 512 Go - W11P - Turbo argent",HP,Intel Core i3,i5-1335U,9G1G6ET,512 GB,8 GB,15.6 Inch,449,bol.com,ORDINATEUR
"13.6"" Retina, IPS, 2560 x 1664px, Apple M3 (8-core CPU, 10-core GPU, 16-core Neural Engine), 16GB, 512GB SSD, 2x Thunderbolt/USB 4, 802.11ax Wi-Fi 6E, Bluetooth 5.3, macOS",Apple,Apple M3,M3,MXCU3N/A,512 GB,16 GB,13.6 Inch,1377,bol.com,ORDINATEUR
"Acer Aspire 3 A315-58-57F6 - ordinateur portable - 15,6 pouces",Acer,Intel Core i5,1135G7,NX.ADDEH.00Q,256 GB,8 GB,15.6 Inch,370,bol.com,ORDINATEUR
Ordinateur portable Microsoft Surface Pro 11 Copilot+ + clavier Surface Pro - Snapdragon X Plus/16 Go de RAM/512 Go SSD - 13 pouces - QWERTY - Zwart,Microsoft,Qualcomm Snapdragon X Plus,X1P-64-100,ZHY-00022,512 GB,16 GB,13 Inch,1399,bol.com,ORDINATEUR
"Lenovo IdeaPad Slim 5 14ABR8, AMD Ryzen™ 5, 2 GHz, 35,6 cm (14""), 1920 x 1200 pixels, 16 Go, 512 Go",Lenovo,AMD Ryzen 5,7530U,82XE008PMH,512 GB,16 GB,14 Inch,659,bol.com,ORDINATEUR
ASUS ROG Strix G16 G614JI-N3187W,ASUS,Intel Core i7,i7-13650HX,90NR0D41-M00XN0,1000 GB,16 GB,16 Inch,1649,bol.com,ORDINATEUR
HP Omen 16-wf1085nd,HP,Intel Core i7,i7-14700HX,9U5U8EA#ABH,2000 GB,32 GB,16.1 Inch,1879,bol.com,ORDINATEUR
"Intel Core i5-12450H (12 Mo de cache), 16 Go DDR4-SDRAM, 512 Go SSD, 39,6 cm (15,6"") Full HD 1920 x 1080, Graphiques Intel UHD, NVIDIA GeForce RTX 3050 (4 Go GDDR6), LAN, WLAN, Webcam, Windows 11 Home",MSI,Intel Core i5,i5-12450H,9S7-16R831-1255,512 GB,16 GB,15.6 Inch,702,bol.com,ORDINATEUR
"Apple MacBook Pro 2024 - 16,2'' - M4 Pro, processeur 14 Core , GPU 20 Core , RAM 48 Go, SSD 512 Go, Qwerty, Argent",Apple,Apple M4 Pro,Apple M Pro 4th Gen,MX2U3N/A,512 GB,48 GB,16 Inch,3230,bol.com,ORDINATEUR
"ASUS TUF Gaming A15 FA507NUR-LP025W - Ordinateur portable - 15,6"" Full HD - AMD Ryzen 7 7435HS - NVIDIA GeForce RTX 4050 - 16 GB DDR5 - 1 To SSD - Windows 11 Home - QWERTY - Grijs",ASUS,AMD Ryzen 7,7435HS,90NR0JP5-M00190,1000 GB,16 GB,15.6 Inch,949,bol.com,ORDINATEUR
ASUS Vivobook Go 15 E1504GA-NJ046W,ASUS,Intel Core i3,i3-N305,90NB0ZT1-M00X70,256 GB,8 GB,15.6 Inch,375,bol.com,ORDINATEUR
"ASUS Chromebook Flip CR1 CR1100FKA-BP0025, Intel® Celeron® N, 1,1 GHz, 29,5 cm (11.6""), 1366 x 768 pixels, 4 Go, 32 Go",ASUS,Intel Celeron,N4500,90NX03E1-M00250,32 GB,4 GB,11.6 Inch,388,bol.com,ORDINATEUR
Acer Aspire Go 17 AG17-31P-37K8 - AZERTY,Acer,,N355,NX.J45EH.004,1000 GB,16 GB,17.3 Inch,599,bol.com,ORDINATEUR
Apple Macbook Pro (2023) MPHT3ZS/A - 14 pouces - Apple M2 Max - 2 To - 64 GB - Gris sidéral,Apple,Apple M2 Max,Apple M2 Max,MPHT3ZS/A,2000 GB,64 GB,14.2 Inch,2990,bol.com,ORDINATEUR
Acer Chromebook Vero 712 CV872T-C42H 12 pouces multi-touch IPS 4 Go/32 Go,Acer,Intel Celeron,7305,NX.KE1EH.001,32 GB,4 GB,12 Inch,325,bol.com,ORDINATEUR
Microsoft Surface Pro 11 - Ordinateur portable Copilot+ - Écran tactile 13 pouces - Snapdragon X Plus/16 Go de RAM/512 Go SSD - Zwart,Microsoft,Qualcomm Snapdragon X Plus,X1P-64-100,ZHY-00022,512 GB,16 GB,13 Inch,1189,bol.com,ORDINATEUR
Asus ExpertBook B2402FBA-N70285X - 14 pouces - TOUCH i7 - 16 Go RAM - 512 Go de stockage - W11 Pro,ASUS,Intel Core i7,1260P,B2402FBA-N70285X,16 GB,16 GB,14 Inch,799,bol.com,ORDINATEUR
Lenovo IdeaPad Flex 5 14IAU7 82R700MYMH - Ordinateur portable 2-en-1 - 14 pouces,Lenovo,Intel Core i5,i5-1235U,82R700MYMH,512 GB,8 GB,14 Inch,649,bol.com,ORDINATEUR
Acer Aspire 3 A315-59-54L5,Acer,,1235U,NX.K6SEH.01C,1000 GB,16 GB,15.6 Inch,569,bol.com,ORDINATEUR
Jumper Life X3 - Ordinateur portable Windows - Processeur Powerful - Écran haute résolution - Batterie longue durée - 8 Go de RAM + 256 Go de ROM,Jumper,Intel Celeron,3350,82110260116,256 GB,256 GB,13.3 Inch,279,bol.com,ORDINATEUR
"ASUS Chromebook CX34 Flip CB3401FBA-LZ0187, Intel® Core™ i5, 35,6 cm (14""), 1920 x 1200 pixels, 16 Go, 256 Go, ChromeOS",ASUS,Intel Core i5,i5-1235U,90NX05R1-M006P0,256 GB,16 GB,14 Inch,,bol.com,ORDINATEUR
Acer Aspire 5 17 A517-58GM-79UR,Acer,Intel Core i7,i7-1355U,NX.KJLEH.00J,1000 GB,32 GB,17.3 Inch,1255,bol.com,ORDINATEUR
"Ordinateur portable HP Envy 17-da0020nd, Windows 11 Home, 17,3"", écran tactile, Intel Core™ Ultra 5, 16 Go de RAM, 512 Go SSD, FHD, Glacier Silver",HP,Intel Core i5,125H,A12MVEA#ABH,512 GB,16 GB,17.3 Inch,1057,bol.com,ORDINATEUR
"MSI Stealth A16 AI+ A3XVFG-227NL - Ordinateur portable 16"" WQXGA - 240 Hz - AMD Ryzen AI 9 HX 370 - NVIDIA GeForce RTX 4060 - 32 GB LPDDR5X - 1 To SSD - Windows 11 Home - tsb QWERTY Néerlandais - Zwart",MSI,,370,9S7-15FK35-227,1000 GB,32 GB,16 Inch,2466,bol.com,ORDINATEUR
Lenovo IdeaPad 5 16AHP9 83DS0041MH - Ordinateur portable 2-en-1 - 16 pouces,Lenovo,AMD Ryzen 5,8645HS,83DS0041MH,512 GB,16 GB,16 Inch,749,bol.com,ORDINATEUR
"Lenovo IdeaPad 3 Intel - Ordinateur portable - Home "" Full HD Graphiques - Intel Core i5-1235U - Intel GB",Lenovo,Intel Core i5,1235U,82RL008SMH,512 GB,16 GB,17.3 Inch,699,bol.com,ORDINATEUR
Medion Erazer Defender P50 MD62587 - i7-12650H - 16 Go - 512 Go - RTX 4060 - W11 - Gaming,Medion Erazer,Intel Core i7,Intel® Core™ i7-12650H,30036572,512 GB,16 GB,17.3 Inch,999,bol.com,ORDINATEUR
"Ordinateur portable Terra Mobile BTO 1716U 17,3"" FullHD - Intel Core i3-1215U - 16 Go - SSD M.2 1,0 To - DVD±RW - Windows 11 Pro",Terra,Intel Core i3,1215U,25152,1000 GB,16 GB,17.3 Inch,799,bol.com,ORDINATEUR
ASUS Vivobook GO 14 E1404FA-NK551W - 14 pouces - AMD Ryzen 5 7520U - AMD Radeon 610M - 8 Go DDR5 - 512 GB SSD - Wi-Fi 6E - Windows 11 Home - tsb QWERTY Néerlandais - Zwart,ASUS,AMD Ryzen 5,7520U,90NB0ZS1-M00T20,512 GB,8 GB,14 Inch,421,bol.com,ORDINATEUR
"ASUS ExpertBook B1 B1500CEAE-BQ1674RA, Intel® Core™ i3, 39,6 cm (15.6""), 1920 x 1080 pixels, 8 Go, 256 Go, Windows 10 Pro Education",ASUS,Intel Core i3,i3-1115G4,90NX0441-M20340,256 GB,8 GB,15.6 Inch,429,bol.com,ORDINATEUR
"MSI Modern 15 B7M-049NL, AMD Ryzen™ 7, 2 GHz, 39,6 cm (15.6""), 1920 x 1080 pixels, 16 Go, 512 Go",MSI,AMD Ryzen 7,7730U,15 B7M-049NL,512 GB,16 GB,15.6 Inch,559,bol.com,ORDINATEUR
"ASUS ProArt PZ13 HT5306QA-LX006X - Ordinateur portable Copilot+ - 13,3 pouces",ASUS,Qualcomm Snapdragon X Plus,X1P-42-100,90NB1441-M001B0,1000 GB,16 GB,13.3 Inch,1429,bol.com,ORDINATEUR
"Lenovo V V17, Intel® Core™ i7, 43,9 cm (17.3""), 1920 x 1080 pixels, 16 Go, 512 Go, Windows 11 Pro",Lenovo,Intel Core i7,i7-1355U,83A2000WMH,512 GB,16 GB,17.3 Inch,941,bol.com,ORDINATEUR
"AMD Ryzen 5 PRO 7530U (16MB Cache, 2GHz), 16GB DDR4-SDRAM, 512GB SSD, 35.6 cm (14"") WUXGA 1920 x 1200 IPS, AMD Radeon Graphics, LAN, WLAN, Webcam, Windows 11 Pro",Lenovo,AMD Ryzen 5,7530U,21JR002XMH,512 GB,16 GB,14 Inch,749,bol.com,ORDINATEUR
HP,HP,,150U,9R8R3UA,512 GB,16 GB,14 Inch,949,bol.com,ORDINATEUR
Acer Spin 3 SP314-55N-79SG,Acer,Intel Core i7,1255U,NX.K0QEH.003,512 GB,16 GB,14 Inch,799,bol.com,ORDINATEUR
Asus - VivoBook S413FF - Ordinateur portable - Intel Core i5 - 8 GB de RAM,ASUS,Intel Core i5,10210U,S413FF-EB034T,256 GB,1 GB,14 Inch,330,bol.com,ORDINATEUR
"DELL Inspiron 3530 Intel® Core™ i5 i5-1334U Ordinateur portable 39,6 cm (15.6"") Full HD 16 GB DDR4-SDRAM 512 GB SSD Wi-Fi 6 (802.11ax) Windows 11 Pro Zwart",Dell,Intel Core i5,i5-1334U,XDTCY,512 GB,16 GB,15.6 Inch,650,bol.com,ORDINATEUR
Lenovo Légion 5 - 83DG00CXMH,Lenovo,Intel Core i7,i7-14650HX,83DG00CXMH,1000 GB,32 GB,16 Inch,1609,bol.com,ORDINATEUR
"DELL Latitude 7420, Intel® Core™ i5, 35,6 cm (14""), 1920 x 1080 pixels, 16 Go, 256 Go, Windows 10 Pro",Dell,Intel Core i5,i5-1145G7,7058H,256 GB,16 GB,14 Inch,599,bol.com,ORDINATEUR
"Ordinateur portable Acer Aspire 3 15 A315-44P-R07A AMD Ryzen™ 7 5700U 39,6 cm (15,6"") Full HD 32 GB DDR4-SDRAM 1 To SSD Wi-Fi 6 (802.11ax) Windows 11 Home Argent",Acer,AMD Ryzen 7,5700U,NX.KSJEH.00Z,1000 GB,32 GB,15.6 Inch,626,bol.com,ORDINATEUR
Chromebook Spin 513 (CP513-1H-S3CL) - 64 Go Flash - 4 Go RAM - QWERTY,Acer,Qualcomm Snapdragon,Kryo 468,NX.AS6EH.001,64 GB,4 GB,13.3 Inch,408,bol.com,ORDINATEUR
"Apple MacBook Pro 2024 14,2'' - M4 Pro, processeur 14 Core , GPU 20 cœurs, RAM 24 Go, SSD 1 To , Qwerty, Argent",Apple,Apple M4 Pro,14 Core,MX2F3N/A,1000 GB,24 GB,16.2 Inch,2893,bol.com,ORDINATEUR
"DELL Latitude 3550 Intel® Core™ i5 i5-1335U Ordinateur portable 39,6 cm (15.6"") Full HD 16 GB DDR5-SDRAM 512 GB SSD Wi-Fi 6E (802.11ax) Windows 11 Pro Grijs",Dell,Intel Core i5,i5-1335U,8HKJF,512 GB,16 GB,15.6 Inch,,bol.com,ORDINATEUR
Ordinateur portable de Gaming MSI Katana A17 AI B8VF-835NL,MSI,AMD Ryzen 9,8945HS,9S7-17LN31-835,1000 GB,16 GB,17.3 Inch,1406,bol.com,ORDINATEUR
"Ordinateur portable Pavilion Plus 14-ew1045nd, Windows 11 Home, 14"", Intel Core™ Ultra 7, 32 Go de RAM, SSD 1 To, 2,8K, argent naturel",HP,,155H,A12LMEA#ABH,1000 GB,32 GB,14 Inch,1134,bol.com,ORDINATEUR
ASUS F1704VA 17.3 F- HD,ASUS,Intel Core i5,1335U,F1704VA-IS54,1000 GB,16 GB,17.3 Inch,949,bol.com,ORDINATEUR
"ASUS Vivobook Go E1504FA-NJ179W, AMD Ryzen™ 5, 2,8 GHz, 39,6 cm (15.6""), 1920 x 1080 pixels, 8 Go, 512 Go",ASUS,AMD Ryzen 5,7520U,90NB0ZR2-M00JZ0,512 GB,8 GB,15.6 Inch,449,bol.com,ORDINATEUR
"Ordinateur portable 17-cp2056nd, Windows 11 Home, 17,3"", AMD Ryzen™ 5, 16 Go de RAM, SSD de 512 Go, FHD, argent naturel",HP,AMD Ryzen 5,7520U,8Y7S3EA#ABH,512 GB,16 GB,17.3 Inch,599,bol.com,ORDINATEUR
"Acer Aspire 3 A317-54-56UH 17"" FHD, i5-1235U, 16 Go, 512 Go, W11",Acer,Intel Core i5,1235U,NX.K9YEH.002,512 GB,16 GB,17.3 Inch,649,bol.com,ORDINATEUR
"AMD Ryzen 5 7535HS (3,3 GHz, 16 Mo L3), 39,6 (15,6"") FHD IPS 144 Hz (1 920 x 1 080), 316 Go de SDRAM DDR5, SSD PCIe NVMe de 512 Go, NVIDIA GeForce RTX 4050 (8 Go GDDR6), Wi-Fi 6 AX ( 2x2) + BT, Windows 11 Home, Rétroéclairé US Int",Acer,AMD Ryzen 5,7535HS,NH.QPEEH.005,512 GB,16 GB,15.6 Inch,859,bol.com,ORDINATEUR
HP OmniBook Ultra 14-fd0010nd - Ordinateur portable - 14 pouces,HP,,365,B08X4EA#ABH,1000 GB,16 GB,14 Inch,1219,bol.com,ORDINATEUR
HP Chromebook Fortis x360 G5 - 5R2P0ES#ABH,HP,,N100,5R2P0ES#ABH,32 GB,4 GB,11.6 Inch,385,bol.com,ORDINATEUR
"HP 15s-fq5723nd - Ordinateur portable - 15,6 pouces",HP,Intel Core i3,i3-1215U,8Y7N4EA,256 GB,8 GB,15.6 Inch,361,bol.com,ORDINATEUR
"Intel Core i9-14900HX (36 Mo de cache), 32 Go DDR5-SDRAM, 1 000 Go SSD, 45,7 cm (18"") WQUXGA 3840 x 2400 Mini LED , Graphiques Intel UHD, NVIDIA GeForce RTX 4070 (8 Go GDDR6), WLAN, Webcam, Windows 11 Home",MSI,Intel Core i9,i9-14900HX,9S7-182362-005,1000 GB,32 GB,18 Inch,2406,bol.com,ORDINATEUR
"13.6"" Retina, IPS, 2560 x 1664px, Apple M3 (8-core CPU, 10-core GPU, 16-core Neural Engine), 16GB, 512GB SSD, 2x Thunderbolt/USB 4, 802.11ax Wi-Fi 6E, Bluetooth 5.3, macOS",Apple,Apple M3,M3,MXCV3N/A,512 GB,16 GB,13.6 Inch,1377,bol.com,ORDINATEUR
Lenovo Légion 5 - 83DG00CYMH,Lenovo,Intel Core i7,i7-14650HX,83DG00CYMH,1000 GB,32 GB,16 Inch,1789,bol.com,ORDINATEUR
ASUS Vivobook Go 15 OLED E1504FA-L11182W,ASUS,AMD Ryzen 5,7520U,90NB0ZR2-M02350,512 GB,16 GB,15.6 Inch,619,bol.com,ORDINATEUR
"MacBook Pro, 14"" Liquid Retina XDR, 3024x1964, 14-core Apple M3 Max chip, 1TB SSD, 36GB RAM, 30-core GPU, 3x Thunderbolt 4, HDMI, Wi-Fi 6E, Bluetooth 5.3, Force Touch, macOS",Apple,Apple M3 Max,Apple M3 Max 14-core CPU,MRX83N/A,1000 GB,36 GB,14 Inch,3659,bol.com,ORDINATEUR
Samsung Galaxy Book4 Ultra - NP960XGL-XG2NL,Samsung,,155H,NP960XGL-XG2NL,1000 GB,16 GB,16 Inch,1914,bol.com,ORDINATEUR
Katana 17 B13VFK-1060NL - Ordinateur portable de Gaming - 17 pouces - 144 Hz,MSI,Intel Core i7,13620H,9S7-17L541-1060,1000 GB,16 GB,17.3 Inch,1199,bol.com,ORDINATEUR
Lenovo Yoga Pro 7 - 83E3002XMH,Lenovo,AMD Ryzen 7,8845HS,83E3002XMH,512 GB,16 GB,14.5 Inch,825,bol.com,ORDINATEUR
"Intel Core 7 150U (1,8 GHz, 12 Mo L3), 15,6"" QHD IPS (2 560 x 1 440), 32 Go SDRAM LPDDR5, SSD PCIe NVMe 1 To, Graphiques Intel , Wi-Fi 6E AX (2x2) + BT, Windows 11 Home, rétroéclairé Clavier QWERTY",Acer,,150U,NX.KSAEH.001,1000 GB,32 GB,15.6 Inch,899,bol.com,ORDINATEUR
"Lenovo LOQ, AMD Ryzen™ 7, 3,8 GHz, 40,6 cm (16""), 1920 x 1200 pixels, 16 Go, 1 To",Lenovo,AMD Ryzen 7,7840HS,82XU0057MH,1000 GB,16 GB,16 Inch,1378,bol.com,ORDINATEUR
"Apple MacBook Pro 16,2"" - M4 Max, processeur 16 Core , GPU 40 cœurs, 48 ​​Core de RAM, SSD 1 To, Qwerty, Zwart",Apple,Apple M4 Pro,16 core,MX313N/A,1000 GB,48 GB,16.2 Inch,4769,bol.com,ORDINATEUR
HP,HP,Intel Core i5,i5-1235U,250 G9,256 GB,8 GB,15.6 Inch,499,bol.com,ORDINATEUR
"Lenovo V V15, Intel® Core™ i5, 39,6 cm (15.6""), 1920 x 1080 pixels, 8 Go, 512 Go, Noir",Lenovo,Intel Core i5,i5-1235U,82TT00A5RM,512 GB,8 GB,15.6 Inch,499,bol.com,ORDINATEUR
"Apple MacBook Pro 2024 14,2'' - M4 Max, processeur 14 Core , GPU 32 Core , 36 Go de RAM, SSD 1 To, Qwerty, Zwart",Apple,Apple M4 Max,Apple M Max 4th Gen,MX2K3N/A,1000 GB,36 GB,14.2 Inch,3741,bol.com,ORDINATEUR
"HP 14-ee0931nc, Intel® Core™ i5, 35,6 cm (14""), 1920 x 1080 pixels, 16 Go, 512 Go, Windows 11 Home",HP,Intel Core i5,i5-1335U,A47N5EA,512 GB,16 GB,14 Inch,699,bol.com,ORDINATEUR
ASUS Zenbook 14 OLED UM3406HA-QD122W,ASUS,AMD Ryzen 7,8840HS,90NB1271-M007P0,1000 GB,16 GB,14 Inch,1129,bol.com,ORDINATEUR
ASUS ROG Zéphyrus G16 | GU605MV-QP101W,ASUS,,155H,90NR0IT3-M005T0,1000 GB,16 GB,16 Inch,1599,bol.com,ORDINATEUR
"MSI Stealth A16 AI+ A3HVGG-065NL AMD Ryzen AI 9 365 Ordinateur portable 40,6 cm (16"") Quad HD+ 32 GB LPDDR5x-SDRAM 1 To SSD NVIDIA GeForce RTX 4070 Wi-Fi 7 (802.11be) Windows 11 Pro Zwart",MSI,,365,STEALTH A16 AI+ A3HVGG-065NL,1000 GB,32 GB,16 Inch,2399,bol.com,ORDINATEUR
"Apple MacBook Air Apple M M3 Ordinateur portable 34,5 cm (13.6"") 16 GB 256 GB SSD Wi-Fi 6E (802.11ax) macOS Sequoia Grijs",Apple,Apple M3,M3,MC8G4N/A,256 GB,16 GB,13.6 Inch,1112,bol.com,ORDINATEUR
"Acer Aspire 3 15 A315-24P-R3SA, AMD Ryzen™ 3, 2,4 GHz, 39,6 cm (15.6""), 1920 x 1080 pixels, 8 Go, 256 Go",Acer,AMD Ryzen 3,7320U,NX.KJDEH.002,256 GB,8 GB,15.6 Inch,369,bol.com,ORDINATEUR
Ordinateur portable de Gaming MSI Katana A15 AI B8VF-299NL-2TB-32GB DDR5,MSI,AMD Ryzen 7,Ryzen 7 8845HS,Katana A15 AI B8VF-299NL-2TB-32GB DDR5,2000 GB,32 GB,15.6 Inch,1499,bol.com,ORDINATEUR
HP Probook 440 G10 - Ordinateur portable professionnel - 14 FHD - i7-1355U - 16 Go - 512 Go - W11P - Éclairage clavier - Garantie 5 ans,HP,Intel Core i7,i7-1355U,816G9EA#ABB,512 GB,16 GB,14 Inch,999,bol.com,ORDINATEUR
"Samsung Galaxy Book2 (15"", i5, 8 Go, 512 Go) - Argent: Puissance et style pour les tâches quotidiennes",Samsung,Intel Core i5,1235-u,NP750XED-KC2BE,512 GB,512 GB,15 Inch,478,bol.com,ORDINATEUR
"Intel Core i7-13800H (24MB Cache), 64GB LPDDR5x-SDRAM, 1000GB SSD, 36.6 cm (14.4"") 2400 x 1600 Touch, Intel Iris Xe Graphics, NVIDIA GeForce RTX 4060 8GB GRRD6, WLAN, Webcam, Windows 11 Pro 64-bit",Microsoft,Intel Core i7,i7-13800H,Z2F-00009,1000 GB,64 GB,14.4 Inch,3650,bol.com,ORDINATEUR
"ASUS ROG Strix G16 G614JI-N4153W, Intel® Core™ i9, 40,6 cm (16""), 2560 x 1600 pixels, 16 Go, 1 To, Windows 11 Home",ASUS,Intel Core i9,i9-13980HX,90NR0D42-M007U0,1000 GB,16 GB,16 Inch,1750,bol.com,ORDINATEUR
"Lenovo IdeaPad Slim 3 15IAH8 - 15,6 pouces F- HD - i5-12450H - 8 Go - 512 Go SSD - Windows 11",Lenovo,Intel Core i5,i5-12450H,15IAH8,512 GB,8 GB,15.6 Inch,479,bol.com,ORDINATEUR
Lenovo IdeaPad Pro 5 16AHP9 83D5003YMH - Ordinateur portable Creator - 16 pouces,Lenovo,AMD Ryzen 7,8845HS,83D5003YMH,1000 GB,32 GB,16 Inch,1409,bol.com,ORDINATEUR
Lenovo V14 G4 - 82YTS01L00,Lenovo,AMD Ryzen 3,7320U,82YTS01X00,128 GB,8 GB,14 Inch,415,bol.com,ORDINATEUR
Ordinateur portable Acer Predator Helios 18 PH18-72-90TD,Acer,Intel Core i9,i9-14900HX,NH.QP4EH.002,1000 GB,32 GB,18 Inch,3818,bol.com,ORDINATEUR
Microsoft Surface Pro 11 - Ordinateur portable Copilot+ - Écran tactile OLED 13 Elite- Platinum,Microsoft,Qualcomm Snapdragon X Elite,X1E-80-100,ZIA-00004,512 GB,16 GB,13 Inch,1499,bol.com,ORDINATEUR
HP OMEN Transcend 16-u1078nd - Ordinateur portable de Gaming - 16 pouces - 240 Hz,HP,Intel Core i7,14700HX,9U5U3EA#ABH,1000 GB,32 GB,16 Inch,1627,bol.com,ORDINATEUR
HP EBx360830G8 i5-1135G7 13 8GB/256 LTEA PC Intel i5-1135G7- 13.3 FHD AG LED UWVA TS- UMA- Webcam- 8GB DDR4- 256GB SSD-ax+ BT- LTEA- 3C Batt- FPS- W10 Pro64- 3y,HP,Intel Core i5,i5-1135G7,358Q6EA#ABH,256 GB,8 GB,13.3 Inch,525,bol.com,ORDINATEUR
Acer Nitro 16 AN16-42-R69T - Ordinateur portable de Gaming - AMD Ryzen 7 - GeForce RTX 4070,Acer,AMD Ryzen 7,8845HS,AN16-42-R69T,1000 GB,16 GB,16 Inch,1004,bol.com,ORDINATEUR
"Lenovo IdeaPad Slim 3 Chrome 14IAN8 Intel Core i3 Série N i3-N305 Chromebook 35,6 cm (14"") Full HD 8 GB LPDDR5-SDRAM 256 GB eMMC Wi-Fi 6E (802.11ax) ChromeOS Grijs",Lenovo,Intel Core i3,i3-N305,83BN001SMH,256 GB,8 GB,14 Inch,388,bol.com,ORDINATEUR
Acer TravelMate P6 TMP614-53-TCO-75GN,Acer,Intel Core i7,i7-1355U,NX.B4MEH.001,1000 GB,32 GB,14 Inch,1199,bol.com,ORDINATEUR
"Galaxy Book4 Edge (16"", X Elite 84, 16 Go), un PC Copilot+",Samsung,Qualcomm Snapdragon X Elite,X1E-84-100,NP960XMB-KB1NL,1000 GB,16 GB,16 Inch,1336,bol.com,ORDINATEUR
"Lenovo IdeaPad 1 15IGL7 15,6 F- HD N4020 / 4 Go / 256 Go / W11P",Lenovo,Intel Celeron,N4020,82V7007XRM,256 GB,4 GB,15.6 Inch,299,bol.com,ORDINATEUR
HP ElitBook 845 - 14 pouces - RYZEN 5 PRO - 16 Go RAM - 256 Go,HP,AMD Ryzen 5,4650U,2E1J9UC,256 GB,16 GB,14 Inch,449,bol.com,ORDINATEUR
Lenovo LOQ 15 - 83JC003EMH - QWERTY,Lenovo,AMD Ryzen 7,7435HS,83JC003EMH,1000 GB,16 GB,15.6 Inch,1179,bol.com,ORDINATEUR
"Ordinateur portable HP Pavilion Aero 13-be2015nc AMD Ryzen™ 7 7735U 33,8 cm (13.3"") WUXGA 16 GB LPDDR5-SDRAM 1 To SSD Wi-Fi 6E (802.11ax) Windows 11 Home Wit",HP,AMD Ryzen 7,7735U,AS1J7EA,1000 GB,16 GB,13.3 Inch,688,bol.com,ORDINATEUR
ASUS VivoBook Go 15 | E1504FA-NJ305W,ASUS,AMD Ryzen 5,7520U,E1504FA,512 GB,8 GB,15.6 Inch,389,bol.com,ORDINATEUR
HP 15-fa1550nd,HP,Intel Core i7,i7-13620H,A2UB7EA#ABH,512 GB,16 GB,15.6 Inch,1149,bol.com,ORDINATEUR
HP,HP,,125U,9S1R5UA,512 GB,16 GB,16 Inch,845,bol.com,ORDINATEUR
HP,HP,Intel Core i5,i5-1335U,967U3ET#ABB,512 GB,8 GB,15.6 Inch,559,bol.com,ORDINATEUR
Lenovo IdeaPad Pro 5 14AHP9 83D3003EMH - Ordinateur portable Creator - 14 pouces - 120 Hz,Lenovo,AMD Ryzen 7,8845HS,83D3003EMH,1000 GB,16 GB,14 Inch,1229,bol.com,ORDINATEUR
"HP CHROMEBOOK 15A - NA0807ND - 15,6 pouces - Intel Celeron - 4 GB - 128 GB",HP,Intel Celeron,N4500,A2DJ6EA#ABH,128 GB,4 GB,15.6 Inch,313,bol.com,ORDINATEUR
"HP Chromebook 15a-nb0200nd Intel® Core™ i3 i3-N305 39,6 cm (15.6"") Full HD 8 GB LPDDR5-SDRAM 128 GB Flash Wi-Fi 6 (802.11ax) ChromeOS Argent",HP,Intel Core i3,i3-N305,877B6EA#ABH,128 GB,8 GB,15.6 Inch,416,bol.com,ORDINATEUR
Lenovo IdeaPad 1 15ALC7,Lenovo,AMD Ryzen 5,5625U,82R400WPMH,512 GB,16 GB,15.6 Inch,449,bol.com,ORDINATEUR
"MacBook Pro, 14"" Liquid Retina XDR, 3024x1964, 8-core Apple M3 chip, 1TB SSD, 8GB RAM, 10-core GPU, 2x Thunderbolt 4, HDMI, Wi-Fi 6E, Bluetooth 5.3, Force Touch, macOS",Apple,Apple M3,Apple M3 8-core,MTL83N/A,1000 GB,8 GB,14 Inch,1637,bol.com,ORDINATEUR
Lenovo V15 G4 AMN | AMD Ryzen™5 7520U | 8 Go LPDDR5-5500 | Disque SSD M.2 NVMe® de 512 Go | Windows 11 Professionnel,Lenovo,AMD Ryzen 5,7520U,V15 G4 AMN,512 GB,8 GB,15.6 Inch,449,bol.com,ORDINATEUR
"HP Victus Gaming 15-fb2155nw, AMD Ryzen™ 5, 4,3 GHz, 39,6 cm (15.6""), 1920 x 1080 pixels, 16 Go, 512 Go",HP,AMD Ryzen 5,8645HS,A58SREA,512 GB,16 GB,15.6 Inch,749,bol.com,ORDINATEUR
"Medion Erazer P60 MD62588 15"" - Full HD - i7-12650H - 16 Go - 512 Go - RTX 4060 - W11",Medion Erazer,Intel Core i7,i7-12650H,30036570,512 GB,16 GB,15.6 Inch,899,bol.com,ORDINATEUR
"Intel Core i3-1215U (1,2 GHz, 10 Mo L3), 35,6 cm (14"") FHD IPS ComfyView (1 920 x 1 080), 8 Go de SDRAM DDR4, SSD PCIe NVMe de 512 Go, Graphiques Intel UHD, Wi-Fi 6E AX (2x2) + BT, Windows 11 Home, Clavier QWERTY rétroéclairé",Acer,Intel Core i3,i3-1215U,NX.K5BEH.00C,512 GB,8 GB,14 Inch,469,bol.com,ORDINATEUR
"MacBook Pro, 14"" Liquid Retina XDR, 3024x1964, 14-core Apple M3 Max chip, 1TB SSD, 36GB RAM, 30-core GPU, 2x Thunderbolt 4, HDMI, Wi-Fi 6E, Bluetooth 5.3, Force Touch, macOS",Apple,Apple M3 Max,Apple M3 Max 14-core CPU,MRX53N/A,1000 GB,36 GB,14 Inch,3659,bol.com,ORDINATEUR
Lenovo IdeaPad Slim 3 - 83ER00E6MH,Lenovo,Intel Core i5,i5-12450H,83ER00E6MH,512 GB,16 GB,15.6 Inch,649,bol.com,ORDINATEUR
HP,HP,Intel Core i5,i5-1035G1,27K00EA#ABB,256 GB,8 GB,15.6 Inch,529,bol.com,ORDINATEUR
HP,HP,Intel Celeron,N4500,74P71EA#ABH,64 GB,4 GB,15.6 Inch,313,bol.com,ORDINATEUR
"ASUS TUF Gaming A17 FA707NV-HX023W, AMD Ryzen™ 7, 3,2 GHz, 43,9 cm (17.3""), 1920 x 1080 pixels, 16 Go, 512 Go",ASUS,AMD Ryzen 7,7735HS,90NR0E36-M00160,512 GB,16 GB,17.3 Inch,1049,bol.com,ORDINATEUR
"MSI Cyborg 15 A12VF-003NL-1TB - Ordinateur portable de Gaming - 15,6 pouces - 144 Hz",MSI,Intel Core i7,i7-12650H,MSI Cyborg 15 A12VF-003NL-1TB,1000 GB,16 GB,15.6 Inch,1099,bol.com,ORDINATEUR
MSI Épée 17 HX B14VFKG-010NL-2TB,MSI,Intel Core i7,i7-14700HX,MSI Sword 17 HX B14VFKG-010NL-2TB,2000 GB,32 GB,17 Inch,1549,bol.com,ORDINATEUR
"Lenovo LOQ, Intel® Core™ i5, 39,6 cm (15.6""), 1920 x 1080 pixels, 16 Go, 512 Go, Windows 11 Home",Lenovo,Intel Core i5,i5-12450H,82XV00MCMH,512 GB,16 GB,15.6 Inch,970,bol.com,ORDINATEUR
HP 16-r0556nd,HP,Intel Core i7,i7-13620H,A2UC2EA#ABH,512 GB,16 GB,16.1 Inch,1229,bol.com,ORDINATEUR
HP ProBook 440 G10 - ordinateur portable professionnel - 14 FHD - i5-1335U - 16 Go - 512 Go - W11P - Éclairage du clavier - Garantie 2 ans,HP,Intel Core i5,i5-1335U,9G209ET#ABB,512 GB,16 GB,14 Inch,849,bol.com,ORDINATEUR
"Gaming Acer Nitro V 15 ANV15-51-51H9 | Intel Core i5-13420H | 8Go | SSD de 512 Go | 15,6 Full HD (1 920 x 1 080) 144 Hz | Graphiques Nvidia GeForce RTX 4050 6 Go | Clavier éclairé | Win 11 Home | Housse Acer Nitro incluse | QWERTY",Acer,Intel Core i5,13420H,NH.QN8AA.006,512 GB,8 GB,15.6 Inch,799,bol.com,ORDINATEUR
"DELL Inspiron 3530 Intel® Core™ i5 i5-1334U Ordinateur portable 39,6 cm (15.6"") Full HD 8 GB DDR4-SDRAM 512 GB SSD Wi-Fi 6 (802.11ax) Windows 11 Pro Zwart",Dell,Intel Core i5,i5-1334U,5HK37,512 GB,8 GB,15.6 Inch,630,bol.com,ORDINATEUR
ASUS VivoBook 15 - F1504ZA - Argent,ASUS,Intel Core i3,i3-1215u,F1504ZA-BQ1618,512 GB,8 GB,15.6 Inch,389,bol.com,ORDINATEUR
PC Samsung Galaxy Book4 Edge Copilot+ - NP940XMA-KB1NL,Samsung,Qualcomm Snapdragon,X1E-80-100,NP940XMA-KB1NL,512 GB,16 GB,14 Inch,1081,bol.com,ORDINATEUR
Lenovo IdeaPad Slim 3 - 82XQ00HUMH,Lenovo,AMD Ryzen 3,7320U,82XQ00HUMH,512 GB,8 GB,15.6 Inch,415,bol.com,ORDINATEUR
"Lenovo IdeaPad 1 15ALC7 82R400QPMH - Ordinateur portable - 15,6 pouces",Lenovo,AMD Ryzen 5,5500U,82R400QPMH,256 GB,8 GB,15.6 Inch,479,bol.com,ORDINATEUR
"Apple MacBook Pro 2024 14,2'' - M4 Pro, processeur 14 Core , GPU 20 Core , 24 Go de RAM, SSD 1 To, Qwerty, Zwart",Apple,Apple M4 Pro,14 core,MX2J3N/A,1000 GB,24 GB,14.2 Inch,2847,bol.com,ORDINATEUR
"Acer Aspire Go 17 AG17-31P-C4RY, 17"", Celeron N150, 8 Go, 512 Go, W11",Acer,Intel Celeron,N150,NX.J45EH.001,512 GB,8 GB,17.3 Inch,469,bol.com,ORDINATEUR
"Ordinateur portable Terra Mobile 1778R BTO 17,3"" FullHD - Intel Core i7-13700H - 64 Go - SSD M.2 4,0 To - Windows 11 Pro",Terra,Intel Core i7,13700H,25344,4000 GB,64 GB,17.3 Inch,2049,bol.com,ORDINATEUR
DELL Latitude 5320 | Core™i5-1145G7 | 8Go | 256GB SSD | 13 FHD | gris | W10 Pro | Qwerty- ES,Dell,Intel Core i5,1145G7,Y7HW3,256 GB,8 GB,13.3 Inch,589,bol.com,ORDINATEUR
Asus Vivobook Go 14 E1404FA-NK003W - Ordinateur portable - AMD Ryzen 3 7320U - AMD Radeon 610M - 8 GB DDR5 - 512 GB SSD - Qwerty - Win 11 Home - argent,ASUS,AMD Ryzen 3,7320U,90NB0ZS1-M00LS0,512 GB,8 GB,14 Inch,395,bol.com,ORDINATEUR
"HP OMEN 17-cm2770nd - Ordinateur portable de Gaming - 17,3 pouces - 165 Hz",HP,Intel Core i7,i7-13700HX,7Y1L9EA#ABH,1000 GB,16 GB,17.3 Inch,1899,bol.com,ORDINATEUR
"Dynabook Satellite Pro C40-H-101, Intel® Core™ i5, 1 GHz, 35,6 cm (14""), 1920 x 1080 pixels, 8 Go, 256 Go",Dynabook,Intel Core i5,i5-1035G1,C40,256 GB,8 GB,14 Inch,429,bol.com,ORDINATEUR
MSI Épée 17 HX B14VFKG-010NL-2TB-32GB,MSI,Intel Core i7,i7-14700HX,MSI Sword 17 HX B14VFKG-010NL-2TB-32GB,2000 GB,32 GB,17 Inch,1699,bol.com,ORDINATEUR
"HP 840 G11 Intel Core Ultra 7 155U Ordinateur portable 35,6 cm (14"") WUXGA 16 GB DDR5-SDRAM 512 GB SSD Wi-Fi 6E (802.11ax) Windows 11 Pro Argent",HP,,155U,A6SY5UT,512 GB,16 GB,14 Inch,1399,bol.com,ORDINATEUR
"HP Probook 450 G10 - ordinateur portable professionnel - 15,6 FHD - i5-1335U - 16 Go - 512 Go - W11P - Éclairage du clavier - Garantie 3 ans",HP,Intel Core i5,i5-1335U,968J3ET#ABB,512 GB,16 GB,15.6 Inch,779,bol.com,ORDINATEUR
HP Pavilion x360 14-ek1190nd,HP,Intel Core i7,I7-1355U,A12LJEA#ABH,512 GB,16 GB,14 Inch,945,bol.com,ORDINATEUR
Ordinateur portable à écran tactile HP Elitebook 640 G10 | Intel Core i5-1335U vPRO : Essentials | 8 Go | SSD 256 Go | Écran tactile 14 pouces Full HD (1920 x 1080) | Windows 11 Pro | Garantie de 3 ans | QWERTY,HP,Intel Core i5,1335U vPRO Essentials,84S98UT,256 GB,8 GB,14 Inch,796,bol.com,ORDINATEUR
HP OmniBook,HP,Qualcomm Snapdragon X Elite,X1E-78-100,A4JW0EA#ABH,1000 GB,16 GB,14 Inch,1156,bol.com,ORDINATEUR
"MSI Vector 16 HX A14VHG-677NL 16 QHD+, i7-14650HX, 16 Go, 2 To, 4080, W11",MSI,Intel Core i7,i7-14650HX,MSI Vector 16 HX A14VHG-677NL-2TB,2000 GB,16 GB,16 Inch,2199,bol.com,ORDINATEUR
HP ZBook Studio G9 | Core i7-12800H | SSD de 512 Go | 32 Go de RAM | NVIDIA RTX A1000,Hewlett Packard (HP),Intel Core i7,"Intel Core i7-12800H, 2,4 GHz 24MB Cache, Turbo Boost 4,8 GHz (14 cores, 20 threads)",7J9X7EC#ABB,512 GB,32 GB,16 Inch,1399,bol.com,ORDINATEUR
"Intel N N100 (6 Mo de cache, 0,8 GHz), 8 Go LPDDR5-SDRAM, 64 Go eMMC, 31,0 cm (12,2"") WUXGA 1920 x 1200 IPS tactile, Graphiques Intel UHD, WLAN, Webcam, ChromeOS",Lenovo,,N100,82W4000GMH,64 GB,8 GB,12.2 Inch,423,bol.com,ORDINATEUR
"Acer Aspire 3 - 15,6 pouces - Ryzen 5 - 8 Go de RAM - 512 Go - W11",Acer,AMD Ryzen 5,7520U,NX.KDEEX.02A,512 GB,8 GB,15.6 Inch,415,bol.com,ORDINATEUR
"Lenovo Gaming 3 (82K2027ARM) 15,6 IPS F- HD / RYZEN 5 5500H / 16 Go / 512 Go / RTX2050 / W11P",Lenovo,AMD Ryzen 5,5500H,82K2027ARM,512 GB,16 GB,15.6 Inch,689,bol.com,ORDINATEUR
Dell Latitude 7455 Snapdragon X Elite 12 cœurs - 16 Go - 512 Go - Windows 11 Pro,Dell,Qualcomm Snapdragon X Elite,X1E-80-100,VYP9M,512 GB,16 GB,14 Inch,1249,bol.com,ORDINATEUR
"Lenovo Yoga Slim 6, AMD Ryzen™ 7, 3,3 GHz, 35,6 cm (14""), 2240 x 1400 pixels, 16 Go, 1 To",Lenovo,AMD Ryzen 7,7840U,82X3002QMH,1000 GB,16 GB,14 Inch,899,bol.com,ORDINATEUR
HP 14-em0060nd,HP,AMD Ryzen 5,7520U,A12LLEA,512 GB,16 GB,14 Inch,618,bol.com,ORDINATEUR
"ASUS VivoBook Pro 15 OLED M6500RC-MA027W, AMD Ryzen™ 7, 3,2 GHz, 39,6 cm (15.6""), 2880 x 1620 pixels, 16 Go, 512 Go",ASUS,AMD Ryzen 7,6800HS,90NB0YK1-M00460,512 GB,16 GB,15.6 Inch,945,bol.com,ORDINATEUR
"Lenovo LOQ, AMD Ryzen™ 7, 3,8 GHz, 39,6 cm (15.6""), 1920 x 1080 pixels, 16 Go, 512 Go",Lenovo,AMD Ryzen 7,8845HS,83DX009XMH,512 GB,16 GB,15.6 Inch,928,bol.com,ORDINATEUR
"HP Victus 16-r1060nd - Ordinateur portable de Gaming - 16,1 pouces - 165 Hz",HP,Intel Core i7,14700HX,A12MQEA#ABH,1000 GB,32 GB,16.1 Inch,1736,bol.com,ORDINATEUR
Lenovo IdeaPad 5 2-en-1 14Q8X9 83GH002QMH - Ordinateur portable 2-en-1 Copilot+ - 14 pouces,Lenovo,Qualcomm Snapdragon X Plus,X1P-42-100,83GH002QMH,512 GB,16 GB,14 Inch,1079,bol.com,ORDINATEUR
ASUS TUF FA401WV-RG012W - Ordinateur portable de Gaming - 14 pouces - 165 Hz,ASUS,,AMD Ryzen AI 300,90NR0J41-M001T0,1000 GB,16 GB,14 Inch,1669,bol.com,ORDINATEUR
"Lenovo V V15, AMD Ryzen™ 5, 2,8 GHz, 39,6 cm (15.6""), 1920 x 1080 pixels, 8 Go, 512 Go",Lenovo,AMD Ryzen 5,7520U,V15 G4 AMN,512 GB,8 GB,15.6 Inch,402,bol.com,ORDINATEUR
"ASUS VivoBook M1605YA-MB401W, AMD Ryzen™ 7, 2 GHz, 40,6 cm (16""), 1920 x 1200 pixels, 8 Go, 512 Go",ASUS,AMD Ryzen 7,5825U,90NB10R1-M00M40,512 GB,8 GB,16 Inch,625,bol.com,ORDINATEUR
HP,HP,,155U,9S1R6UA,1000 GB,16 GB,16 Inch,999,bol.com,ORDINATEUR
"ASUS TUF Gaming A15 FA506NF-HN008W - Ordinateur portable - 15,6"" Full HD - 144 Hz - AMD Ryzen 5 7535H - NVIDIA GeForce RTX 2050 - 16 GB DDR5 - 512 GB SSD - Windows 11 Home - tsb Dutch QWERTY - Zwart",ASUS,AMD Ryzen 5,7535H,90NR0JE7-M000E0,512 GB,16 GB,15.6 Inch,840,bol.com,ORDINATEUR
HP Omen 16-wf1088nd,HP,Intel Core i9,i9-14900HX,9U5U9EA#ABH,2000 GB,32 GB,16.1 Inch,2189,bol.com,ORDINATEUR
HP Spectre x360 14-eu0040nd,HP,,155H,9J1J7EA#ABH,1000 GB,32 GB,14 Inch,1708,bol.com,ORDINATEUR
"Lenovo Legion Pro 5, Intel® Core™ i7, 40,6 cm (16""), 2560 x 1600 pixels, 16 Go, 1 To, Windows 11 Home",Lenovo,Intel Core i7,i7-13700HX,82WK00B2MH,1000 GB,16 GB,16 Inch,2103,bol.com,ORDINATEUR
PC Samsung Galaxy Book4 Edge Copilot+ - NP960XMA-KB1NL,Samsung,Qualcomm Snapdragon,X1E-80-100,NP960XMA-KB1NL,512 GB,16 GB,16 Inch,1273,bol.com,ORDINATEUR
HP 15s-eq2530nd,HP,AMD Ryzen 7,5700U,A2UB9EA#ABH,1000 GB,16 GB,15.6 Inch,699,bol.com,ORDINATEUR
"Acer Aspire 3 A317-54-74XM, Intel® Core™ i7, 1,7 GHz, 43,9 cm (17.3""), 1920 x 1080 pixels, 16 Go, 512 Go",Acer,Intel Core i7,i7-1255U,NX.K9YEH.00L,512 GB,16 GB,17.3 Inch,805,bol.com,ORDINATEUR
Lenovo IdeaPad Slim 5 - 82XF00A4MH - AZERTY,Lenovo,Intel Core i7,i7-13620H,82XF00A4MH,1000 GB,16 GB,16 Inch,819,bol.com,ORDINATEUR
MSI Cyborg 14 A13VE-016NL-1TB-32GB - Ordinateur portable de Gaming - 14 pouces - 144 Hz,MSI,Intel Core i7,i7-13620H,CYBORG 14 A13VE-016NL-1TB-32GB,1000 GB,32 GB,14 Inch,1149,bol.com,ORDINATEUR
"ASUS TUF Gaming F17 FX707VV-HX145W, Intel® Core™ i7, 43,9 cm (17.3""), 1920 x 1080 pixels, 16 Go, 512 Go, Windows 11 Home",ASUS,Intel Core i7,i7-13620H,90NR0CH6-M00750,512 GB,16 GB,17.3 Inch,1134,bol.com,ORDINATEUR
Station de travail mobile Lenovo Thinkpad P16 Gen 2 | Intel Core i9-13980HX | 64GB | SSD 1 To | 16 WQUXGA (3 840 x 2 400) | Graphiques Nvidia GeForce RTX 4000 Ada 12 Go | Clavier rétro-éclairé | Capteur d'empreintes digitales | Win 11 Pro | QWERTY,Lenovo,Intel Core i9,13980HX,21FA0028US,1000 GB,64 GB,16 Inch,3599,bol.com,ORDINATEUR
Lenovo TAB M11 (TB330FU) 4/128 Go WiFi (ZADA0024PL) prix + prix,Lenovo,,,,128 GB,,,188,bol.com,ORDINATEUR
"ASUS ExpertBook P5405CSA-NZ0195X Intel Core Ultra 7 258V Ordinateur portable 35,6 cm (14"") WQXGA 32 GB LPDDR5x-SDRAM 1 To SSD Wi-Fi 6E (802.11ax) Windows 11 Pro Grijs",ASUS,,258V,90NX0861-M007X0,1000 GB,32 GB,14 Inch,1369,bol.com,ORDINATEUR
Acer Swift 3 SF314-71-59FH Grijs,Acer,Intel Core i5,i5-12450H,NX.KADEH.003,512 GB,16 GB,14 Inch,779,bol.com,ORDINATEUR
ASUS VivoBook S 15 OLED M5506NA-MA056W,ASUS,AMD Ryzen 5,7535H,90NB14D3-M004H0,1000 GB,16 GB,15.6 Inch,789,bol.com,ORDINATEUR
"ACER Aspire 3 15 A315-510P-C60F - 15,6 pouces - Processeur Intel N100 - 4 GB - 128 GB",Acer,Intel Celeron,N100,A315-510P-C60F,128 GB,4 GB,15.6 Inch,298,bol.com,ORDINATEUR
Acer Predator Helios 16 | PH16-72-94LQ,Acer,Intel Core i9,i9-14900HX,NH.QNXEH.002,2000 GB,32 GB,16 Inch,2199,bol.com,ORDINATEUR
HP,HP,,120U,9R8R2UA,512 GB,8 GB,14 Inch,799,bol.com,ORDINATEUR
Ordinateur portable Lenovo Yoga Slim 6 14IRH8 - 83E0004BMH,Lenovo,Intel Core i7,i7-13700H,83E0004BMH,512 GB,16 GB,14 Inch,919,bol.com,ORDINATEUR
