Nom du produit,Marque,Modèle de téléphone,Référence,Capacité (mémoire),RAM,Couleur(s),Prix,Site web,Catégorie
Samsung Galaxy A16 5G - 128 Go - Blauw Zwart,Samsung,"Galaxy A16, 128 Go",SM-A166BZKDEUB,128 GB,4 GB,Bleu Noir,177,bol.com,SMARTPHONE
Samsung Galaxy A16 4G (LTE) - 128 Go - Zwart,Samsung,"Galaxy A16, 128 Go",SM-A165FZKBEUB,128 GB,4 GB,Noir,137,bol.com,SMARTPHONE
motorola moto e14 - 64 Go - Gris Graphite,Motorola,motorola moto e14,0840023268267,64 GB,2 GB,Gris graphite,73,bol.com,SMARTPHONE
Samsung Galaxy S25 5G - 128 Go - Ombre Argent,Samsung,Samsung S25,SM-S931BZSDEUB,128 GB,12 GB,Ombre d'argent,899,bol.com,SMARTPHONE
"Samsung Galaxy SM-A057GZKU, 17 cm (6.7""), 4 Go, 64 Go, 50 MP, Android 13, Noir",Samsung,"Samsung Galaxy SM-A057GZKU 17 cm (6.7"") Double SIM Android 13 4G USB Type-C 4 Go 64 Go 5000 mAh Noir",SM-A057GZKUEUB,64 GB,4 GB,Noir,136,bol.com,SMARTPHONE
"Samsung Galaxy SM-A057G, 17 cm (6.7""), 4 Go, 128 Go, 50 MP, Android 13, Noir",Samsung,"Samsung Galaxy SM-A057G 17 cm (6.7"") Double SIM Android 13 4G USB Type-C 4 Go 128 Go 5000 mAh Noir",SM-A057GZKVEUB,128 GB,4 GB,Noir,148,bol.com,SMARTPHONE
"Samsung Galaxy A25 5G , 16,5 cm (6.5""), 8 Go, 256 Go, 50 MP, Noir",Samsung,"Samsung Galaxy A25 5G 16,5 cm (6.5"") Double SIM hybride USB Type-C 8 Go 256 Go 5000 mAh Noir",SM-A256BZKHEUB,256 GB,8 GB,Noir,248,bol.com,SMARTPHONE
Samsung Galaxy S25 Plus 5G - 512 Go - Ombre Argent,Samsung,Samsung Glalaxy S25 Plus,SM-S936BZSGEUB,512 GB,12 GB,Ombre d'argent,1149,bol.com,SMARTPHONE
Samsung Galaxy S25 Ultra 5G - 512 Go - White Titane Argent,Samsung,Samsung Galaxy S25 Ultra,SM-S938BZSGEUB,512 GB,12 GB,Titane White Argent,1449,bol.com,SMARTPHONE
"Samsung Galaxy SM-A256EZKDTUR, 16,5 cm (6.5""), 6 Go, 128 Go, 50 MP, Android 14, Noir",Samsung,"Samsung Galaxy SM-A256EZKDTUR smartphone 16,5 cm (6.5"") Double SIM Android 14 5G USB Type-C 6 Go 128 Go 5000 mAh Noir",SM-A256BZKDEUB,128 GB,6 GB,Noir,200,bol.com,SMARTPHONE
NOKIA C12 3/64 Grijs,Nokia,,6438409087423,64 GB,3 GB,Gris,89,bol.com,SMARTPHONE
SM-A155FZKDEUB,Samsung,"Samsung Galaxy SM-A155F 16,5 cm (6.5"") Double SIM hybride Android 14 4G USB Type-C 4 Go 128 Go 5000 mAh Noir, Bleu",SM-A155FZBDEUB,128 GB,4 GB,Noir;Bleu,189,bol.com,SMARTPHONE
Motorola moto g84 - 8/256 GB - Blue nuit,Motorola,motorola moto g84 5G,0840023274565,256 GB,8 MB,Bleu nuit,164,bol.com,SMARTPHONE
Samsung Galaxy S25 Plus 5G - 256 Go - Blue Glacial,Samsung,Samsung Glalaxy S25 Plus,SM-S936BLBDEUB,256 GB,12 GB,Bleu glacial,1149,bol.com,SMARTPHONE
Motorola moto g04s - 64 GB- Noir Concord,Motorola,Motorola moto g04s,PB360015SE,64 GB,4 GB,Concorde Noir,81,bol.com,SMARTPHONE
OPPO Reno 12 F 5G 8 Go/256 Go Vert olive,OPPO,"OPPO Reno12 F 5G 16,9 cm (6.67"") Dual SIM Android 14 USB Type-C GB 256 GB 5000 mAh Vert",110010233413,256 GB,8 GB,Vert,228,bol.com,SMARTPHONE
Xiaomi Redmi 14C - 8 Go - 256 Go - Noir Zwart,Xiaomi,Redmi 14C,MZB0HQJEU,256 GB,8 GB,Noir,131,bol.com,SMARTPHONE
Xiaomi Redmi A3 - 64 Go - Noir Zwart,Xiaomi,Xiaomi Redmi A3,XIREDA3-64-BLK,64 GB,3 GB,Noir de minuit,87,bol.com,SMARTPHONE
Apple iPhone 11 - 64Go - Noir,Apple,A13,MHDA3ZD/A,64 GB,4 GB,Noir,377,bol.com,SMARTPHONE
motorola edge 50 fusion - 8/256 Go - Blue forêt,Motorola,bord 50 fusion,PB3T0026FR,256 GB,8 GB,Blue forêt,279,bol.com,SMARTPHONE
OnePlus 13 - 512 Go 16 Go - Noir Eclipse,OnePlus,Un Plus 13,ONEP-13-512GB-BLK,512 GB,16 GB,Eclipse noire,1049,bol.com,SMARTPHONE
Google Pixel 9 - 128 Go - Zwart,Google,,GA05226-GB,128 GB,12 GB,Noir,699,bol.com,SMARTPHONE
OnePlus 12 Europe 512GB 16GB Flowy Emerald EU,OnePlus,,5011105295,512 GB,512 GB,Flowy Emerald,749,bol.com,SMARTPHONE
Motorola Moto G34 5G 128 Go Zwart,Motorola,,PB0J0022SE,128 GB,4 GB,Noir,124,bol.com,SMARTPHONE
motorola edge 50 neo - 12/512Go - Grisaille,Motorola,motorola edge 50 néo,0840023268076,512 GB,12 GB,Grisaille (gris),344,bol.com,SMARTPHONE
"6.2"", 1080 x 2400, Google Tensor G3, 8GB RAM, 128GB ROM, 50MP+12MP/10.5MP, 5G, Dual SIM, Wi-Fi 7, Bluetooth 5.3, NFC, 4575 mAh, Nero ossidiana",Google,"Google Pixel 8 15,8 cm (6.2"") Double SIM 5G USB Type-C 8 Go 128 Go 4575 mAh Noir",GA04803-GB,128 GB,8 GB,Noir,483,bol.com,SMARTPHONE
Xiaomi Redmi Note 14 Pro+ - 5G - 8Go/256Go - Noir Zwart,Xiaomi,XIREDNOT14PR+256-BLK,NOTE14PRO+,256 GB,8 GB,Noir,419,bol.com,SMARTPHONE
SM-A346BZKAEUB,Samsung,"Samsung Galaxy A34 5G 16,8 cm (6.6"") Double SIM hybride USB Type-C 6 Go 128 Go 5000 mAh Graphite",SM-A346BZKAEUB,128 GB,6 GB,Graphite,229,bol.com,SMARTPHONE
SM-S711BZADEUB,Samsung,"Samsung Galaxy S23 FE 16,3 cm (6.4"") Double SIM 5G USB Type-C 8 Go 128 Go 4500 mAh Graphite",SM-S711BZADEUB,128 GB,8 GB,Graphite,499,bol.com,SMARTPHONE
OnePlus 12 CPH2581 Europe 256 Go 12 Go Noir Silky UE,OnePlus,,5011105292,256 GB,256 GB,Silky Black,698,bol.com,SMARTPHONE
Samsung Galaxy A16 5G - 256 Go - Blue Noir,Samsung,,SM-A166BZKIEUB,256 GB,8 GB,Bleu Noir,286,bol.com,SMARTPHONE
Xiaomi Redmi Note 14 Pro - 8Go/256Go - Noir Zwart,Xiaomi,XIREDNOT14PRO-BLK,NOTE14pro,256 GB,8 GB,Noir,349,bol.com,SMARTPHONE
Apple iPhone 11 - 128Go - Noir,Apple,A13,MHDH3ZD/A,128 GB,4 GB,Noir,289,bol.com,SMARTPHONE
Samsung Galaxy Xcover 7 5G 128 Go Édition Entreprise Zwart,Samsung,,SM-G556BZKDEEE,128 GB,6 GB,Noir,297,bol.com,SMARTPHONE
"Xiaomi Redmi Note 13 Pro, 16,9 cm (6.67""), 2712 x 1220 pixels, 8 Go, 256 Go, 200 MP, Noir",Xiaomi,"Xiaomi Redmi Note 13 Pro 16,9 cm (6.67"") Double SIM 5G USB Type-C 8 Go 256 Go 5100 mAh Noir",MZB0FFWEU,256 GB,8 GB,Noir,269,bol.com,SMARTPHONE
OnePlus 13 - 256 Go 12 Go - Eclipse noire,OnePlus,Un Plus 13,ONEP-13-256GB-BLK,256 GB,12 GB,Eclipse noire,999,bol.com,SMARTPHONE
Samsung Galaxy S25 Ultra 5G - 1 To - Blue Argent Titane,Samsung,Samsung Galaxy S25 Ultra,SM-S938BZBHEUB,1 TB,12 GB,Titane Argent Blue,1569,bol.com,SMARTPHONE
motorola moto g55 5G - 8/256 Go - Vert fumé,Motorola,moto g55 5G,0840023274831,256 GB,8 GB,Vert fumé,205,bol.com,SMARTPHONE
Samsung Galaxy A06 - 64 Go - Blue,Samsung,SM-A065F/DS,SM-A065F/DS,64 GB,4 GB,Bleu clair,128,bol.com,SMARTPHONE
Xiaomi Redmi 13 - 8Go/256Go - Noir Zwart,Xiaomi,Xiaomi Redmi 13,XIRED13-256-BLK,256 GB,8 GB,Noir,159,bol.com,SMARTPHONE
Samsung Galaxy Xcover7 5G - 128 Go - Noir,Samsung,Xcover7,SM-G556BZKDEEB,128 GB,6 GB,Noir,270,bol.com,SMARTPHONE
"Xiaomi Redmi Note 13, 16,9 cm (6.67""), 8 Go, 256 Go, 108 MP, Android 12, Bleu",Xiaomi,"Xiaomi Redmi Note 13 16,9 cm (6.67"") Double SIM Android 12 4G USB Type-C 8 Go 256 Go 5000 mAh Bleu",6941812759271,128 GB,6 GB,Bleu,129,bol.com,SMARTPHONE
Logicom - Elio - Smartphone - 4G - 64Go -,Logicom,,Elio,64 GB,4 GB,Noir,99,bol.com,SMARTPHONE
"Samsung Galaxy SM-A155FZKITUR, 16,5 cm (6.5""), 8 Go, 256 Go, 50 MP, Android 14, Noir",Samsung,"Samsung Galaxy SM-A155FZKITUR smartphone 16,5 cm (6.5"") Double SIM hybride Android 14 4G USB Type-C 8 Go 256 Go 5000 mAh Noir",Galaxy A15,256 GB,8 GB,Noir:Bleu,216,bol.com,SMARTPHONE
Samsung Galaxy Xcover 5 - 64Go - Noir,Samsung,850,SM-G525FZKDEEB,64 GB,4 GB,Noir,299,bol.com,SMARTPHONE
Samsung Galaxy S25 5G - 512 Go - Marine,Samsung,Samsung S25,SM-S931BDBHEUB,512 GB,12 GB,Marine,,bol.com,SMARTPHONE
"Google Pixel 8 Pro , 17 cm (6.7""), 1344 x 2992 pixels, 12 Go, 128 Go, 50 MP, Noir",Google,"Google Pixel 8 Pro 17 cm (6.7"") Double SIM 5G USB Type-C 12 Go 128 Go 5050 mAh Noir",GA04798-GB,128 GB,12 GB,Noir,527,bol.com,SMARTPHONE
Oppo Reno 12 5G Dual Sim 12/256 Go Noir Marron,OPPO,,110010233902,256 GB,12 GB,Noir,334,bol.com,SMARTPHONE
OnePlus 13R - 256 Go 12 Go - Nébuleuse Noir,OnePlus,Un Plus 13R,ONEP-13R-256GB-BLK,256 GB,12 GB,Nébuleuse Noire,729,bol.com,SMARTPHONE
Nothing Phone (2a) Noir 12+256 Android,Nothing,RienTéléphone (2a),A10400046,256 GB,12 GB,Noir,362,bol.com,SMARTPHONE
OnePlus Nord 4 - 512 Go - Argent Mercurial,OnePlus,Nord 4,5011110272,512 GB,16 GB,Argent Mercuriel,408,bol.com,SMARTPHONE
SM-S711BZAGEUB,Samsung,"Samsung Galaxy S23 FE SM-S711B 16,3 cm (6.4"") Double SIM 5G USB Type-C 8 Go 256 Go 4500 mAh Graphite",SM-S711BZAGEUB,256 GB,8 GB,Graphite,658,bol.com,SMARTPHONE
OnePlus Nord 4 - 256 Go - Vert Oasis,OnePlus,Nord 4,5011110270,256 GB,12 GB,Vert Oasis,349,bol.com,SMARTPHONE
"Motorola Moto G moto g54 5G, 16,5 cm (6.5""), 8 Go, 256 Go, 50 MP, Android 13, Noir",Motorola,"Motorola Moto G moto g54 5G 16,5 cm (6.5"") SIM unique Android 13 USB Type-C 8 Go 256 Go 5000 mAh Noir",0840023251696,256 GB,8 GB,Noir,183,bol.com,SMARTPHONE
"6.72"", 2400 x 1080, 20:9, 120Hz, LCD, 8GB, 128 GB, 5000mAh, Qualcomm Snapdragon Bluetooth 5.1, USB 2.0, Type-C, 695 5G, 165.5 x 76 x 8.3 mm, 195 g, Chromatic Grey",OnePlus,"OnePlus Nord CE 3 Lite 5G 17,1 cm (6.72"") Double SIM hybride Android 13 USB Type-C 8 Go 128 Go 5000 mAh Noir",6055623,128 GB,8 GB,Noir,151,bol.com,SMARTPHONE
Motorola moto g15 power - 8/256 Go - Gris Gravity,Motorola,motorola moto g15 puissance,PB6G0005SE,256 GB,8 GB,Gris Gravity,199,bol.com,SMARTPHONE
POCO X6 Pro 5G 8 Go/256 Go Noir,Xiaomi,,MZB0FUXEU,256 GB,8 GB,Noir,249,bol.com,SMARTPHONE
"Xiaomi Redmi Note 13 Pro 16,9 cm (6.67"") Dual SIM Android 13 4G USB Type-C 8 GB 256 GB 5000 mAh Noir",Xiaomi,Redmi Note 13 Pro,MZB0FWWEU,256 GB,8 GB,Noir de minuit,239,bol.com,SMARTPHONE
Google Pixel 8a 5G Dual Sim 8/128 Go Obsidian,Google,,GA04432-GB,128 GB,8 GB,Noir,419,bol.com,SMARTPHONE
Xiaomi Redmi Note 14 - 8Go/256Go - Noir Zwart,Xiaomi,XIREDNOT14-256-BLK,Note 14,256 GB,8 GB,Noir,209,bol.com,SMARTPHONE
Motorola Moto G24 - 128 Go - Charbon Mat,Motorola,Moto G24,PB180002SE,128 GB,4 GB,Charbon Mat,126,bol.com,SMARTPHONE
"Google Pixel 7a , 15,5 cm (6.1""), 8 Go, 128 Go, 64 MP, Android 13, Bleu",Google,"Google Pixel 7a 15,5 cm (6.1"") Double SIM Android 13 5G USB Type-C 8 Go 128 Go 4385 mAh Bleu",GA04275-GB,128 GB,8 GB,Bleu,319,bol.com,SMARTPHONE
Artfone F30 4G Seniors Flip Phone - Supporte 4G - Mobile à grandes touches - Téléphone portable avec station de recharge - Gros bouton GSM - Grijs,Artfone,F30,Artfone F30,32 GB,512 MB,Noir,50,bol.com,SMARTPHONE
OPPO Reno12 5G - 12+256Go - 24+6 mois de garantie supplémentaire - Noir Marron - Ai Phone,OPPO,Série OPPO Reno,CPH2625,512 GB,12 GB,Noir marron,429,bol.com,SMARTPHONE
"Xiaomi Redmi Note 12 5G, 16,9 cm (6.67""), 4 Go, 128 Go, 48 MP, Android 12, Gris",Xiaomi,"Xiaomi Redmi Note 12 5G 16,9 cm (6.67"") Double SIM hybride Android 12 USB Type-C 4 Go 128 Go 5000 mAh Gris",MZB0CY5EU,128 GB,4 GB,Gris,119,bol.com,SMARTPHONE
Google Pixel 9 Pro - 256 Go - Zwart,Google,Pixel 9 Pro,GA05946-GB,256 GB,16 GB,Noir,990,bol.com,SMARTPHONE
Motorola Moto G85 5G - Gris gadget,Motorola,"Motorola Moto G85 5G 16,9 cm (6.67"") Dual SIM Android 14 USB Type-C GB 256 GB 5000 mAh Grijs",PB2A0003SE,256 GB,12 GB,Gris,229,bol.com,SMARTPHONE
"Xiaomi 14 T Pro 16,9 cm (6.67"") Dual SIM 5G 12 GB 512 GB 5000 mAh Zwart",Xiaomi,"Xiaomi 14 T Pro 16,9 cm (6.67"") Dual SIM 5G 12 GB 512 GB 5000 mAh Zwart",MZB0HJCEU,512 GB,12 GB,Noir,653,bol.com,SMARTPHONE
"Beafon M6s plus 15,9 cm (6.26"") Double SIM Android 10.0 4G USB Type-C 3 Go 32 Go 4000 mAh Noir",Bea-Fon,"Beafon M6s plus 15,9 cm (6.26"") Double SIM Android 10.0 4G USB Type-C 3 Go 32 Go 4000 mAh Noir",M6S_PLUS_EU001B,32 GB,3 GB,Noir,89,bol.com,SMARTPHONE
Sony Xperia 10 VI - GB Go - Zwart,Sony,Xperia 10 VI,XQES54EUKCB.GC,128 GB,8 GB,Noir,391,bol.com,SMARTPHONE
Motorola moto g75 - 256 Go - Gris anthracite,Motorola,Motorola Moto G75 5G GB 256,PB3Y0003SE,256 GB,8 GB,Gris anthracite,262,bol.com,SMARTPHONE
OPPO A40 4+128 - Sparkle Black - Garantie Extra 24+6 mois !,OPPO,Téléphone intelligent,CPH2669,128 GB,4 MB,Noir,159,bol.com,SMARTPHONE
"Apple iPhone 13 Pro Max 17 cm (6.7"") Double SIM iOS 15 5G 128 Go Graphite",Apple,A15,MLL63QN/A,128 GB,6 GB,Grijs,589,bol.com,SMARTPHONE
"Apple iPhone XR 15,5 cm (6.1"") Double SIM iOS 14 4G 128 Go Noir",Apple,A12,IPHONEXR128GBBLACK,128 GB,3 GB,Noir,399,bol.com,SMARTPHONE
OPPO Find X8 Pro Zwart - 512 Go - 16 Go,OPPO,CPH2659,CPH2659,512 GB,16 GB,Noir,994,bol.com,SMARTPHONE
Google Pixel 9 - 256 Go - Zwart,Google,,GA05842-GB,256 GB,12 GB,Noir,799,bol.com,SMARTPHONE
Motorola moto g15 - 4 Go/128 Go - Orange Sunrise,Motorola,motorola moto g15,PB6E0000SE,128 GB,4 GB,Lever du Sunrise Orange,149,bol.com,SMARTPHONE
Redmi Note 13 Pro+ 5G 12 Go de RAM 512 Go de ROM - Noir Zwart,Xiaomi,,MZB0FF1EU,512 GB,12 GB,Noir de minuit,385,bol.com,SMARTPHONE
Xiaomi Redmi Note 14 Pro+ - 5G - 12Go/512Go - Noir Zwart,Xiaomi,XIREDNOT14PR+512-BLK,NOTE14PRO+,512 GB,12 GB,Noir,479,bol.com,SMARTPHONE
motorola moto g35 5G - 8/128 Go - Noir minuit,Motorola,moto g35 5G,0840023269271,128 GB,8 GB,Noir de minuit,147,bol.com,SMARTPHONE
"Beafon M7 premium 14 cm (5.5"") SIM unique Android 11 4G USB Type-C 3 Go 32 Go 3500 mAh Noir",Bea-Fon,"Beafon M7 premium 14 cm (5.5"") SIM unique Android 11 4G USB Type-C 3 Go 32 Go 3500 mAh Noir",M7_EU001B,32 GB,3 GB,Noir,99,bol.com,SMARTPHONE
"OPPO A54 5G 16,5 cm (6.5"") Double SIM ColorOS 11.1 USB Type-C 4 Go 64 Go 5000 mAh Violet",OPPO,480,CPH2195FE,64 GB,4 GB,Paars,189,bol.com,SMARTPHONE
Samsung Galaxy A04s - 32Go - Noir,Samsung,850,SM-A047FZKUEUB,32 GB,3 GB,Noir,128,bol.com,SMARTPHONE
Samsung Galaxy A06 - 128 Go - Noir,Samsung,,SM-A065F/DS,128 GB,4 GB,Noir,144,bol.com,SMARTPHONE
Google Pixel 9 Pro - 128 Go - Zwart,Google,Pixel 9 Pro,GA05227-GB,128 GB,16 GB,Noir,849,bol.com,SMARTPHONE
Nothing Phone (2a) Plus - 256 Go - Gris,Nothing,Nothing Phone 2(a) Plus,A10400088,256 GB,12 GB,Argent,369,bol.com,SMARTPHONE
"6,67"" AMOLED, 2712 x 1220, 446 PPI, Snapdragon 7s Gen 2, 8 GB, 256 GB, 64/8/2MP, 16MP, 5G, Bluetooth 5.2, 5100mAh, IP54",Xiaomi,"POCO X6 16,9 cm (6.67"") Dual SIM 5G USB Type-C 8 GB 256 GB 5100 mAh Wit",6941812756027,256 GB,8 GB,Blanc,269,bol.com,SMARTPHONE
ZTE Blade I9 1GB/32GB 5´´ Smartphone Dual SIM Grijs,ZTE,,,32 GB,1 GB,grau,63,bol.com,SMARTPHONE
"Xiaomi 14 T 16,9 cm (6.67"") Dual SIM 5G 12 GB 256 GB 5000 mAh Zwart",Xiaomi,"Xiaomi 14 T 16,9 cm (6.67"") Dual SIM 5G 12 GB 256 GB 5000 mAh Zwart",MZB0HUBEU,256 GB,12 GB,Noir,399,bol.com,SMARTPHONE
"OPPO Reno 10 5G, 17 cm (6.7""), 8 Go, 256 Go, 64 MP, Android 13, Gris, Argent",OPPO,"OPPO Reno 10 5G 17 cm (6.7"") Double SIM Android 13 USB Type-C 8 Go 256 Go 5000 mAh Gris, Argent",110010232555,256 GB,8 GB,Gris;Argent,259,bol.com,SMARTPHONE
Google Pixel 8a 5G Dual Sim 8/256 Go Obsidian,Google,,GA05571-GB,256 GB,8 GB,Noir,498,bol.com,SMARTPHONE
SM-F731BZAHEUB,Samsung,"Samsung Galaxy Z Flip5 SM-F731B 17 cm (6.7"") Double SIM Android 13 5G USB Type-C 8 Go 512 Go 3700 mAh Graphite",SM-F731BZAHEUB,512 GB,8 GB,Graphite,755,bol.com,SMARTPHONE
Blackview BV7300 Smartphone Plein air 15000mAh 18(6 + 12) GB+ 256 Go Dual lumières de Camping 800LM caméra de Vision nocturne 50MP IP68/ NFC Zwart,Blackview,BV7300,6931548319023,256 GB,6 GB,Noir,209,bol.com,SMARTPHONE
"Motorola Moto G Moto G84, 16,6 cm (6.55""), 12 Go, 256 Go, 50 MP, Android 13, Bleu",Motorola,"Motorola Moto G Moto G84 16,6 cm (6.55"") Double SIM hybride Android 13 5G USB Type-C 12 Go 256 Go 5000 mAh Bleu",0840023249471,256 GB,12 GB,Bleu,241,bol.com,SMARTPHONE
Motorola Razr 50 - 8/256Go - Orange Spritz,Motorola,motorola razr 50,0840023259562,256 GB,8 GB,Orange,577,bol.com,SMARTPHONE
SM-A346BZKEEUB,Samsung,"Samsung Galaxy A34 5G 16,8 cm (6.6"") Double SIM hybride USB Type-C 8 Go 256 Go 5000 mAh Graphite",SM-A346BZKAEEB,256 GB,8 GB,Graphite,341,bol.com,SMARTPHONE
Google Pixel 9 Pro XL - 256 Go - Zwart,Google,Pixel 9 Pro XL,GA05983-GB,256 GB,16 GB,Noir,1073,bol.com,SMARTPHONE
"Samsung Galaxy A16 5G 17 cm (6.7"") Hybride Dual SIM USB Type-C 4 GB 128 GB 5000 mAh Vert",Samsung,"Samsung Galaxy A16 5G 17 cm (6.7"") Hybride Dual SIM USB Type-C 4 GB 128 GB 5000 mAh Vert",SMA166128GREEN,128 GB,4 GB,Vert,200,bol.com,SMARTPHONE
Xiaomi Redmi Note 14 Pro - 5G - 8Go/256Go - Violet Lavande,Xiaomi,XIREDNOT14PRO-5G-PRP,NOTE14PRO5G,256 GB,8 GB,Violet,359,bol.com,SMARTPHONE
"Motorola Edge 40 Neo, 16,6 cm (6.55""), 12 Go, 256 Go, 50 MP, Android 13, Noir",Motorola,"Motorola Edge 40 Neo 16,6 cm (6.55"") Double SIM Android 13 5G USB Type-C 12 Go 256 Go 5000 mAh Noir",0840023248535,256 GB,12 GB,Noir,230,bol.com,SMARTPHONE
HMD Skyline - 256 Go - Zwart,HMD,Skyline,HQ50200045XB0,256 GB,8 GB,Noir,399,bol.com,SMARTPHONE
Xiaomi Redmi Note 14 - 6Go/128Go - Vert Citron,Xiaomi,XIREDNOT14-128-GRN,Note 14,128 GB,6 GB,Vert,197,bol.com,SMARTPHONE
"Motorola ThinkPhone, 16,6 cm (6.55""), 8 Go, 256 Go, 50 MP, Android 13, Noir",Motorola,"Motorola ThinkPhone 16,6 cm (6.55"") Double SIM Android 13 5G USB Type-C 8 Go 256 Go 5000 mAh Noir",PAWN0003SE,256 GB,8 GB,Noir,419,bol.com,SMARTPHONE
OPPO A18 - 128 Go - Noir brillant - Garantie Extra 24+6 mois !,OPPO,Série OPPO A,CPH2591GK,128 GB,4 GB,Noir,169,bol.com,SMARTPHONE
"Samsung Galaxy SM-A057GLGU, 17 cm (6.7""), 4 Go, 64 Go, 50 MP, Android 13, Vert",Samsung,"Samsung Galaxy SM-A057GLGU 17 cm (6.7"") Double SIM Android 13 4G USB Type-C 4 Go 64 Go 5000 mAh Vert",SM-A057GLGUEUE,64 GB,4 GB,Vert,130,bol.com,SMARTPHONE
"Smartphone Motorola Razr 50 Ultra 6,9"" 12 GB RAM 512 GB Blauw Blue Nuit",Motorola,Razr 50 Ultra,0840023259562,512 GB,12 GB,Bleu,798,bol.com,SMARTPHONE
"Samsung Galaxy A25 5G , 16,5 cm (6.5""), 6 Go, 128 Go, 50 MP, Jaune",Samsung,"Samsung Galaxy A25 5G 16,5 cm (6.5"") Double SIM hybride USB Type-C 6 Go 128 Go 5000 mAh Jaune",SM-256B/DSN,1 TB,6 GB,Jaune,223,bol.com,SMARTPHONE
"Smartphone Hammer Iron V LTE - téléphone de chantier - 6 Go/64 Go Zwart - IP69 étanche, batterie 6320 mAh, Dual SIM",HAMMER H,Fer V Zwart,,64 GB,6 GB,Noir,215,bol.com,SMARTPHONE
OPPO Find X8 Pro Zwart - 512 Go - 16 Go,OPPO,CPH2659,110010131594,512 GB,16 GB,Noir,889,bol.com,SMARTPHONE
Smartphone Senior Swissvoice S510M Sans SIM - 4G+ - Bouton SOS - Android 12 - Whasapp,Swissvoice,S510,S510,16 GB,2 GB,Anthracite,179,bol.com,SMARTPHONE
"Xiaomi Redmi 13C, 17,1 cm (6.74""), 4 Go, 128 Go, 50 MP, Android 13, Noir",Xiaomi,"Xiaomi Redmi 13C 17,1 cm (6.74"") Double SIM Android 13 4G USB Type-C 4 Go 128 Go 5000 mAh Noir",MZB0FM7EU,128 GB,4 GB,Noir,129,bol.com,SMARTPHONE
"Apple iPhone 11 Pro Max 16,5 cm (6.5"") Double SIM iOS 13 4G 256 Go Gris",Apple,A13,APP-IPHONE11P256GR4,256 GB,6 GB,Gris,447,bol.com,SMARTPHONE
Samsung Galaxy A52s 5G - 128Go - Noir,Samsung,778G,SM-A528BZKDEUB,128 GB,6 GB,Noir,349,bol.com,SMARTPHONE
Samsung Galaxy A41 - 64Go - Noir,Samsung,"Samsung Galaxy A41 SM-A415F/DSN 15,5 cm (6.1"") 4G USB Type-C 4 Go 64 Go 3500 mAh Noir",SAM-A415FDS64BK3,64 GB,4 GB,Noir,199,bol.com,SMARTPHONE
HMD PULSE PRO 6/128 - Vert glacier,HMD,,286946224,128 GB,6 GB,Vert glacier,119,bol.com,SMARTPHONE
"iPhone 15, 6.1"" OLED, 2556 x 1179, A16 Bionic, 128GB, Wi‑Fi 6 (802.11ax), Bluetooth 5.3, NFC, 48MP + 12MP Ultra Wide, 12MP TrueDepth, Face ID, IP68, iOS 17",Apple,"Apple iPhone 15 15,5 cm (6.1"") Double SIM iOS 17 5G USB Type-C 128 Go Noir",MTP03QL/A,128 GB,6 GB,Noir,812,bol.com,SMARTPHONE
"Samsung Galaxy S10e SM-G970F 14,7 cm (5.8"") Double SIM hybride Android 9.0 4G USB Type-C 6 Go 128 Go 3100 mAh Noir",Samsung,9820,SM-G970FZKDPHN,128 GB,6 GB,Noir,279,bol.com,SMARTPHONE
"Blackview WAVE 8 Smartphone Android 14 -12(4+8) GB+128 Go 6,56 pouces 90 Hz 4G Dual SIM Débloqué 5000mAh/10W GPS - Zwart",Blackview,VAGUE 8(4+128),6931548318941,128 GB,4 GB,Noir,89,bol.com,SMARTPHONE
"Blackview BV4800 Pro 12(4+8) GB+128 Go Smartphone Plein air 6,56 pouces Android 14, étanche IP68 Dual 4G LTE, NFC, OTG, GPS, FM, Zwart",Blackview,BV4800 Pro,6931548319078,128 GB,4 GB,Noir,119,bol.com,SMARTPHONE
"Blackview Shark 9 5G Smartphone 24(8+16) GB+256 Go 6,7 pouces Android 14 NFC Appareil photo 50MP Zwart",Blackview,REQUIN 9,6931548318729,256 GB,8 GB,Noir,179,bol.com,SMARTPHONE
HMD PULSE+ DS 4/128 - Vert Glacier,HMD,,286947987,128 GB,4 GB,Vert glacier,99,bol.com,SMARTPHONE
"Motorola Moto E 13, 16,5 cm (6.5""), 2 Go, 64 Go, 13 MP, Android 13 Go edition, Noir",Motorola,"Motorola Moto E 13 16,5 cm (6.5"") Double SIM Android 13 Go edition 4G USB Type-C 2 Go 64 Go 5000 mAh Noir",n.v.t,64 GB,2 GB,Noir,92,bol.com,SMARTPHONE
Xiaomi Redmi A3 128 Go - Noir Zwart,Xiaomi,Xiaomi Redmi A3,XIREDA3-128-BLK,128 GB,4 GB,Noir de minuit,109,bol.com,SMARTPHONE
"OPPO A74 16,3 cm (6.43"") Double SIM ColorOS 11.1 4G USB Type-C 6 Go 128 Go 5000 mAh Noir",OPPO,662,CPH2219PK,128 GB,8 GB,Noir,199,bol.com,SMARTPHONE
"OCTO-CORE (4xA53 @1,8GHz + 4xA73 @2 GHZ), QUALCOMM SM6115, Android, IP 68, 13 MP, 2 MP, 4 Go DDR4 / 64 Go, max 512Go (vendue séparément), Nano SIM, Bluetooth 5.0",Crosscall,"Crosscall CORE-M5 12,6 cm (4.95"") Double SIM hybride 4G USB Type-C 4 Go 64 Go 4000 mAh Noir",1001012401161,64 GB,4 GB,Noir,208,bol.com,SMARTPHONE
"OPPO A98 5G , 17,1 cm (6.72""), 8 Go, 256 Go, 64 MP, Android 13, Noir",OPPO,"OPPO A98 5G 17,1 cm (6.72"") Double SIM Android 13 USB Type-C 8 Go 256 Go 5000 mAh Noir",110010345693,256 GB,8 GB,Noir,239,bol.com,SMARTPHONE
"Google Pixel 8 Pro , 17 cm (6.7""), 1344 x 2992 pixels, 12 Go, 256 Go, 50 MP, Noir",Google,"Google Pixel 8 Pro 17 cm (6.7"") Double SIM 5G USB Type-C 12 Go 256 Go 5050 mAh Noir",GA04890-GB,256 GB,12 GB,Noir,845,bol.com,SMARTPHONE
"Samsung Galaxy A52 4G SM-A525F 16,5 cm (6.5"") Double SIM Android 11 USB Type-C 6 Go 128 Go 4500 mAh Noir",Samsung,720G,SM-A525FZKGEUB,128 GB,6 GB,Noir,199,bol.com,SMARTPHONE
Motorola edge 50 pro - 516 Go - Black Beauty,Motorola,motorola bord 50 pro,0840023248535,512 GB,12 GB,Beauté noire,438,bol.com,SMARTPHONE
Blackview BV6200 Pro 6 Go/128 Go Vert,Blackview,,6931548314714,128 GB,6 GB,Vert,149,bol.com,SMARTPHONE
"OPPO A80 5G, 16,9 cm (6.67""), 8 GB, 256 GB, 50 MP, Android 14, Zwart",OPPO,"OPPO A80 5G 16,9 cm (6.67"") Dual SIM Android 14 USB Type-C 8 GB 256 GB 5100 mAh Zwart",110010346904,256 GB,8 GB,Noir,219,bol.com,SMARTPHONE
POCO M6 - 8Go/256Go - Zwart,Xiaomi,,POCOM6-256-BLK,256 GB,8 GB,Noir,162,bol.com,SMARTPHONE
"Motorola Edge 50 Ultra, 16,9 cm (6.67""), 16 GB, 1 To, 50 MP, Android 14, Grijs",Motorola,"Motorola Edge 50 Ultra 16,9 cm (6.67"") Dual SIM Android 14 5G USB Type-C GB 1 To 4500 mAh Grijs",PB0Y0016SE,1 TB,16 GB,Gris,698,bol.com,SMARTPHONE
"Samsung Galaxy S20+ 5G SM-G986B 17 cm (6.7"") Double SIM Android 10.0 USB Type-C 12 Go 128 Go 4500 mAh Gris",Samsung,990,SAM-G986BDS-128GR3,128 GB,12 GB,Gris,399,bol.com,SMARTPHONE
"Nokia G G22, 16,6 cm (6.52""), 4 Go, 128 Go, 50 MP, Android 12, Bleu",Nokia,"Nokia G G22 16,6 cm (6.52"") Double SIM Android 12 4G USB Type-C 4 Go 128 Go 5050 mAh Bleu",101S0609H062,128 GB,4 GB,Bleu,175,bol.com,SMARTPHONE
Samsung Galaxy A15 6/128 GB Bleu clair,Samsung,A15,,128 GB,6 GB,Bleu clair,195,bol.com,SMARTPHONE
OPPO A40M 256 Zwart,OPPO,"OPPO A40M 16,9 cm (6.67"") Dual SIM Android 14 4G USB Type-C 8 GB 256 GB 5100 mAh Zwart",110010347676,256 GB,8 GB,Noir,164,bol.com,SMARTPHONE
Xiaomi Redmi 14C - 4 Go - 128 Go - Vert Sage,Xiaomi,Redmi 14C,MZB0HXZEU,128 GB,4 GB,Vert,106,bol.com,SMARTPHONE
"Alcatel 1 2021 12,7 cm (5"") Android 11 Go Edition 4G Micro-USB 1 Go 8 Go 2000 mAh Bleu",Alcatel,MT6739,5033DR-2BALWE12-1,8 GB,1 GB,Bleu,69,bol.com,SMARTPHONE
Xiaomi Poco X6 Pro 5G Dual Sim 12/512 Go Noir,Xiaomi,"POCO X6 Pro 5G 16,9 cm (6.67"") Dual SIM USB Type-C 12 GB 512 GB 5000 mAh Zwart",MZB0FUOEU,512 GB,12 GB,Noir,329,bol.com,SMARTPHONE
Xiaomi Redmi Note 13 5G - 8Go/256Go - Blauw Sarcelle Ocean,Xiaomi,Xiaomi Redmi Note 13 5G,MZB0FPSEU,256 GB,8 GB,Bleu,234,bol.com,SMARTPHONE
"Smartphone Samsung Galaxy M55 6,7"" 8 GB RAM 128 GB Zwart",Samsung,Galaxie M55,Galaxy M55,128 GB,8 GB,Noir,251,bol.com,SMARTPHONE
OPPO A40 - 4 Go + 128 Go - Zwart Étincelant,OPPO,A40,110010347455,128 GB,4 GB,Noir,138,bol.com,SMARTPHONE
"CAT S62 Pro 4G 14,5 cm (5.7"") Android 10.0 USB Type-C 6 Go 128 Go 4000 mAh Noir",Cat,660,CS62P-DAB-RON-EN,128 GB,6 GB,Noir,450,bol.com,SMARTPHONE
"OPPO A38 , 16,7 cm (6.56""), 4 Go, 128 Go, 50 MP, Android 13, Noir",OPPO,"OPPO A38 16,7 cm (6.56"") Double SIM Android 13 4G USB Type-C 4 Go 128 Go 5000 mAh Noir",110010346031,128 GB,4 GB,Noir,139,bol.com,SMARTPHONE
"Samsung Galaxy S8 SM-G950F 14,7 cm (5.8"") SIM unique Android 7.0 4G USB Type-C 4 Go 64 Go 3000 mAh Argent",Samsung,"Samsung Galaxy S8 SM-G950F 14,7 cm (5.8"") SIM unique Android 7.0 4G USB Type-C 4 Go 64 Go 3000 mAh Argent",SAM-G950F64SL4,64 GB,4 GB,Argent,259,bol.com,SMARTPHONE
"CAT S75, 16,7 cm (6.58""), 6 Go, 128 Go, 50 MP, Android 12, Noir",Cat,"CAT S75 16,7 cm (6.58"") Android 12 5G 6 Go 128 Go 5000 mAh Noir",CS75-DAB-ROE-NN,128 GB,6 GB,Noir,369,bol.com,SMARTPHONE
Ulefone Armor 27T Pro 5G 12 Go/256 Go Noir,Ulefone,,6975326662833,256 GB,12 GB,Noir,499,bol.com,SMARTPHONE
Xiaomi Redmi 9A - 32Go - Gris,Xiaomi,Helio G25,MZB9959EU,32 GB,2 GB,Gris,98,bol.com,SMARTPHONE
"Apple iPhone 14 Pro 15,5 cm (6.1"") Double SIM iOS 16 5G 512 Go Noir",Apple,A16,MQ1M3QN/A,512 GB,6 GB,Noir,1080,bol.com,SMARTPHONE
"Hammer Blade Va 5G - 5G - Android 14 - IP69 - mode gant - Écran 6,56""",HAMMER H,Lame de Hammer Va 5G,5902983627333,128 GB,8 GB,Noir,283,bol.com,SMARTPHONE
"Apple iPhone 13 15,5 cm (6.1"") Double SIM iOS 15 5G 128 Go Bleu",Apple,A15,MLPK3B/A,128 GB,4 GB,Bleu,565,bol.com,SMARTPHONE
"Samsung Galaxy S9 SM-G960F 14,7 cm (5.8"") Double SIM Android 8.0 4G USB Type-C 4 Go 64 Go 3000 mAh Noir",Samsung,"Samsung Galaxy S9 SM-G960F 14,7 cm (5.8"") Double SIM Android 8.0 4G USB Type-C 4 Go 64 Go 3000 mAh Noir",SAM-G960DS-64BK0,64 GB,4 GB,Noir,253,bol.com,SMARTPHONE
"6,08"", 1520x720, Qualcomm QCM6490, 6Go RAM, 128Go ROM, 48MP/8MP, 5G, WIFI6/6E, Bluetooth 5.2, NFC, 4950 mAh, IP68, Noir, Android",Crosscall,"Crosscall CORE-Z5 15,4 cm (6.08"") Double SIM 5G USB Type-C 4 Go 64 Go 4950 mAh Noir",1001012001980,64 GB,4 GB,Noir,889,bol.com,SMARTPHONE
Oppo Reno 12 Pro 5G Dual SIM 12/512 Go Argent Nébuleuse,OPPO,,110010234128,512 GB,12 GB,Argent,439,bol.com,SMARTPHONE
"Samsung Galaxy A40 SM-A405F 15 cm (5.9"") Double SIM Android 9.0 4G USB Type-C 4 Go 64 Go 3100 mAh Noir",Samsung,"Samsung Galaxy A40 SM-A405F 15 cm (5.9"") Double SIM Android 9.0 4G USB Type-C 4 Go 64 Go 3100 mAh Noir",SM-A405FZKDPHN,64 GB,4 GB,Noir,214,bol.com,SMARTPHONE
Nothing Phone (2a) White 8+128 GB,Nothing,RienTéléphone (2a),A10400046,128 GB,8 GB,Blanc,289,bol.com,SMARTPHONE
"Apple iPhone 8 11,9 cm (4.7"") SIM unique iOS 11 4G 64 Go Gris",Apple,A11,APP-IPHONE8-64GR4,64 GB,2 GB,Gris,167,bol.com,SMARTPHONE
Samsung Galaxy Xcover 6 Pro - Noir,Samsung,778G,SM-G736B/DS,128 GB,6 GB,Noir,406,bol.com,SMARTPHONE
"Logicom - Sense - Smartphone - 4G - 4 Go Octa Core - 64 Go+256 Go - 50 Mégapixels - Android 14 - 6,5 pouces - Zwart",Logicom,Sens,Sense,64 GB,4 GB,Noir,98,bol.com,SMARTPHONE
Samsung Galaxy A33 - 128Go - Noir,Samsung,"Samsung Galaxy A33 5G SM-A336B 16,5 cm (6.5"") Double SIM hybride Android 12 USB Type-C 6 Go 128 Go 5000 mAh Noir",SM-A336BZKGEUB,128 GB,6 GB,Noir,252,bol.com,SMARTPHONE
Realme 12 Pro Plus 5G 12 Go/512 Go Blue sous-marin,Realme,,rmx3840,512 GB,12 GB,Blue sous-marin | Bleu,428,bol.com,SMARTPHONE
ZTE Blade A55 - 128 Go - Starry Zwart,ZTE,"ZTE Blade A55 17,1 cm (6.75"") Dual SIM Android 14 4G USB Type-C 8 GB 64 GB 5000 mAh Zwart",123441801018,128 GB,4 GB,Noir Starry,119,bol.com,SMARTPHONE
Blackberry Curve 9220 White,BlackBerry,,,512 MB,512 MB,Blanc,69,bol.com,SMARTPHONE
"Apple iPhone XR 15,5 cm (6.1"") Double SIM iOS 14 4G 64 Go Noir",Apple,A12,IPHONEXR64GBBLACK,64 GB,3 GB,Noir,299,bol.com,SMARTPHONE
ZTE Blade A35e - 64 Go - Gris Argent,ZTE,,,64 GB,2 GB,Argent,79,bol.com,SMARTPHONE
Motorola Moto G85 5G - 8 Go/256 Go - Vert,Motorola,,0840023276064,256 GB,8 GB,Vert,213,bol.com,SMARTPHONE
Samsung Galaxy A71 Noir,Samsung,730,SAM-A715FDS128BK1,128 GB,6 GB,Noir,299,bol.com,SMARTPHONE
Xiaomi 14 5G 12 Go/512 Go Noir,Xiaomi,,MZB0G1BEU,512 GB,12 GB,Noir,744,bol.com,SMARTPHONE
Xiaomi Redmi 13 - 6Go/128Go - Pearl,Xiaomi,Xiaomi Redmi 13,XIRED13-128-PNK,128 GB,6 GB,Rose,148,bol.com,SMARTPHONE
motorola moto g04 - 64 Go - Noir Concord,Motorola,motorola moto g04,PB130002SE,64 GB,4 GB,Concorde Noir,122,bol.com,SMARTPHONE
"Samsung Galaxy A25 5G , 16,5 cm (6.5""), 6 Go, 128 Go, 50 MP, Bleu",Samsung,"Samsung Galaxy A25 5G 16,5 cm (6.5"") Double SIM hybride USB Type-C 6 Go 128 Go 5000 mAh Bleu",SM-A256B/DSN,128 GB,6 GB,Bleu,219,bol.com,SMARTPHONE
"Samsung Galaxy SM-A057GZSU, 17 cm (6.7""), 4 Go, 64 Go, 50 MP, Android 13, Argent",Samsung,"Samsung Galaxy SM-A057GZSU 17 cm (6.7"") Double SIM Android 13 4G USB Type-C 4 Go 64 Go 5000 mAh Argent",SM-A057GZSUEUE,64 GB,4 GB,Argent,128,bol.com,SMARTPHONE
"Huawei Y5p 13,8 cm (5.45"") Double SIM Android 10.0 Services mobiles Huawei (HMS) 4G Micro-USB 2 Go 32 Go 3020 mAh Noir",Huawei,MT6762R,51095MTV,32 GB,2 GB,Noir,99,bol.com,SMARTPHONE
Nokia C32 - 4/64 Go - Grijs,Nokia,"Nokia C32 16,6 cm (6,52"") Dual SIM Android 13 4G USB Type-C 4 GB 64 GB 5050 mAh Charbon de bois",SP01Z01Z3054Y,64 GB,4 GB,Gris,136,bol.com,SMARTPHONE
POCO X7 Pro 5G 8 Go/256 Go - Zwart,Poco,,,256 GB,8 GB,Noir,367,bol.com,SMARTPHONE
"Samsung Galaxy S24 Ultra Enterprise Edition, 17,3 cm (6.8""), 3120 x 1440 pixels, 12 GB, 512 GB, 200 MP, Zwart, Titane",Samsung,"Samsung Galaxy S24 Ultra Enterprise Edition 17,3 cm (6.8"") Dual SIM 5G USB Type-C 12 GB 512 GB 5000 mAh Zwart, Titane",SM-S928BZKHEEE,512 GB,12 GB,Zwart; Titane,1130,bol.com,SMARTPHONE
Xiaomi Redmi Note 13 Pro 12 Go/512 Go Noir,Xiaomi,,MZB0FWFEU,512 GB,12 GB,Noir,294,bol.com,SMARTPHONE
Ulefone Armor 24 12 Go/256 Go Noir,Ulefone,,6937748735670,256 GB,12 GB,Noir,286,bol.com,SMARTPHONE
"Logicom - Smart Pro - Smartphone - 4G - 6 Go Octa Core - 128 Go+256 Go - 50 Mégapixels - Android 14 - 6,7 pouces - Zwart",Logicom,Smart Pro,Smart Pro,128 GB,6 GB,Noir,121,bol.com,SMARTPHONE
Galaxy S24 Ultra ( Exclusive en ligne),Samsung,"Samsung Galaxy S24 Ultra 17,3 cm (6.8"") Dual SIM 5G USB Type-C 12 GB 512 GB 5000 mAh Oranje, Titane",SM-S928BZOHEUB,512 GB,12 GB,Oranje; Titane,1065,bol.com,SMARTPHONE
myPhone Halo 3 LTE - mobile senior - bouton SOS - lampe de poche - gros boutons,myPhone,myPhone Halo 3 LTE,TEL000863,128 MB,64 MB,Noir,58,bol.com,SMARTPHONE
"Smartphone Blackview Wave 8C Android 14 6(2+4) GB+64 Go 4G Dual SIM 6 Go+64 Go Octa Core 6,56"" HD+ Violet",Blackview,VAGUE 8C,6931548318934,64 GB,2 GB,Violet,79,bol.com,SMARTPHONE
POCO M6 - 6Go/128Go - Zwart,Xiaomi,,POCOM6-128-BLK,128 GB,6 GB,Noir,131,bol.com,SMARTPHONE
"Samsung Galaxy S20 Ultra 5G SM-G988B 17,5 cm (6.9"") Double SIM Android 10.0 USB Type-C 12 Go 128 Go 5000 mAh Gris",Samsung,990,SAM-G988BDS-128GR3,128 GB,12 GB,Gris,499,bol.com,SMARTPHONE
"OnePlus Nord 3 5G, 17,1 cm (6.74""), 16 Go, 256 Go, 50 MP, Android 13, Gris",OnePlus,"OnePlus Nord 3 5G 17,1 cm (6.74"") Double SIM Android 13 USB Type-C 16 Go 256 Go 5000 mAh Gris",5011103076,256 GB,16 GB,Gris,329,bol.com,SMARTPHONE
"Xiaomi Redmi Note 13 Pro+, 16,9 cm (6.67""), 2712 x 1220 pixels, 8 Go, 256 Go, 200 MP, Noir",Xiaomi,"Xiaomi Redmi Note 13 Pro+ 16,9 cm (6.67"") Double SIM 5G USB Type-C 8 Go 256 Go 5000 mAh Noir",MZB0FFZEU,256 GB,8 GB,Noir,332,bol.com,SMARTPHONE
"OPPO Reno 10 Pro 5G, 17 cm (6.7""), 12 Go, 256 Go, 50 MP, Android 13, Gris, Argent",OPPO,"OPPO Reno 10 Pro 5G 17 cm (6.7"") Double SIM Android 13 USB Type-C 12 Go 256 Go 4600 mAh Gris, Argent",631001000272B,256 GB,12 GB,Gris;Argent,320,bol.com,SMARTPHONE
"Smartphone Oppo A60 8 GB 256 GB Blauw 6,67""",OPPO,A60,110010346625B,256 GB,8 GB,Bleu,163,bol.com,SMARTPHONE
Fusion HMD,HMD,,101SQ503H039,128 GB,6 GB,Noir,229,bol.com,SMARTPHONE
Smartphone Motorola MediaTek Helio G85 8 GB RAM 128 GB 128 GB SSD Rose,Motorola,59173,59173,128 GB,8 GB,Rose,117,bol.com,SMARTPHONE
"Nothing Phone (1) 16,6 cm (6.55"") Double SIM 5G USB Type-C 8 Go 256 Go 4500 mAh Noir",Nothing,778G Plus,A063,256 GB,8 GB,Noir,259,bol.com,SMARTPHONE
Samsung Galaxy A16 4G - 256 Go - Vert clair,Samsung,"Samsung Galaxy A16 17 cm (6,7"") Hybride Dual SIM 4G USB Type-C 8 GB 256 GB 5000 mAh Vert clair",SM-A165FLGCEUE,256 GB,8 GB,Vert clair,239,bol.com,SMARTPHONE
"Samsung Galaxy SM-A256EZYHTUR, 16,5 cm (6.5""), 8 Go, 256 Go, 50 MP, Android 14, Jaune",Samsung,"Samsung Galaxy SM-A256EZYHTUR smartphone 16,5 cm (6.5"") Double SIM Android 14 5G USB Type-C 8 Go 256 Go 5000 mAh Jaune",SM-A256EZYHTUR,256 GB,8 GB,Jaune,279,bol.com,SMARTPHONE
Xiaomi Redmi Note 13 Pro 5G 12 Go/512 Go Noir,Xiaomi,,MZB0FCTEU,512 GB,12 GB,Noir,409,bol.com,SMARTPHONE
"Motorola Moto G 13, 16,5 cm (6.5""), 4 Go, 128 Go, 50 MP, Android 13, Noir",Motorola,"Motorola Moto G 13 16,5 cm (6.5"") Double SIM Android 13 4G USB Type-C 4 Go 128 Go 5000 mAh Noir",PAWV0016SE,128 GB,4 GB,Noir,149,bol.com,SMARTPHONE
"OnePlus Nord 3 5G, 17,1 cm (6.74""), 8 Go, 128 Go, 50 MP, Android 13, Gris",OnePlus,"OnePlus Nord 3 5G 17,1 cm (6.74"") Double SIM Android 13 USB Type-C 8 Go 128 Go 5000 mAh Gris",5011103075,128 GB,8 GB,Gris,279,bol.com,SMARTPHONE
"iPhone 15, 6.1"" OLED, 2556 x 1179, A16 Bionic, 128GB, Wi‑Fi 6 (802.11ax), Bluetooth 5.3, NFC, 48MP + 12MP Ultra Wide, 12MP TrueDepth, Face ID, IP68, iOS 17",Apple,"Apple iPhone 15 15,5 cm (6.1"") Double SIM iOS 17 5G USB Type-C 128 Go Rose",MTP13QL/A,128 GB,6 GB,Rose,815,bol.com,SMARTPHONE
Blackview BL9000 5G 12 Go/512 Go Noir,Blackview,,,512 GB,12 GB,Noir,389,bol.com,SMARTPHONE
Medj - téléphone portable mini téléphone portable android 8.0 petit briquet - WhatsApp - Facebook - Snapchat - Dual SIM,medj,,,64 GB,64 GB,Noir,105,bol.com,SMARTPHONE
"Motorola moto g14 , 16,5 cm (6.5""), 8 Go, 256 Go, 50 MP, Android 13, Gris",Motorola,"Motorola moto g14 16,5 cm (6.5"") Double SIM Android 13 4G USB Type-C 8 Go 256 Go 5000 mAh Gris",0840023258565,256 GB,8 GB,Gris,139,bol.com,SMARTPHONE
Ulefone Armor 22 8 Go/256 Go All Black,Ulefone,,6937748735595,256 GB,8 GB,Noir,259,bol.com,SMARTPHONE
"Samsung Galaxy S24 FE 17 cm (6.7"") Dual SIM Android 14 5G USB Type-C 8 GB 256 GB 4700 mAh Graphite",Samsung,"Samsung Galaxy S24 FE 17 cm (6.7"") Dual SIM Android 14 5G USB Type-C 8 GB 256 GB 4700 mAh Graphite",SM-S721BZKGEUE,256 GB,8 MB,Graphite,659,bol.com,SMARTPHONE
SM-F731BZAGEUB,Samsung,"Samsung Galaxy Z Flip5 SM-F731B 17 cm (6.7"") Double SIM Android 13 5G USB Type-C 8 Go 256 Go 3700 mAh Graphite",SM-F731BZAGEUB,256 GB,8 GB,Graphite,762,bol.com,SMARTPHONE
Blackview BL9000 Pro 5G 12 Go/512 Go Or Gold,Blackview,,,512 GB,12 GB,Or,529,bol.com,SMARTPHONE
"Motorola moto g53 5G, 16,5 cm (6.5""), 4 Go, 128 Go, 50 MP, Android 13, Bleu",Motorola,"Motorola moto g53 5G 16,5 cm (6.5"") Double SIM hybride Android 13 USB Type-C 4 Go 128 Go 5000 mAh Bleu",PAWS0025SE,1 TB,4 GB,Bleu,149,bol.com,SMARTPHONE
"Motorola Moto G 72 16,6 cm (6.55"") Double SIM Android 12 4G USB Type-C 6 Go 128 Go 5000 mAh Gris",Motorola,Helio G99,PAVG0000SE,128 GB,6 GB,Gris,178,bol.com,SMARTPHONE
"Nothing Phone (1) 16,6 cm (6.55"") Double SIM 5G USB Type-C 8 Go 256 Go 4500 mAh Blanc",Nothing,778G Plus,A10400009,256 GB,8 MB,Blanc,259,bol.com,SMARTPHONE
Xiaomi Redmi Note 14 - 5G - 8Go/256Go - Violet Lavande,Xiaomi,XIREDNOT14-5G-PRP,Note 14 5G,256 GB,8 GB,Violet,284,bol.com,SMARTPHONE
"TCL 505 - 128 GB + 8 GB - 6,75 pouces - Grijs",TCL,TCL,T509K1-2ALCA112,128 GB,8 GB,Gris,104,bol.com,SMARTPHONE
"Samsung Galaxy SM-A057GLGV, 17 cm (6.7""), 4 Go, 128 Go, 50 MP, Android 13, Vert",Samsung,"Samsung Galaxy SM-A057GLGV 17 cm (6.7"") Double SIM Android 13 4G USB Type-C 4 Go 128 Go 5000 mAh Vert",SM-A057GLGVEUE,128 GB,4 GB,Vert,146,bol.com,SMARTPHONE
"ZTE Blade A31 Lite 12,7 cm (5"") Double SIM Android 11 4G Micro-USB 1 Go 32 Go 2000 mAh Gris",ZTE,A53,6359733,32 GB,1 GB,Gris,72,bol.com,SMARTPHONE
Hammer Iron Va 4G Dual Sim 6/64 Go Noir,HAMMER H,Fer Va 4G,TEL000914,64 GB,4 GB,Noir,172,bol.com,SMARTPHONE
Ulefone Armor 27 Pro 5G 12 Go/256 Go Noir,Ulefone,,6975326662840,256 GB,12 GB,Noir,359,bol.com,SMARTPHONE
"Smartphone Oppo Reno12 F 4G 6,7"" Qualcomm 8 GB GB Grijs",OPPO,Reno12F F,110010234213,256 GB,8 GB,Gris,199,bol.com,SMARTPHONE
Oppo Reno 11F 5G Dual SIM 8/256 Go Vert Palme,OPPO,,RENO 11F,256 GB,8 GB,Vert,299,bol.com,SMARTPHONE
Motorola edge 50 neo - 8Go/256Go - Beige,Motorola,"Motorola Edge 50 Neo 16,1 cm (6.36"") Dual SIM Android 14 5G USB Type-C 8 GB 256 GB 4310 mAh Crème",PB310046RO,256 GB,8 GB,Beige,325,bol.com,SMARTPHONE
Motorola moto e20 - 32Go - Gris,Motorola,T606,PASY0006SE,32 GB,2 GB,Gris,98,bol.com,SMARTPHONE
"Samsung Galaxy A7 (2018) SM-A750F 15,2 cm (6"") Double SIM Android 8.0 4G 4 Go 64 Go 3300 mAh Noir",Samsung,"Samsung Galaxy A7 (2018) SM-A750F 15,2 cm (6"") Double SIM Android 7.4.8 4G 4 Go 64 Go 3300 mAh Noir",SM-A750FZKUPHN,64 GB,4 GB,Noir,179,bol.com,SMARTPHONE
Hammer Construction 2 Thermal Military Edition 5G IP69 smartphone robuste 256 Go android 14 6500 mAh,Hammer,Construction 2 Thermique,TEL000984,256 GB,8 GB,Noir | Vert,619,bol.com,SMARTPHONE
Poco M6 Pro - 512 Go - Violet,Xiaomi,POCO M6 Pro,POCOM6PRO-512-PRP,512 GB,12 GB,Violet,289,bol.com,SMARTPHONE
Nokia C32 - 6/128 Go - Grijs,Nokia,Nokia C32,SP01Z01Z3798Y,128 GB,6 GB,Gris,186,bol.com,SMARTPHONE
Ulefone Armor X12 Pro 4 Go/64 Go Noir,Ulefone,,UF-AX12P/BK,64 GB,4 GB,Noir,159,bol.com,SMARTPHONE
Motorola Moto G54 5G - 4 Go de RAM - 128 Go de stockage Blauw nuit,Motorola,,,128 GB,4 GB,bleu,174,bol.com,SMARTPHONE
Samsung Galaxy A03 (2022) - 64Go -Noir,Samsung,UMS9230,SM-A035GZKGEUB,64 GB,4 GB,Noir,161,bol.com,SMARTPHONE
"OPPO A18 16,7 cm (6,56') Dual SIM Android 13 4G USB Type-C 4 GB 128 GB 5000 mAh Blauw",OPPO,,110010346553,128 GB,4 GB,Blu,139,bol.com,SMARTPHONE
"Blackview BV6200 Plus Android 14 Smartphone Plein air 24(8+16) GB+256 Go 11000mAh 6,56"" 4G Dual SIM 98dB Haut-parleur Ultra fort NFC GPS Zwart",Blackview,Plus,6931548319498,256 GB,8 GB,Noir,159,bol.com,SMARTPHONE
"Samsung Galaxy A35 5G 256 Go Awesome écran Super AMOLED Iceblue EU 16,83 cm (6,6""), Android 14, 5",Samsung,,SM-A356BLBGEUE,256 GB,8 GB,Bleu,339,bol.com,SMARTPHONE
Samsung Galaxy A32 4G - 128Go - Noir,Samsung,MT6769V/CT,SM-A325FZKGEUB,128 GB,4 GB,Noir,249,bol.com,SMARTPHONE
"Xiaomi Redmi Note 10 Pro 16,9 cm (6.67"") Double SIM Android 11 4G USB Type-C 6 Go 128 Go 5020 mAh Gris",Xiaomi,732G,MZB08KVEU,128 GB,6 GB,Gris,198,bol.com,SMARTPHONE
"OPPO Find X3 Lite 16,3 cm (6.43"") Double SIM ColorOS 11.1 5G USB Type-C 8 Go 128 Go 4300 mAh Noir",OPPO,765G,CPH2145SK,128 GB,8 GB,Noir,242,bol.com,SMARTPHONE
"Mini PC Blackview MP200 - Intel Core™ i9-11900H (jusqu'à 4,90 GHz) - 16 Go de RAM LPDDR4 1 To SSD ROM - Windows 11 Pro Zwart",Blackview,,6931548315001,1 TB,,Noir,429,bol.com,SMARTPHONE
"OPPO Reno 8 16,3 cm (6.4"") Double SIM Android 12 5G USB Type-C 8 Go 256 Go 4500 mAh Noir",OPPO,Dimensity 1300,CPH2359SK,256 GB,8 GB,Noir,269,bol.com,SMARTPHONE
Etui Swissvoice S510M Smartphone Senior - 4G+ - Bouton SOS - Android 12 - Whasapp - Avec étui nomade et cordon,Swissvoice,S510,S510,16 GB,2 GB,Noir,189,bol.com,SMARTPHONE
"Samsung Galaxy A33 5G SM-A336B 16,3 cm (6.4"") Double SIM hybride Android 12 USB Type-C 6 Go 128 Go 5000 mAh Blanc",Samsung,1280,SM-A336BZWGEUB,128 GB,6 GB,Blanc,269,bol.com,SMARTPHONE
Apple iPhone 15 - 256 Go - Rose,Apple,"Apple iPhone 15 15,5 cm (6.1"") Dual SIM iOS 17 5G USB Type-C GB Go Rose",MTP73RX/A,256 GB,6 GB,Rose,944,bol.com,SMARTPHONE
Beafon M7 Sénior Smartphone,Seniorstore,,,32 GB,3 GB,Noir,99,bol.com,SMARTPHONE
"6.1"", 1560 x 720, MediaTek 6762, 4Go RAM, 64Go ROM, 16MP+2MP+2MP, 4G, Wi-Fi, Bluetooth 5.2, NFC, IP54, 3000 mAh, Android 12",Doro,"Doro 8200 15,5 cm (6.1"") Android 12 4G USB Type-C 4 Go 64 Go 3000 mAh Noir",8415,64 GB,4 GB,Noir,296,bol.com,SMARTPHONE
"TCL 50SE - 256 GB + 12 GB - 6,78 pouces - Blauw",TCL,TCL,T611B1-2ALCA112,256 GB,12 GB,Bleu,168,bol.com,SMARTPHONE
"Apple iPhone 6s 11,9 cm (4.7"") SIM unique iOS 10 4G 32 Go Rose doré",Apple,A9,APP-IPHONE6S32RG4,32 GB,2 GB,Rose doré,199,bol.com,SMARTPHONE
"Beafon M6s 15,9 cm (6.26"") Double SIM Android 10.0 4G USB Type-C 3 Go 32 Go 4000 mAh Noir",Beafon,"Beafon M6s 15,9 cm (6.26"") Double SIM Android 10.0 4G USB Type-C 3 Go 32 Go 4000 mAh Noir",BEAFON M6S_EU001B,128 GB,3 GB,Noir,94,bol.com,SMARTPHONE
"Motorola Moto Edge 50 Fusion 5G, 12 Go/512 Go, rose",Motorola,,,512 GB,12 GB,Rose,332,bol.com,SMARTPHONE
Samsung - Galaxy M15 5G - 128 Go - bleu,Samsung,,SM-M156BDBUEUE,128 GB,4 GB,Bleu foncé,169,bol.com,SMARTPHONE
Blackview BV5300 Pro 4 Go/64 Go Noir,Blackview,,6931548311492,64 GB,4 GB,Noir,119,bol.com,SMARTPHONE
Realme GT 7 Pro 256 Grijs,Realme,,,256 GB,12 GB,Gris,849,bol.com,SMARTPHONE
"Smartphone Motorola Moto G04 6,56"" UNISOC T606 4 GB RAM 128 GB Zwart",Motorola,Moto G04,Moto G04,128 GB,4 GB,Noir,102,bol.com,SMARTPHONE
Hammer Construction 2 Thermal 5G smartphone robuste android 14 6500mAh,Hammer,Chantier 2,TEL000962,256 GB,8 GB,Noir | Orange,637,bol.com,SMARTPHONE
"Smartphone Oppo Reno12 F 4G 6,7"" Qualcomm 8 GB 256 GB Oranje",OPPO,Reno12F F,110010234214,256 GB,8 GB,Orange,199,bol.com,SMARTPHONE
"6.49"" FHD+ (1080x2400), 120Hz, Snapdragon 695 5G, 6Go RAM, 128Go ROM, 802.11 a/b/g/n/ac/ax, Bluetooth 5.1, 5G, Android 12",Nokia,"Nokia XR21 16,5 cm (6.49"") Double SIM Android 12 5G USB Type-C 6 Go 128 Go 4800 mAh Noir",VMA752K9FI1CN0,128 GB,6 GB,Noir,471,bol.com,SMARTPHONE
"Honor Handy 90, 17 cm (6.7""), 8 Go, 256 Go, 200 MP, Android 13, Noir",Honor,"Honor Handy 90 17 cm (6.7"") Double SIM Android 13 5G USB Type-C 8 Go 256 Go 5000 mAh Noir",5109ATQG,256 GB,8 GB,Noir,229,bol.com,SMARTPHONE
Motorola ThinkPhone 25 5G 8 Go/256 Go Noir carbone,Motorola,,PB5W0001SE,256 GB,8 GB,Noir,444,bol.com,SMARTPHONE
"Mini PC Blackview MP200 - Intel Core™ i9-11900H (jusqu'à 4,90 GHz) - 16 Go de RAM DDR4 512 Go de ROM SSD - Windows 11 Pro Zwart",Blackview,,6931548314981,512 GB,,Noir,389,bol.com,SMARTPHONE
"Huawei P8 Lite 2017 13,2 cm (5.2"") Double SIM Android 7.0 4G Micro-USB 3 Go 16 Go 3000 mAh Noir",Huawei,Kirin 655,HUA-ASCEND-P8L17BK4,16 GB,3 GB,Noir,69,bol.com,SMARTPHONE
Xiaomi 14T Pro - 12 Go de RAM - 512 Go - Zwart + Redmi Pad SE 8.7,Xiaomi,14t PRO,,512 GB,12 GB,Noir,799,bol.com,SMARTPHONE
"CAT S62 Pro 14,5 cm (5.7"") Double SIM Android 11 4G USB Type-C 6 Go 128 Go 4000 mAh Noir",Cat,660,CS62P-DAB-RON-ENBUB,128 GB,6 GB,Noir,538,bol.com,SMARTPHONE
Cubot King Kong Ace 2 - 128 Go - Zwart Oranje,Cubot,,,128 GB,6 GB,Orange noir,148,bol.com,SMARTPHONE
Samsung - Galaxy M15 5G - 128 Go - Grijs,Samsung,,SM-M156BZAUEUE,128 GB,4 GB,Gris,161,bol.com,SMARTPHONE
"6.67"", 2712 x 1220, Snapdragon 8s Gen 3, Octa-core, 8GB + 256GB, 50/8MP + 20MP, Wi-Fi, Bluetooth 5.4, 5000mAh, NFC, 179 g",Xiaomi,Xiaomi POCO F6,MZB0H9SEU,256 GB,8 GB,Noir,369,bol.com,SMARTPHONE
Oppo A60 4G Dual Sim 8/256 Go Violet Minuit,OPPO,,110010346626,256 GB,8 GB,Violet Minuit,169,bol.com,SMARTPHONE
"Samsung Galaxy S10 SM-G973F 15,5 cm (6.1"") Android 9.0 4G USB Type-C 8 Go 128 Go 3400 mAh Blanc",Samsung,"Samsung Galaxy S10 SM-G973F 15,5 cm (6.1"") Double SIM Android 9.0 4G USB Type-C 8 Go 128 Go 3400 mAh Blanc",SM-G973FZWDPHN,128 GB,8 GB,Blanc,329,bol.com,SMARTPHONE
"Apple iPhone 6s Plus 14 cm (5.5"") SIM unique iOS 10 4G 16 Go Gris",Apple,A9,APP-IPHONE6SP16GR3,16 GB,2 GB,Gris,239,bol.com,SMARTPHONE
Nokia 110 4G (TA-1543) Dual Sim Niebieski,Nokia,,,128 MB,128 GB,,79,bol.com,SMARTPHONE
"Blackview N1000 téléphone portable All-Net Smartphone extérieur 4GB 2.4 ""3300mAh Dual SIM 4G Zwart",Blackview,N1000,6931548317821,4 GB,1 GB,Noir,65,bol.com,SMARTPHONE
"OPPO A72 , 16,5 cm (6.5""), 2400 x 1080 pixels, 128 Go, 48 MP, Android 10.0, Noir",OPPO,"OPPO A72 16,5 cm (6.5"") Double SIM Android 10.0 4G USB Type-C 128 Go 5000 mAh Noir",6944284662490,128 GB,4 GB,Noir,165,bol.com,SMARTPHONE
Blackview BV9300 Pro 12 Go/256 Go Noir,Blackview,,,256 GB,12 GB,Noir,269,bol.com,SMARTPHONE
"Honor Magic6 Lite 5G, 17,2 cm (6.78""), 8 Go, 256 Go, 108 MP, Android 13, Vert",Honor,"Honor Magic6 Lite 5G 17,2 cm (6.78"") Double SIM Android 13 USB Type-C 8 Go 256 Go 5300 mAh Vert",5109AWVJ,256 GB,8 GB,Vert,259,bol.com,SMARTPHONE
Xiaomi 13T 5G 8Go/256Go Vert Prairie,Xiaomi,,MZB0EK1EU,256 GB,8 GB,vert prairie,358,bol.com,SMARTPHONE
Motorola Razr 40 5G 256 Go Violet,Motorola,,MC40A,256 GB,8 GB,Violet,534,bol.com,SMARTPHONE
"Apple iPhone 14 15,5 cm (6.1"") Double SIM iOS 16 5G 128 Go Blanc",Apple,A15,MPUR3SX/A,128 GB,6 GB,Blanc,698,bol.com,SMARTPHONE
"TCL 501 - 32 GB + 4 GB - 6,0 pouces - Zwart",TCL,TCL,T433D-2ALCA112,32 GB,2 GB,Noir,80,bol.com,SMARTPHONE
"Xiaomi Redmi Note 11 Pro 5G 16,9 cm (6.67"") Double SIM hybride Android 11 USB Type-C 6 Go 128 Go Bleu",Xiaomi,695 5G,MZB0AW3EU,128 GB,6 GB,Bleu,224,bol.com,SMARTPHONE
Smartphone Olympia NEO MINI,Olympia,,,16 GB,2 GB,Noir,99,bol.com,SMARTPHONE
Xiaomi Redmi 13C 5G 4Go/128Go Noir Starry,Xiaomi,"Xiaomi Redmi 13C 5G 17,1 cm (6.74"") Dual SIM Android 13 USB Type-C 4 GB 128 GB 5000 mAh Zwart",6941812776049,128 GB,4 MB,Noir,148,bol.com,SMARTPHONE
"Smartphone Samsung SM-A155FZKIEUE 6,5"" 8 GB RAM 256 GB Blauw Zwart",Samsung,SM-A155FZKIEUE,SM-A155FZKIEUE,256 GB,8 GB,Bleu,195,bol.com,SMARTPHONE
POCO X7 Pro 5G 12 Go/256 Zwart,Poco,,,256 GB,12 GB,Noir,419,bol.com,SMARTPHONE
"6.7” LTPO AMOLED, 2412x1080, 12GB RAM + 512GB, 32 MP, 5G, Bluetooth 5.3, Nothing OS 2.0",Nothing,"Nothing Phone (2) 17 cm (6.7"") Double SIM 5G USB Type-C 12 Go 512 Go 4700 mAh Blanc",A10400029,512 GB,12 GB,Blanc,851,bol.com,SMARTPHONE
Blackview A85 8 Go/128 Go Blue,Blackview,,,128 GB,8 GB,Bleu,99,bol.com,SMARTPHONE
"Samsung Galaxy A04s SM-A047F 16,5 cm (6.5"") Double SIM hybride Android 12 4G USB Type-C 3 Go 32 Go 5000 mAh Blanc",Samsung,850,SM-A047FZWUEUB,32 GB,3 GB,Blanc,144,bol.com,SMARTPHONE
OnePlus 10 Pro 5G - 128Go - Noir,OnePlus,8 Gen 1,5011101934,128 GB,8 GB,Noir,499,bol.com,SMARTPHONE
Oukitel C33 8Go/256Go Orange,Oukitel,,,256 GB,8 GB,Orange,99,bol.com,SMARTPHONE
"Motorola Moto E e32s 16,5 cm (6.5"") Double SIM Android 12 4G USB Type-C 4 Go 64 Go 5000 mAh Gris",Motorola,Helio G37,PATX0010SE,32 GB,3 GB,Gris,110,bol.com,SMARTPHONE
Blackview BV8100 8 Go/256 Go Vert,Blackview,,6931548317791,256 GB,8 GB,Vert,249,bol.com,SMARTPHONE
"Apple iPhone 7 11,9 cm (4.7"") SIM unique iOS 10 4G 2 Go 32 Go 1960 mAh Noir",Apple,A10,MN8X2ZD/A,32 GB,2 GB,Noir,238,bol.com,SMARTPHONE
"Blackview BV5200 15,5 cm (6.09"") Double SIM Android 12 4G USB Type-C 4 Go 32 Go 5180 mAh Noir, Orange",Blackview,Helio A22,BV5200ORANGE,32 GB,4 GB,Oranje,79,bol.com,SMARTPHONE
Honor - Magic V3 5G - 12/512 Go - Vert,Honor,"Honor Magic V3 16,3 cm (6.43"") Dual SIM MagicOS 8.0 5G USB Type-C 12 GB 512 GB 5150 mAh Vert",5109BJNK,512 GB,12 GB,Vert,1684,bol.com,SMARTPHONE
Honor 200 Pro - 12 Go de RAM - 512 Go,Honor,,5109BFSY,512 GB,12 GB,Noir,499,bol.com,SMARTPHONE
Honor Magic6 Pro 5G 512 Go vert,Honor,,5109BBVL,512 GB,12 GB,Vert,934,bol.com,SMARTPHONE
Blackview BV8900 8 Go/256 Go Noir,Blackview,,BV8900BK,256 GB,8 GB,Noir,249,bol.com,SMARTPHONE
"Xiaomi Mi 9T Pro 16,2 cm (6.39"") Double SIM Android 9.0 4G USB Type-C 6 Go 128 Go 4000 mAh Rouge",Xiaomi,855,MZB8019EU,128 GB,6 GB,Rouge,134,bol.com,SMARTPHONE
Motorola Moto G85 5G - 8 Go/256 Go - Blauw,Motorola,"Motorola Moto G 85 5G 16,9 cm (6.67"") Dual SIM hybride Android 14 USB Type-C 8 GB 256 GB 5000 mAh Blauw",MOTOG858256BLUE,256 GB,8 GB,Bleu,225,bol.com,SMARTPHONE
Xiaomi 13T Pro 5G Dual Sim 12/512 Blue,Xiaomi,"Xiaomi 13T Pro 16,9 cm (6.67"") Dual SIM Android 13 5G USB Type-C 12 GB 512 GB 5000 mAh Blauw",MZB0EJQEU,512 GB,12 GB,Bleu,444,bol.com,SMARTPHONE
"Samsung Galaxy Note9 SM-N960F 16,3 cm (6.4"") Double SIM Android 8.1 4G USB Type-C 6 Go 128 Go 4000 mAh Noir",Samsung,"Samsung Galaxy Note9 SM-N960F 16,3 cm (6.4"") Double SIM Android 8.1 4G USB Type-C 6 Go 128 Go 4000 mAh Noir",SM-N960FZKDPHN,128 GB,6 GB,Noir,299,bol.com,SMARTPHONE
Xiaomi Poco C75 8 Go 256 Go Vert,Xiaomi,,,256 GB,8 GB,Vert,139,bol.com,SMARTPHONE
"Smartphone Oppo Reno12 FS 6,7"" Qualcomm 8 GB GB Grijs",OPPO,Réno12 FS,110010234348,512 GB,8 GB,Gris,267,bol.com,SMARTPHONE
Sony Xperia 10 V - 128 Go - Noir,Sony,"Sony Xperia 10 V XQDC54C0B.EUK smartphone 15,5 cm (6.1"") Double SIM Android 13 5G USB Type-C 6 Go 128 Go 5000 mAh Noir",XQDC54C0B.EUK,128 GB,6 GB,Noir,438,bol.com,SMARTPHONE
"Doogee V40PRO NL – 6,78 pouces – Smartphone robuste avec puce 4 nm – 16 Go + 20 Go de RAM – 512 Go de ROM – 8680 mAh – Android 14.0 – Argent",DOOGEE,V40PRO,V40PRO,512 GB,36 GB,Argent noir,545,bol.com,SMARTPHONE
Blackview A52 Pro 6 Go/128 Go Vitality Vert,Blackview,,6931548314806,128 GB,6 GB,Vert,105,bol.com,SMARTPHONE
OnePlus Nord 4 5G - 512 Go - Vert,OnePlus,,6921815627401,512 GB,16 GB,Vert,539,bol.com,SMARTPHONE
"Xiaomi Redmi 13C, 17,1 cm (6.74""), 8 Go, 256 Go, 50 MP, Android 13, Noir",Xiaomi,"Xiaomi Redmi 13C 17,1 cm (6.74"") Double SIM Android 13 4G USB Type-C 8 Go 256 Go 5000 mAh Noir",MZB0FTSEU,256 GB,8 GB,Noir,148,bol.com,SMARTPHONE
"Sony Xperia 5 V , 15,5 cm (6.1""), 8 Go, 128 Go, 52 MP, Android 13, Argent",Sony,"Sony Xperia 5 V 15,5 cm (6.1"") Double SIM Android 13 5G USB Type-C 8 Go 128 Go 5000 mAh Argent",XQDE54C0S.EUK,128 GB,8 GB,Argent,999,bol.com,SMARTPHONE
Apple iPhone 15 -128 Go - Rose,Apple,"Apple iPhone 15 15,5 cm (6.1"") Dual SIM iOS 17 5G USB Type-C GB Go Rose",MTP13RX/A,128 GB,6 GB,Rose,815,bol.com,SMARTPHONE
"Samsung Galaxy S8+ SM-G955F 15,8 cm (6.2"") SIM unique Android 7.0 4G USB Type-C 4 Go 64 Go 3500 mAh Noir",Samsung,"Samsung Galaxy S8+ SM-G955F 15,8 cm (6.2"") SIM unique Android 7.0 4G USB Type-C 4 Go 64 Go 3500 mAh Noir",SAM-G955F64BK4,64 GB,4 GB,Noir,299,bol.com,SMARTPHONE
Nokia X10 5G - 128Go - Forest Green,Nokia,480,101SCALTH018,128 GB,4 GB,Vert,499,bol.com,SMARTPHONE
POCO X6 PRO 5G 12/512GB GRIS,Poco,Xiaomi X6 Pro,,512 GB,12 GB,Gris,369,bol.com,SMARTPHONE
"Apple iPhone 14 Plus 17 cm (6.7"") Double SIM iOS 16 5G 512 Go Rouge",Apple,A15,MQ5F3QN/A,512 GB,6 GB,Rouge,822,bol.com,SMARTPHONE
Hammer H - Energy X - téléphone de chantier - Android 12 - e-SIM - noir/orange,HAMMER H,Hammer Énergie X,5902983621959,64 GB,4 GB,Noir | Orange,221,bol.com,SMARTPHONE
"Samsung Galaxy Z Fold5 SM-F946B, 19,3 cm (7.6""), 12 Go, 256 Go, 50 MP, Android 13, Bleu",Samsung,"Samsung Galaxy Z Fold5 SM-F946B 19,3 cm (7.6"") Double SIM Android 13 5G USB Type-C 12 Go 256 Go 4400 mAh Bleu",SM-F946BLBBEUE,256 GB,12 GB,Bleu,1109,bol.com,SMARTPHONE
"Samsung Galaxy Note10 SM-N970F 16 cm (6.3"") Double SIM Android 9.0 4G USB Type-C 8 Go 256 Go 3500 mAh Noir",Samsung,"Samsung Galaxy Note10 SM-N970F 16 cm (6.3"") Double SIM Android 9.0 4G USB Type-C 8 Go 256 Go 3500 mAh Noir",SM-N970FZKDPHN,256 GB,8 GB,Noir,549,bol.com,SMARTPHONE
"Qualcomm® Snapdragon™ 665, OCTO-CORE (4xA53 @1,8GHz + 4xA73 @2GHz), 6 Go / 128 Go, Tiroir triple : 2 SIM + 1 micro SD, Nano SIM, Bluetooth 5.0,",Crosscall,"Crosscall CORE-X5 13,8 cm (5.45"") Double SIM 4G USB Type-C 6 Go 128 Go 4940 mAh Noir",1001012501116,128 GB,6 GB,Noir,469,bol.com,SMARTPHONE
Samsung Galaxy M35 5G 128 Go Dual SIM (M356),Samsung,,SM-M356BZABEUE,128 GB,6 GB,,212,bol.com,SMARTPHONE
Honor 90 5G 8 Go/256 Go Vert Emerald,Honor,"Honor 90 5G 17 cm (6.7"") Dual SIM Android 13 USB Type-C 8 GB 256 GB 5000 mAh Vert",5109ATQJ,256 GB,8 MB,Vert émeraude,229,bol.com,SMARTPHONE
motorola moto g35 5G - 8/128 Go - Vert feuille,Motorola,"Motorola Moto G35 5G 17,1 cm (6.72"") Dual SIM Android 14 USB Type-C 4 GB 128 GB 5000 mAh Vert",PB3K0000SE,128 GB,4 GB,Vert,164,bol.com,SMARTPHONE
"Ulefone Armor X3, 14 cm (5.5""), 2 Go, 32 Go, 8 MP, Android 9.0, Noir",Ulefone,"Ulefone Armor X3 14 cm (5.5"") Double SIM Android 9.0 3G Micro-USB 2 Go 32 Go 5000 mAh Noir",UF-X3/BK,32 GB,2 GB,Noir,88,bol.com,SMARTPHONE
POCO C75 - 256 Go - Noir,Poco,,MZB0HSJEU,256 GB,8 GB,Noir,152,bol.com,SMARTPHONE
"Apple iPhone 13 15,5 cm (6.1"") Double SIM iOS 15 5G 128 Go Rose",Apple,A15,MLPH3B/A,128 GB,4 GB,Rose,749,bol.com,SMARTPHONE
"Samsung Galaxy J3 SM-J320F, 12,7 cm (5""), 1,5 Go, 8 Go, 8 MP, Android 5.1.1, Blanc",Samsung,"Samsung Galaxy J3 SM-J320F 12,7 cm (5"") Android 5.1.1 4G Micro-USB 1,5 Go 8 Go 2600 mAh Blanc",SM-J320FZWNPHN,8 GB,1.5 GB,Blanc,139,bol.com,SMARTPHONE
"Sony Xperia 1 VI 5G, 16,5 cm (6.5""), 12 Go, 256 Go, 52 MP, Android 14, Platine, Argent",Sony,"Sony Xperia 1 VI 5G 16,5 cm (6.5"") Double SIM Android 14 USB Type-C 12 Go 256 Go 5000 mAh Platine, Argent",XQEC54EUKCS.GC,256 GB,12 GB,Platine;Argent,1299,bol.com,SMARTPHONE
"6.7"", 1344 x 2992, Google Tensor G3, 12Go RAM, 512Go ROM, 50MP+48MP+48MP/10.5MP, 5G, Dual SIM, Wi-Fi 7, Bluetooth 5.3, NFC, 5050 mAh, Noir Volcanique",Google,"Google Pixel 8 Pro 17 cm (6.7"") Double SIM 5G USB Type-C 12 Go 512 Go 5050 mAh Noir",GA04921-GB,512 GB,12 GB,Noir,958,bol.com,SMARTPHONE
Xiaomi 14T 5G Dual Sim 12/512 Go Gris Titan,Xiaomi,,6941812787168,512 GB,12 GB,Gris,498,bol.com,SMARTPHONE
Blackview N6000 8 Go/256 Go Vert,Blackview,,6931548313489,256 GB,8 GB,Vert,179,bol.com,SMARTPHONE
"Samsung Galaxy Z Fold3 5G 19,3 cm (7.6"") Double SIM Android 11 USB Type-C 12 Go 256 Go 4400 mAh Argent",Samsung,888,F928256S,256 GB,12 GB,Argent,749,bol.com,SMARTPHONE
Realme GT 6 512 Go vert,Realme,,6941764433960,512 GB,16 GB,Vert,519,bol.com,SMARTPHONE
Honor Magic V2 5G 16 Go/512 Go Noir,Honor,,5109AYGY,512 GB,16 GB,Noir,994,bol.com,SMARTPHONE
"Motorola Edge 30 fusion 16,6 cm (6.55"") Double SIM Android 12 5G USB Type-C 8 Go 128 Go 4400 mAh Gris",Motorola,888+,PAUN0011IT,128 GB,8 GB,Gris,127,bol.com,SMARTPHONE
Smartphone Plein air Crosscall Core -M5 64 Go - sans chargeur,Crosscall,"Crosscall CORE-M5 12,6 cm (4.95"") Dual SIM hybride 4G USB Type-C 4 GB 64 GB 4000 mAh Zwart",1001012701335,64 GB,4 GB,Noir,219,bol.com,SMARTPHONE
Motorola Moto G85 5G - 8Go/256Go - Grijs,Motorola,,0840023276057,256 GB,8 GB,Gris,225,bol.com,SMARTPHONE
Blackview A55 Pro 4 Go/64 Go Noir,Blackview,,,64 GB,4 GB,Noir,99,bol.com,SMARTPHONE
"Samsung Galaxy A22 5G SM-A226B 16,8 cm (6.6"") Dual SIM USB Type-C 4 GB 64 GB 5000 mAh Grijs",Samsung,"Samsung Galaxy A22 5G SM-A226B 16,8 cm (6.6"") Dual SIM USB Type-C 4 GB 64 GB 5000 mAh Grijs",SM-A226BZAUEUE,64 GB,4 MB,Gris,162,bol.com,SMARTPHONE
"Doro 8100 15,5 cm (6.1"") Double SIM Android 11 Go Edition 4G USB Type-C 2 Go 32 Go 3000 mAh Gris",Doro,"Doro 8100 15,5 cm (6.1"") SIM unique Android 11 Go Edition 4G USB Type-C 2 Go 32 Go 3000 mAh Gris",8176,32 GB,2 GB,Gris,,bol.com,SMARTPHONE
Redmi Note 13 4G 8 Go RAM 256 Go ROM - Vert Menthe,Xiaomi,,MZB0G6JEU,256 GB,8 GB,Menta,181,bol.com,SMARTPHONE
Ulefone Power Armor 18T Ultra 5G 12 Go/512 Go Noir,Ulefone,,6937748735748,512 GB,12 GB,Noir,635,bol.com,SMARTPHONE
Samsung Galaxy A05 - 6/128 Go - Zwart,Samsung,SM-A055F/DS,,128 GB,6 GB,Noir,155,bol.com,SMARTPHONE
"Doogee S200 NL – 6,72 pouces – Smartphone robuste – 12 Go + 20 Go de RAM – 256 Go de ROM – 10100 mAh – Android 14.0 – Grijs",DOOGEE,S200NL,S200NL,256 GB,32 GB,Gris,349,bol.com,SMARTPHONE
"OPPO Reno 8 Lite 16,3 cm (6.43"") Double SIM Android 11 5G USB Type-C 8 Go 128 Go 4500 mAh Noir",OPPO,695 5G,CPH2343CK,128 GB,8 GB,Noir,217,bol.com,SMARTPHONE
Apple iPhone 15 - 256 Go - Zwart,Apple,"Apple iPhone 15 15,5 cm (6.1"") Dual SIM iOS 17 5G USB Type-C GB Zwart",MTP63HX/A,256 GB,6 GB,Noir,944,bol.com,SMARTPHONE
"Smartphone Motorola Moto G04 6,56"" UNISOC T606 4 GB RAM 128 GB Blauw",Motorola,Moto G04,Moto G04,128 GB,4 GB,Bleu,102,bol.com,SMARTPHONE
"Ulefone Armor X31 Pro, 8+8 Go/ GB, Orange",Ulefone,Armure X31 Pro,Armor X31 pro,256 GB,16 GB,noir / orange,270,bol.com,SMARTPHONE
"Xiaomi Redmi Note 12 Pro, 16,9 cm (6.67""), 6 Go, 128 Go, 108 MP, Android 11, Gris",Xiaomi,"Xiaomi Redmi Note 12 Pro 16,9 cm (6.67"") Double SIM hybride Android 11 4G USB Type-C 6 Go 128 Go 5000 mAh Gris",6941812701652,128 GB,6 GB,Gris,191,bol.com,SMARTPHONE
"Apple iPhone X 14,7 cm (5.8"") SIM unique iOS 11 4G 256 Go Argent",Apple,A11,APP-IPHONE-X256SL3,256 GB,3 GB,Argent,499,bol.com,SMARTPHONE
Ulefone Armor 25T Pro 5G 6 Go/256 Go Noir,Ulefone,,6937748736127,256 GB,6 GB,Noir,399,bol.com,SMARTPHONE
Blackview Hero 10 12 Go/256 Go Sakura Violet,Blackview,,,256 GB,12 GB,Pourpre,454,bol.com,SMARTPHONE
Realme C61 - 6 Go/128 Go - Or scintillant,Realme,C61,,128 GB,6 GB,Or,134,bol.com,SMARTPHONE
Blackview N2000 Smartphone Pliable 1500mAh Dual SIM 4G Zwart,Blackview,N2000,6931548317968,128 MB,48 MB,Noir,55,bol.com,SMARTPHONE
"Xiaomi 12T Pro 16,9 cm (6.67"") Double SIM Android 12 5G USB Type-C 8 Go 256 Go 5000 mAh Noir",Xiaomi,8+ Gen 1,MZB0CC1EU,256 GB,8 GB,Noir,444,bol.com,SMARTPHONE
"Samsung Galaxy XCover 4S SM-G398F 12,7 cm (5"") Double SIM 4G USB Type-C 3 Go 32 Go 2800 mAh Noir",Samsung,"T-Mobile Galaxy XCover 4s Enterprise Edition 12,7 cm (5"") Double SIM Android 9.0 4G USB Type-C 3 Go 32 Go 2800 mAh Noir",SM-G398FZKDE32,32 GB,3 GB,Noir,263,bol.com,SMARTPHONE
ZTE Blade A55 - GB - Starry étoilé,ZTE,"ZTE Blade A55 17,1 cm (6.75"") Dual SIM Android 14 4G USB Type-C 8 GB 64 GB 5000 mAh Zwart",123441801018,128 GB,4 GB,Noir Starry,84,bol.com,SMARTPHONE
Ulefone Armor 21 8Go/256Go Noir,Ulefone,,6937748735366,256 GB,8 GB,Noir,274,bol.com,SMARTPHONE
"Smartphone Motorola Edge 50 Neo 5G 6,36"" 12 GB RAM 512 GB Grijs",Motorola,Edge 50 Neo 5G,Edge 50 Neo 5G,512 GB,12 GB,Gris,503,bol.com,SMARTPHONE
"Sony Xperia 1 16,5 cm (6.5"") Double SIM Android 9.0 4G USB Type-C 6 Go 128 Go 3330 mAh Noir",Sony,855,SON-J9110-128BK0,128 GB,6 GB,Noir,329,bol.com,SMARTPHONE
"Samsung Galaxy SM-G525F 13,5 cm (5.3"") Double SIM 4G USB Type-C 4 Go 64 Go 3000 mAh Noir",Samsung,850,8806092173149,64 GB,4 GB,Noir,324,bol.com,SMARTPHONE
"OPPO A77 5G 16,7 cm (6.56"") Double SIM Android 12 USB Type-C 6 Go 128 Go 5000 mAh Noir",OPPO,Dimensity 810,CPH2339MK,128 GB,8 GB,Noir,199,bol.com,SMARTPHONE
"Sony Xperia 10 IV 15,2 cm (6"") Double SIM Android 12 5G USB Type-C 6 Go 128 Go 5000 mAh Noir",Sony,695 5G,XQCC54C0B.EEAC,128 GB,6 GB,Noir,315,bol.com,SMARTPHONE
"Xiaomi Redmi 9AT 16,6 cm (6.53"") Double SIM 4G Micro-USB 2 Go 32 Go 5000 mAh Gris",Xiaomi,Helio G25,MZB9972EU_BLACK,32 GB,2 GB,Gris,93,bol.com,SMARTPHONE
Google Pixel 9 Pro XL - 512 Go - Zwart,Google,Pixel 9 Pro XL,GA05986-GB,512 GB,16 GB,Noir,1253,bol.com,SMARTPHONE
"Xiaomi Redmi A1 16,6 cm (6.52"") Double SIM Android 12 Go Edition 4G Micro-USB 2 Go 32 Go 5000 mAh Noir",Xiaomi,Helio A22,MZB0CGGEU,32 GB,2 GB,Noir,92,bol.com,SMARTPHONE
"Blackview WAVE 8 Smartphone Android 14 -12(4+8) GB+256 Go 6,56 pouces 90 Hz 4G Dual SIM Débloqué 5000 mAh/10 W GPS - Violet",Blackview,VAGUE8 (4+256),6931548318996,256 GB,4 GB,Violet,109,bol.com,SMARTPHONE
"Samsung Galaxy Note10+ SM-N975F 17,3 cm (6.8"") Double SIM hybride Android 9.0 4G USB Type-C 12 Go 256 Go 4300 mAh Noir",Samsung,"Samsung Galaxy Note10+ SM-N975F 17,3 cm (6.8"") Double SIM hybride Android 9.0 4G USB Type-C 12 Go 256 Go 4300 mAh Noir",SM-N975FZKDPHN,256 GB,12 GB,Noir,699,bol.com,SMARTPHONE
"OPPO Reno 6 16,3 cm (6.43"") Double SIM ColorOS 11.3 5G USB Type-C 8 Go 128 Go 4300 mAh Bleu",OPPO,Dimensity 900,CPH2251AE,128 GB,8 GB,Bleu,218,bol.com,SMARTPHONE
"OnePlus 6, 15,9 cm (6.28""), 1080 x 2220 pixels, 8 Go, 256 Go, 16 MP, Noir",OnePlus,"OnePlus 6 15,9 cm (6.28"") Double SIM 4G USB Type-C 8 Go 256 Go 3400 mAh Noir",5011100388,256 GB,8 MB,Noir,174,bol.com,SMARTPHONE
"Samsung Galaxy S22 SM-S901B 15,5 cm (6.1"") Double SIM Android 12 5G USB Type-C 8 Go 128 Go 3700 mAh Noir",Samsung,2200,n.v.t,128 GB,8 GB,Noir,538,bol.com,SMARTPHONE
Motorola edge 50 - 12Go/512Go - Vert,Motorola,"Motorola Edge 50 16,9 cm (6.67"") Dual SIM Android 14 5G USB Type-C 12 GB 512 GB 5000 mAh Vert",PB2U0001SE,512 GB,12 GB,Vert,428,bol.com,SMARTPHONE
"Xiaomi Redmi Note 12 Pro+ 5G, 16,9 cm (6.67""), 8 Go, 256 Go, 200 MP, Android 12, Noir",Xiaomi,"Xiaomi Redmi Note 12 Pro+ 5G 16,9 cm (6.67"") Double SIM Android 12 USB Type-C 8 Go 256 Go 5000 mAh Noir",MZB0DE7EU,256 GB,8 GB,Noir,259,bol.com,SMARTPHONE
Hammer Blade V 5G Dual Sim 8/256 Go Noir,Hammer,,,256 GB,8 GB,Noir,374,bol.com,SMARTPHONE
"Xiaomi Redmi Note 12S, 16,3 cm (6.43""), 8 Go, 256 Go, 108 MP, Android 13, Noir",Xiaomi,"Xiaomi Redmi Note 12S 16,3 cm (6.43"") Double SIM Android 13 4G USB Type-C 8 Go 256 Go 5000 mAh Noir",2303CRA44A,256 GB,8 GB,Noir,169,bol.com,SMARTPHONE
Google Pixel 9 Pro XL - 128 Go - Zwart,Google,Pixel 9 Pro XL,GA05360-GB,128 GB,16 GB,Noir,969,bol.com,SMARTPHONE
"Apple iPhone 6s 11,9 cm (4.7"") SIM unique iOS 10 4G 32 Go Or",Apple,A9,APP-IPHONE6S32GD3,32 GB,2 GB,Or,199,bol.com,SMARTPHONE
"Motorola Moto G34, 256 Go Zwart",Motorola,,785655,256 GB,8 GB,Noir,152,bol.com,SMARTPHONE
"Huawei Mate 10 Pro 15,2 cm (6"") Double SIM Android 8.0 4G USB Type-C 6 Go 128 Go 4000 mAh Gris",Huawei,Kirin 970,HUA-MT10P128GR4,64 GB,4 GB,Gris,864,bol.com,SMARTPHONE
Blackview A52 Pro 4 Go/128 Go Bleu Blue,Blackview,,6931548314776,128 GB,4 GB,Bleu,99,bol.com,SMARTPHONE
"Honor 200 Smart 17,3 cm (6.8"") Dual SIM Android 14 5G USB Type-C 4 GB 256 GB 5200 mAh Zwart",Honor,"Honor 200 Smart 17,3 cm (6.8"") Dual SIM Android 14 5G USB Type-C 4 GB 256 GB 5200 mAh Zwart",5109BJQG,256 GB,4 GB,Noir,185,bol.com,SMARTPHONE
"Xiaomi Redmi Note 13 Pro+ 5G, 16,9 cm (6.67""), 2712 x 1220 pixels, 8 GB, 256 GB, 200 MP, Zwart",Xiaomi,"Xiaomi Redmi Note 13 Pro+ 5G 16,9 cm (6.67"") Dual SIM USB Type-C 8 GB 256 GB 5000 mAh Zwart",6941812750742,256 GB,8 GB,Noir,350,bol.com,SMARTPHONE
"Doogee V-Max Plus NL – 6,58 pouces – Smartphone robuste – 5G – 16 Go + 20 Go de RAM – 512 Go de ROM – 200MP AI – 22000 mAh – Android 14.0 – Zwart",DOOGEE,V-max plus,VMAXPLUS,512 GB,16 GB,Noir,539,bol.com,SMARTPHONE
"Note 17 Pro Ulefone - Simlock Free - Smartphone - Écran AMOLED 6,78 - Zwart",Ulefone,,‎V70-SA,256 GB,24 GB,Noir,225,bol.com,SMARTPHONE
"Samsung Galaxy S20 FE SM-G780G 16,5 cm (6.5"") Double SIM 4G USB Type-C 6 Go 128 Go 4500 mAh Rouge",Samsung,865,SM-G780FZRDEUB,128 GB,6 GB,Rouge,429,bol.com,SMARTPHONE
POCO C65 - 6Go/128Go - Zwart,Poco,Xiaomi C65,,128 GB,6 GB,Noir,121,bol.com,SMARTPHONE
Logicom - Ezy - Smartphone - 4G - 2 Go QuadCore - 16 Go - Android 14 GO - 5 pouces - Zwart - double SIM,Logicom,Ézy,Ezy,16 GB,2 GB,Noir,64,bol.com,SMARTPHONE
"Honor X8boost, 17 cm (6.7""), 8 Go, 256 Go, 108 MP, Android 13, Noir",Honor,"Honor X8boost 17 cm (6.7"") Double SIM Android 13 4G USB Type-C 8 Go 256 Go 4500 mAh Noir",LLY-LX1,256 GB,8 GB,Noir,179,bol.com,SMARTPHONE
"Xiaomi Redmi Note 12 Pro 5G, 16,9 cm (6.67""), 6 Go, 128 Go, 50 MP, Android 12, Noir",Xiaomi,"Xiaomi Redmi Note 12 Pro 5G 16,9 cm (6.67"") Double SIM Android 12 USB Type-C 6 Go 128 Go 5000 mAh Noir",MZB0D2YEU,128 GB,6 GB,Noir,239,bol.com,SMARTPHONE
"Wind Tre OPPO Reno 6 Pro 16,5 cm (6.5"") Double SIM Android 11 5G USB Type-C 12 Go 256 Go 4500 mAh Gris",OPPO,870,8032325322477,256 GB,12 GB,Gris,203,bol.com,SMARTPHONE
Honor - 200 Lite 5G - 256 Go - Noir minuit,Honor,,5109BEBY,256 GB,8 GB,Noir,189,bol.com,SMARTPHONE
"OnePlus 11 5G, 17 cm (6.7""), 8 Go, 128 Go, 50 MP, Android 13, Noir",OnePlus,"OnePlus 11 5G 17 cm (6.7"") Double SIM Android 13 USB Type-C 8 Go 128 Go 5000 mAh Noir",5011102199,128 GB,8 GB,Noir,599,bol.com,SMARTPHONE
ZTE Blade V70 Vita - GB - Gris Storm,ZTE,ZTE Blade V70 Vita,,256 GB,4 GB,Gris Storm,139,bol.com,SMARTPHONE
Galaxy Z Flip5 (Couleurs exclusives),Samsung,"Samsung Galaxy Z Flip5 SM-F731B 17 cm (6.7"") Double SIM Android 13 5G USB Type-C 8 Go 512 Go 3700 mAh Vert",SM-F731BZGHEUB,512 GB,8 GB,Vert,749,bol.com,SMARTPHONE
"Apple iPhone 13 Pro 15,5 cm (6.1"") Double SIM iOS 15 5G 128 Go Bleu",Apple,A15,MLVD3F/A,128 GB,6 GB,Bleu,999,bol.com,SMARTPHONE
"Apple iPhone 11 Pro Max 16,5 cm (6.5"") Double SIM iOS 13 4G 64 Go Vert",Apple,A13,APP-IPHONE11PM-64GN4,64 GB,6 GB,Vert,648,bol.com,SMARTPHONE
"Xiaomi POCO F2 Pro 16,9 cm (6.67"") Double SIM Android 10.0 5G USB Type-C 6 Go 128 Go 4700 mAh Gris",Xiaomi,865,MZB9491EU,128 GB,6 GB,Gris,135,bol.com,SMARTPHONE
"Motorola Edge 30 16,6 cm (6.55"") Double SIM Android 12 5G USB Type-C 8 Go 128 Go 4020 mAh Vert",Motorola,778G Plus,PAUC0051IT,128 GB,8 GB,Vert,217,bol.com,SMARTPHONE
Realme GT 7 Pro 512 Grijs,Realme,,,512 GB,12 GB,Gris,887,bol.com,SMARTPHONE
"Xiaomi Redmi 12, 17,2 cm (6.79""), 8 Go, 256 Go, 50 MP, Android 13, Noir",Xiaomi,"Xiaomi Redmi 12 17,2 cm (6.79"") Double SIM hybride Android 13 4G USB Type-C 8 Go 256 Go 5000 mAh Noir",MZBOESLEU,256 GB,8 GB,Noir,163,bol.com,SMARTPHONE
Mini téléphone portable de seulement 8 x 4 CM - Super petit smartphone - Mobile - USB - Bluetooth - Android 6.0 - Dual Sim - Double caméra - Téléphone portable Soyes P40,soyes,P40,-,1 GB,1 GB,Noir,114,bol.com,SMARTPHONE
"Xiaomi Redmi 10 5G 17,4 cm (6.85"") Double SIM Android 12 USB Type-C 4 Go 128 Go 5000 mAh Gris",Xiaomi,Dimensity 700,MZB0BDLEU,128 GB,4 GB,Gris,129,bol.com,SMARTPHONE
"Hammer Construction 2 5G Édition militaire 5G 6,58"" 128 Go Android 14 6 500 mAh",Hammer,Chantier 2,TEL000984,128 GB,6 GB,Vert | Noir,419,bol.com,SMARTPHONE
"ASUS ZenFone 10, 15 cm (5.9""), 8 Go, 256 Go, 50 MP, Android 13, Noir",ASUS,"ASUS ZenFone 10 15 cm (5.9"") Double SIM Android 13 5G USB Type-C 8 Go 256 Go 4300 mAh Noir",90AI00M1-M00090,256 GB,8 MB,Noir,825,bol.com,SMARTPHONE
"OPPO Find X5 , 16,6 cm (6.55""), 8 Go, 256 Go, 50 MP, Android 12, Blanc",OPPO,"OPPO Find X5 16,6 cm (6.55"") Double SIM Android 12 5G USB Type-C 8 Go 256 Go 4800 mAh Blanc",6932169303118,256 GB,8 GB,Blanc,337,bol.com,SMARTPHONE
Apple iPhone 15 - 256 Go - Vert,Apple,"Apple iPhone 15 15,5 cm (6.1"") Dual SIM iOS 17 5G USB Type-C GB Go Vert",MTPA3HX/A,256 GB,6 GB,Vert,944,bol.com,SMARTPHONE
Realme C75 - 8 Go/128 Go - Noir Storm,Realme,C75,,128 GB,8 GB,Noir,194,bol.com,SMARTPHONE
"Smartphone Motorola 6,43"" 8 GB RAM 256 GB Lilas",Motorola,58596,58596,256 GB,8 GB,Violet,142,bol.com,SMARTPHONE
SM-F946BZKBEUB,Samsung,"Samsung Galaxy Z Fold5 SM-F946B 19,3 cm (7.6"") Double SIM Android 13 5G USB Type-C 12 Go 256 Go 4400 mAh Noir",SM-F946BZKBEUB,256 GB,12 GB,Noir,1165,bol.com,SMARTPHONE
"Apple iPhone 13 Pro 15,5 cm (6.1"") Double SIM iOS 15 5G 512 Go Graphite",Apple,A15,MLVH3F/A,512 GB,6 GB,Grijs,616,bol.com,SMARTPHONE
SimPhone 5 - Smartphone pour seniors,SimPC,SimPhone 5,SM-A047FZKUEUB,32 GB,3 GB,Noir,299,bol.com,SMARTPHONE
"6.74"" 1600 x 720, MediaTek Helio G85, 8 GB + 256 GB, 50/2MP + 8MP, Bluetooth 5.3, Wi-Fi, 4G, 5000 mAh, NFC, MIUI 14",Xiaomi,Xiaomi POCO C65,6941812753040,256 GB,8 GB,Noir,142,bol.com,SMARTPHONE
"Xiaomi Mi 9 lite 16,2 cm (6.39"") Double SIM Android 9.0 4G USB Type-C 6 Go 128 Go 4030 mAh Bleu",Xiaomi,710,MZB8171EU,128 GB,6 GB,Bleu,110,bol.com,SMARTPHONE
"Apple iPhone 8 11,9 cm (4.7"") SIM unique iOS 11 4G 256 Go Gris",Apple,A11,APP-IPHONE8-256GR3,256 GB,2 GB,Gris,499,bol.com,SMARTPHONE
ATL1427448 SWISSVOICE S510-M SMARTPHONE SENIOR PLUS BRACELET SOS,Swissvoice,,S501,16GB,,Argent / noir,199,bol.com,SMARTPHONE
Xiaomi 14T 5G 12 Go/256 Go Vert Citron,Xiaomi,"Xiaomi 14 T 16,9 cm (6.67"") Dual SIM 5G 12 GB 256 GB 5000 mAh Vert",XIA14T12256GR,256 GB,12 GB,Vert,483,bol.com,SMARTPHONE
"Smartphone HAMMER Blade 4 noir, batterie 6150mAh - Android 12",HAMMER H,,TEL000864,128 GB,6 GB,Noir,213,bol.com,SMARTPHONE
Realme 12 Pro 5G 8 Go/256 Go Blue sous-marin,Realme,"realme 12 Pro 17 cm (6.7"") Dual SIM Android 14 5G USB Type-C 8 GB 256 GB 5000 mAh Blauw",6941764422490,256 GB,8 GB,Bleu,359,bol.com,SMARTPHONE
"6.67"", 2712 x 1220, Snapdragon 8s Gen 3, Octa-core, 12GB + 512GB, 50/8MP + 20MP, Wi-Fi, Bluetooth 5.4, 5000mAh, NFC, 179 g",Xiaomi,Xiaomi POCO F6,MZB0H9NEU,512 GB,12 GB,Noir,399,bol.com,SMARTPHONE
"ASUS ROG Phone 6 AI2201-1A013EU 17,2 cm (6.78"") Double SIM Android 12 5G USB Type-C 16 Go 512 Go 6000 mAh Noir",ASUS,8+ Gen 1,90AI00B5-M000Y0,512 GB,16 GB,Noir,1229,bol.com,SMARTPHONE
"Hot Pepper K82A - Smartphone Haut de Gamme - Écran Incurvé - 256Go - 8Go - Processeur Octa Core - 5000 MAh - 6,67 pouces - Amoled",Hot Pepper,K82A,,256 GB,8 GB,Bleu,195,bol.com,SMARTPHONE
Xiaomi Redmi 14C - 6 Go - 128 Go - Noir Zwart,Xiaomi,,,128 GB,6 GB,Noir,139,bol.com,SMARTPHONE
OPPO A79 5G Noir Mystère - 4 Go + 128 Go - version NLBE,OPPO,OPPO A79,CPH2557,128 GB,4 GB,Noir,186,bol.com,SMARTPHONE
Ulefone Armor 26 Ultra 5G 12 Go/512 Go Noir,Ulefone,,6937748736097,512 GB,12 GB,Noir,589,bol.com,SMARTPHONE
"Samsung Galaxy SM-G977B 17 cm (6.7"") 5G USB Type-C 8 Go 256 Go 4500 mAh Noir",Samsung,"Samsung Galaxy S10 5G SM-G977B 17 cm (6.7"") USB Type-C 8 Go 256 Go 4500 mAh Noir",8801643972882,256 GB,8 GB,Noir,399,bol.com,SMARTPHONE
Smartfon ULEFONE Power Armor 16S 8/128GB 5.93' Pomarańczowy UF-PA16S OE,Ulefone,Armure 15S,6937748736066,128 GB,8 GB,Noir avec orange,199,bol.com,SMARTPHONE
"Huawei P20 Lite 14,8 cm (5.84"") Double SIM hybride Android 8.0 4G USB Type-C 4 Go 64 Go 3000 mAh Noir",Huawei,Kirin 659,HUA-P20LBK4,64 GB,4 GB,Noir,,bol.com,SMARTPHONE
Syco RS-404 4G smartphone robuste IP69K 64 Go de stockage batterie 4860 mAh,Syco,RS404,RS404,64 GB,4 GB,Noir,198,bol.com,SMARTPHONE
"Smartphone Kruger & Matz LIVE 12 6,74"" 256 GB - 5G Android 14 - Avec étui et protecteur d'écran - Batterie 5000 mAh - Zwart",Kruger & Matz,,,256 GB,8 GB,Noir,169,bol.com,SMARTPHONE
"Nothing Phone (1), 16,6 cm (6.55""), 2400 x 1080 pixels, 12 Go, 256 Go, 50 MP, Blanc",Nothing,"Nothing Phone (1) 16,6 cm (6.55"") Double SIM 5G USB Type-C 12 Go 256 Go 4500 mAh Blanc",A10400010,256 GB,8 GB,Blanc,289,bol.com,SMARTPHONE
Talkie-walkie Ulefone Armor 26 Ultra 5G 12 Go/512 Go Noir,Ulefone,,6937748736226,512 GB,12 GB,Noir,669,bol.com,SMARTPHONE
"Nokia XR20 16,9 cm (6.67"") Double SIM Android 11 5G USB Type-C 6 Go 128 Go 4630 mAh Noir",Nokia,480,VMA750Y9FI1CN0,128 GB,6 GB,Noir,359,bol.com,SMARTPHONE
"Samsung Galaxy S10+ SM-G975F 16,3 cm (6.4"") Android 9.0 4G USB Type-C 8 Go 512 Go 4100 mAh Blanc",Samsung,"Samsung Galaxy S10+ SM-G975F 16,3 cm (6.4"") Android 9.0 4G USB Type-C 8 Go 512 Go 4100 mAh Blanc",SM-G975FCWGPHN,512 GB,8 GB,Blanc,499,bol.com,SMARTPHONE
Realme C51 6 Go/256 Go Noir Carbone,Realme,c51,6941764426054,256 GB,6 GB,Noir,133,bol.com,SMARTPHONE
"Nokia G11 Plus Smartphone 32 16,5 cm (6,5 pouces) Gris Serrure hybride Android™ 12",Nokia,,286753471,32 GB,8 GB,gris,139,bol.com,SMARTPHONE
"Smartphone Honor X6B 6,56"" MediaTek Helio G85 4 GB RAM 128 GB Zwart",Honor,X6B,X6B,128 GB,4 GB,Noir,109,bol.com,SMARTPHONE
Realme 12x 5G -8 Go/256 Go - Noir brillant,Realme,12x5G,6941764431041,256 GB,8 GB,Noir,178,bol.com,SMARTPHONE
LG V40 ThinQ,LG,,,128 GB,6 GB,BLEU,412,bol.com,SMARTPHONE
"Huawei P9 lite 13,2 cm (5.2"") Double SIM Android 6.0 4G Micro-USB 2 Go 16 Go 3000 mAh Noir",Huawei,Kirin 650,HUA-P9LBK3,16 GB,2 GB,Noir,139,bol.com,SMARTPHONE
Google Pixel Fold 512 Go,Google,,GA04411-US,256 GB,12 GB,Obsidian(noire),1179,bol.com,SMARTPHONE
"6,67"" pOLED Endless Edge, 20:9, Super HD+ (2 712 x 1 220 px), Snapdragon 7 Gen 1 Accelerated Edition, 12/512 Go, 50 MP + 13 MP + 10 MP/32 MP, Bluetooth 5.2, 802.11 a/b/g/n/ac /ax, 5G, USB Type-C, NFC, Android 14",Motorola,"Motorola Edge 50 16,9 cm (6.67"") Dual SIM Android 14 5G USB Type-C 12 GB 512 GB 5000 mAh Grijs",PB2U0000SE,512 GB,12 GB,Gris,439,bol.com,SMARTPHONE
"Apple iPhone XS 14,7 cm (5.8"") Double SIM iOS 12 4G 64 Go Gris",Apple,A12,APP-XS64GR3,64 GB,4 GB,Gris,489,bol.com,SMARTPHONE
"Blackview BV5300Plus 8 Go + 128 Go Smartphone Plein air Plein air sans contrat avec batterie 6580 mAh, 6,1"" HD+ Android 13, 4G Dual SIM, NFC/ GPS / OTG / IP69K Zwart",Blackview,BV5300 Plus(8+128),6931548318545,128 GB,8 GB,Noir,129,bol.com,SMARTPHONE
"Apple iPhone 14 15,5 cm (6.1"") Double SIM iOS 16 5G 128 Go Rouge",Apple,A15,MPVA3QL/A,128 GB,6 GB,Rouge,692,bol.com,SMARTPHONE
"VIVO X60 Pro 16,7 cm (6.56"") ColorOS 11.1 5G USB Type-C 12 Go 256 Go 4200 mAh Noir",Vivo,870,VIVOX60PROBLK,256 GB,12 GB,Noir,470,bol.com,SMARTPHONE
"realme C 53, 17,1 cm (6.74""), 8 Go, 256 Go, 50 MP, Android 13, Noir",Realme,"realme C 53 17,1 cm (6.74"") Double SIM hybride Android 13 4G USB Type-C 8 Go 256 Go 5000 mAh Noir",6941764421448,256 GB,8 GB,Noir,155,bol.com,SMARTPHONE
Smartphone Realme NOTE 50 4-128 BL Octa Core 4 GB RAM 128 GB Blauw,Realme,REMARQUE 50 4-128 BL,NOTE 50 4-128 BL,128 GB,4 GB,Bleu,118,bol.com,SMARTPHONE
Smartphone HAMMER Blade 4 noir avec la Hammer Smartwatch plus,HAMMER H,,,128 GB,6 GB,Noir,309,bol.com,SMARTPHONE
"Samsung Galaxy A23 5G SM-A236BZKUEEB 16,8 cm (6.6"") Dual SIM USB Type-C 4 GB 128 GB 5000 mAh Zwart",Samsung,"Samsung Galaxy A23 5G SM-A236BZKUEEB 16,8 cm (6.6"") Dual SIM USB Type-C 4 GB 128 GB 5000 mAh Zwart",SM-A236BZKVEEE,128 GB,4 GB,Noir,239,bol.com,SMARTPHONE
Fossibot F106 Pro 8 Go/256 Go Gris,FOSSiBOT,,Fossibot-F106PRO,256 GB,8 GB,Gris,249,bol.com,SMARTPHONE
Medj - Mini smartphone - téléphone portable - super petit - petit - 4G - Le plus rapide - mini - téléphone portable - android 10,medj,2024,,64 GB,16 GB,Noir,139,bol.com,SMARTPHONE
POCO C65 8/256 Go Niebieski,Xiaomi,,MZB0FO2EU,256 GB,8 GB,,144,bol.com,SMARTPHONE
"OPPO A94 5G 16,3 cm (6.43"") Double SIM ColorOS 11.1 USB Type-C 8 Go 128 Go 4310 mAh Noir",OPPO,Dimensity 800U,CPH2211FK,128 GB,8 GB,Noir,320,bol.com,SMARTPHONE
"Nokia X30 5G 16,3 cm (6.43"") Double SIM Android 12 USB Type-C 6 Go 128 Go Blanc",Nokia,695 5G,VMA751X9FI1SK0,128 GB,6 GB,Blanc,549,bol.com,SMARTPHONE
Oscal Tiger 12 12 Go/256 Go Violet,Oscal,Tiger 12,,256 GB,12 GB,Violet,162,bol.com,SMARTPHONE
"Samsung Galaxy A35 5G 256 Go Awesome Lemon EU Écran Super AMOLED 16,83 cm (6,6""), Android 14, triple caméra 50MP",Samsung,,SM-A356BZYGEUE,256 GB,8 GB,Citron,327,bol.com,SMARTPHONE
Energizer Sénior Smartphone U608S Ultimate,Energizer,U608S,,16 GB,2 GB,Noir,79,bol.com,SMARTPHONE
"OnePlus 6T 16,3 cm (6.41"") Double SIM Oxygen OS 4G USB Type-C 8 Go 256 Go 3700 mAh Noir",OnePlus,845,6921815606291,256 GB,8 GB,Noir,669,bol.com,SMARTPHONE
"OnePlus 10T 17 cm (6.7"") Double SIM Android 12 5G USB Type-C 8 Go 128 Go 4800 mAh Noir",OnePlus,8+ Gen 1,5011102095,128 GB,8 GB,Noir,418,bol.com,SMARTPHONE
"Sony Xperia XA Ultra 15,2 cm (6"") Android 6.0 4G Micro-USB 3 Go 16 Go 2700 mAh Noir, Graphite",Sony,MT6755,1303-7156,16 GB,3 GB,Noir;Graphite,149,bol.com,SMARTPHONE
"Doogee S40 Pro 13,8 cm (5.45"") Double SIM Android 10.0 4G Micro-USB 4 Go 64 Go 4650 mAh Noir",DOOGEE,Helio A25,-,64 GB,4 GB,Noir,149,bol.com,SMARTPHONE
OnePlus Nord CE 4 Lite 5G - 256 Go - Argent,OnePlus,,,256 GB,8 GB,Argent,301,bol.com,SMARTPHONE
"OnePlus Nord 16,4 cm (6.44"") Double SIM Oxygen OS 5G USB Type-C 8 Go 128 Go 4115 mAh Noir",OnePlus,765G,5011101198,128 GB,8 GB,Noir,189,bol.com,SMARTPHONE
Ulefone Armor X13 6 Go/64 Go Noir,Ulefone,,6937748735472,64 GB,6 GB,Noir,167,bol.com,SMARTPHONE
"Motorola moto g⁶ play 14,5 cm (5.7"") Double SIM Android 8.0 4G Micro-USB 3 Go 32 Go 4000 mAh Indigo",Motorola,430,4699850,32 GB,3 GB,Indigo,135,bol.com,SMARTPHONE
"Samsung Galaxy S20 5G SM-G981B 15,8 cm (6.2"") Double SIM Android 10.0 USB Type-C 12 Go 128 Go 4000 mAh Gris",Samsung,990,SAM-G981-128GR3,128 GB,12 GB,Gris,549,bol.com,SMARTPHONE
"Huawei Mate 10 Lite 15 cm (5.9"") Double SIM Android 7.0 4G Micro-USB B 4 Go 64 Go 3340 mAh Noir",Huawei,Kirin 659,4457404,64 GB,4 GB,Noir,168,bol.com,SMARTPHONE
"Motorola Edge 30 , 16,6 cm (6.55""), 8 Go, 256 Go, 50 MP, Android 12, Gris",Motorola,"Motorola Edge 30 16,6 cm (6.55"") Double SIM Android 12 5G USB Type-C 8 Go 256 Go 4020 mAh Gris",XT2203-1,256 GB,8 GB,Gris,258,bol.com,SMARTPHONE
Xiaomi Redmi Note 13 Pro 5G Dual Sim 12/512 Go Aurora Aurore,Xiaomi,,MZB0FEREU,512 GB,12 GB,aurore violette,409,bol.com,SMARTPHONE
Ulefone Note 18 Ultra 5G 6 Go/256 Go White clair de lune,Ulefone,,6937748736165,256 GB,6 GB,Blanc,204,bol.com,SMARTPHONE
Samsung Galaxy A3 (2016) - SM-A310F - smartphone - 4G LTE - 16 Go - microSDXC slot - GSM - 4.7 - 1 280 x 720 pixels - Super AMOLED - 13 MP (caméra avant 5 MP) - Android - noir,Samsung,"Samsung Galaxy A3 (2016) SM-A310F 11,9 cm (4.7"") SIM unique Android 5.1 4G Micro-USB 1,5 Go 16 Go 2300 mAh Noir",SM-A310FZKALUX,16 GB,1.5 GB,Noir,169,bol.com,SMARTPHONE
"Samsung Galaxy A5 (2016) SM-A510F 13,2 cm (5.2"") SIM unique Android 5.1 4G Micro-USB 2 Go 16 Go 2900 mAh Or",Samsung,"Samsung Galaxy A5 (2016) SM-A510F 13,2 cm (5.2"") SIM unique Android 5.1 4G Micro-USB 2 Go 16 Go 2900 mAh Or",SM-A510FZDALUX,16 GB,2 GB,Or,179,bol.com,SMARTPHONE
"Apple iPhone 6s 11,9 cm (4.7"") SIM unique iOS 10 4G 32 Go Gris",Apple,A9,APP-IPHONE6S32GR3,32 GB,2 GB,Gris,199,bol.com,SMARTPHONE
Doro 8100 4G Simple Senior Smartphone + Smartwatch (Zwart) - Coffret cadeau,Doro,8100 Bundle Noir,8382,32 GB,2 GB,Noir,259,bol.com,SMARTPHONE
Blackview BV8200 Smartphone Plein air 36(12+24) GB+ 256 Go Android 14 6.5 4G Dual SIM NFC 50MP + 32MP caméra NFC GPS Zwart,Blackview,BV8200,6931548319238,256 GB,12 GB,Noir,259,bol.com,SMARTPHONE
"Samsung Galaxy S20 15,8 cm (6.2"") Double SIM Android 10.0 4G USB Type-C 8 Go 128 Go 4000 mAh Gris",Samsung,990,SM-G980FZADEUE,128 GB,8 GB,Gris,449,bol.com,SMARTPHONE
"OPPO Find X5 16,6 cm (6.55"") Double SIM Android 12 5G USB Type-C 8 Go 256 Go 4800 mAh Noir",OPPO,888,CH2307SK,256 GB,12 GB,Noir,299,bol.com,SMARTPHONE
"Samsung Galaxy Note10 Lite SM-N770F 17 cm (6.7"") Android 10.0 4G USB Type-C 128 Go 4500 mAh Noir",Samsung,9810,SM-N770FZKDPHN,128 GB,6 GB,Noir,479,bol.com,SMARTPHONE
Syco RS-442 4G smartphone robuste IP69K 128 Go de stockage batterie 7500 mAh,Syco,RS442,RS442,128 GB,8 GB,Noir,247,bol.com,SMARTPHONE
"Honor X7boost, 17,3 cm (6.8""), 6 Go, 128 Go, 108 MP, Android 13, Noir",Honor,"Honor X7boost 17,3 cm (6.8"") Double SIM Android 13 4G USB Type-C 6 Go 128 Go 5330 mAh Noir",5109AXWC,128 GB,6 GB,Noir,149,bol.com,SMARTPHONE
"Apple iPhone 5c 10,2 cm (4"") SIM unique iOS 7 4G 16 Go Blanc",Apple,A6,ME499DN,16 GB,1 GB,Blanc,179,bol.com,SMARTPHONE
"CAT S42 H+ 14 cm (5.5"") Double SIM hybride Android 10.0 4G Micro-USB 3 Go 32 Go 4200 mAh Noir",Cat,Helio A20,CS42H-DAB-RON-NN,1000 GB,3 GB,Noir,380,bol.com,SMARTPHONE
"Xiaomi Redmi 9A 16,6 cm (6.53"") Double SIM 4G Micro-USB 2 Go 32 Go 5000 mAh Bleu",Xiaomi,Helio G25,29234,32 GB,2 GB,Bleu,99,bol.com,SMARTPHONE
Xiaomi Redmi Note 13 5G - 6Go/128Go - Blauw Sarcelle Ocean,Xiaomi,Xiaomi Redmi Note 13 5G,MZB0FPGEU,128 GB,6 GB,Bleu,200,bol.com,SMARTPHONE
Sony Xperia 1V - 256 Go - Argent,Sony,Sony Xperia 1 V,XQDQ54C0S.EUK,256 GB,12 GB,Argent,1299,bol.com,SMARTPHONE
"Ulefone Armor 15 13,8 cm (5.45"") Double SIM Android 12 4G USB Type-C 6 Go 128 Go 6600 mAh Noir",Ulefone,Helio G35,ULEAR15B,128 GB,6 GB,Noir,219,bol.com,SMARTPHONE
Realme GT 6T 5G - 256 Go - Argent,Realme,,6941764435216,256 GB,8 GB,Argent,359,bol.com,SMARTPHONE
"OPPO Reno Reno4 5G 16,3 cm (6.4"") Double SIM ColorOS 7.2 USB Type-C 8 Go 128 Go 4020 mAh Bleu",OPPO,765G,CPH2091GE,128 GB,8 GB,Bleu,319,bol.com,SMARTPHONE
"Smartphone Motorola G84 5G 6,5"" 8 GB RAM 256 GB Rouge",Motorola,G84 5G,PAYM0044SE,256 GB,8 GB,Rouge,202,bol.com,SMARTPHONE
Medj-mini smartphone-téléphone portable-super petit-petit-4G-le plus rapide-mini-téléphone mobile- android 10,'merkloos'',medj,24323523522,2 GB,2000 MB,Noir,129,bol.com,SMARTPHONE
"CAT S52 14,3 cm (5.65"") Double SIM Android 9.0 4G USB Type-C 4 Go 64 Go 3100 mAh Noir",Cat,Helio P35,CS52-DAB-ROE-EN,64 GB,4 GB,Noir,270,bol.com,SMARTPHONE
"Samsung Galaxy Z Flip3 5G SM-F711B 17 cm (6.7"") Double SIM Android 11 USB Type-C 8 Go 256 Go 3300 mAh Noir",Samsung,888,SM-F711BZKFEUA,256 GB,8 MB,Noir,486,bol.com,SMARTPHONE
OPPO A40 - 128 Go - Zwart,OPPO,"OPPO A40 16,9 cm (6.67"") Dual SIM Android 14 4G USB Type-C 6 GB 128 GB 5100 mAh Zwart",110010347163,128 GB,6 GB,Noir,152,bol.com,SMARTPHONE
"Xiaomi 12 Pro 17,1 cm (6.73"") Double SIM Android 12 5G USB Type-C 12 Go 256 Go 4600 mAh Gris",Xiaomi,8 Gen 1,MZB0AEKEU,256 GB,12 GB,Gris,449,bol.com,SMARTPHONE
"Motorola RAZR 40 Ultra, 17,5 cm (6.9""), 8 Go, 256 Go, 12 MP, Android 13, Noir",Motorola,"Motorola RAZR 40 Ultra 17,5 cm (6.9"") Double SIM Android 13 5G USB Type-C 8 Go 256 Go 3800 mAh Noir",PAX40000SE,256 GB,8 GB,Noir,659,bol.com,SMARTPHONE
"Apple iPhone 7 Plus 14 cm (5.5"") SIM unique iOS 10 4G 3 Go 32 Go 2900 mAh Argent",Apple,A10,APP-IPHONE7P-32SL4,32 GB,3 GB,Argent,269,bol.com,SMARTPHONE
"Nothing Phone (1) 16,6 cm (6.55"") Double SIM 5G USB Type-C 12 Go 256 Go 4500 mAh Noir",Nothing,"Nothing Phone (1) 16,6 cm (6.55"") Double SIM 5G USB Type-C 12 Go 256 Go 4500 mAh Noir",A10400008,256 GB,12 GB,Noir,299,bol.com,SMARTPHONE
"Xiaomi Redmi A2, 16,6 cm (6.52""), 2 Go, 32 Go, 8 MP, Android 13 Go edition, Bleu clair",Xiaomi,"Xiaomi Redmi A2 16,6 cm (6.52"") Double SIM Android 13 Go edition 4G Micro-USB 2 Go 32 Go 5000 mAh Bleu clair",MZB0DWLEU,32 GB,2 GB,Bleu clair,99,bol.com,SMARTPHONE
Motorola Moto G85 5G 12 Go/256 Go Vert olive,Motorola,"Motorola moto g85 5G 16,9 cm (6.67"") Dual SIM Android 14 USB Type-C 12 GB 256 GB 5000 mAh Vert",PB2A0004SE,256 GB,12 GB,Vert,265,bol.com,SMARTPHONE
Oppo Reno 5Z - 128 Go - Blauw,OPPO,,6944284681729,128 GB,8 GB,Bleu,205,bol.com,SMARTPHONE
Oukitel WP30 Pro 5G 12 Go/512 Go Noir,Oukitel,Oukitel WP30 Pro 5G,6931940776585,512 GB,12 GB,Noir,539,bol.com,SMARTPHONE
"Blackview GBV72006128BK, 15,5 cm (6.1""), 6 Go, 128 Go, 12 MP, Android 12, Noir",Blackview,"Blackview GBV72006128BK smartphone 15,5 cm (6.1"") Double SIM Android 12 4G USB Type-C 6 Go 128 Go 5180 mAh Noir",GBV72006128BK,128 GB,8 GB,Noir,119,bol.com,SMARTPHONE
"realme C61, 256 GB, vert",Realme,"realme C61 17,1 cm (6.74"") Dual SIM Android 14 4G USB Type-C 6 GB 256 GB 5000 mAh Vert",631011003018,256 GB,6 GB,Vert,134,bol.com,SMARTPHONE
"Xiaomi 12X 15,9 cm (6.28"") Double SIM Android 11 5G USB Type-C 8 Go 256 Go 4500 mAh Gris",Xiaomi,870,MZB0ABEEU,256 GB,8 GB,Gris,306,bol.com,SMARTPHONE
Hammer Construction 2 5G IP69 smartphone robuste android 14 6500mAh,Hammer,Chantier 2,TEL000966,128 GB,6 GB,Noir | Gris,399,bol.com,SMARTPHONE
"Motorola Moto G 54 5G 16,5 cm (6,5') Dual SIM Android 13 USB Type-C 12 GB 256 GB 5000 mAh Blauw",Motorola,,PAYT0058SE,256 GB,12 GB,Blu,197,bol.com,SMARTPHONE
"Télécommande Smart pour vidéo et musique avec anneau Bluetooth, contrôle Tik tok.",Sans marque,,TZ230204080,0 GB,0 GB,Noir,36,bol.com,SMARTPHONE
Smartphone Crosscall STELLAR- X5 - 128 Go - Zwart,Crosscall,Crosscall X5,1001050701311,128 GB,8 GB,Noir,675,bol.com,SMARTPHONE
"AGM H6, 16,7 cm (6.56""), 8 GB, 256 GB, 50 MP, Android 13, Zwart",AGM,"AGM H6 EU001B smartphone 16,7 cm (6.56"") Hybride Dual SIM Android 13 4G USB Type-C GB 256 GB 4900 mAh Zwart",AGM H6 EU001B,256 GB,8 GB,Noir,263,bol.com,SMARTPHONE
"Samsung Galaxy M23 5G SM-M236B, 16,8 cm (6.6""), 1080 x 2408 pixels, 4 Go, 128 Go, 50 MP, Vert",Samsung,"Samsung Galaxy M23 5G SM-M236B 16,8 cm (6.6"") SIM unique USB Type-C 4 Go 128 Go 5000 mAh Vert",SM-M236B/DS,128 GB,4 GB,Vert,229,bol.com,SMARTPHONE
"Xiaomi Redmi 12, 17,2 cm (6.79""), 4 Go, 128 Go, 50 MP, Android 13, Bleu",Xiaomi,"Xiaomi Redmi 12 17,2 cm (6.79"") Double SIM hybride Android 13 4G USB Type-C 4 Go 128 Go 5000 mAh Bleu",MZB0CYEU,128 GB,4 GB,Bleu,139,bol.com,SMARTPHONE
